game_id,inning,half_inning,outs,balls,strikes,home_score,away_score,score_differential,blue_jays_won
778556,1,top,1,3,3,0,0,0,0
778556,1,top,1,2,1,0,1,-1,0
778556,1,top,1,1,1,0,1,-1,0
778556,1,top,3,0,1,0,1,-1,0
778556,1,bottom,1,1,2,0,1,-1,0
778556,1,bottom,2,1,3,0,1,-1,0
778556,1,bottom,3,2,2,0,1,-1,0
778556,2,top,0,4,2,0,1,-1,0
778556,2,top,0,0,1,0,1,-1,0
778556,2,top,0,0,1,0,2,-2,0
778556,2,top,2,3,1,0,2,-2,0
778556,2,top,3,0,3,0,2,-2,0
778556,2,bottom,1,2,2,0,2,-2,0
778556,2,bottom,2,1,0,0,2,-2,0
778556,2,bottom,3,2,3,0,2,-2,0
778556,3,top,0,4,2,0,2,-2,0
778556,3,top,0,1,2,0,2,-2,0
778556,3,top,1,0,3,0,2,-2,0
778556,3,top,2,0,1,0,2,-2,0
778556,3,top,2,2,1,0,5,-5,0
778556,3,top,3,1,2,0,5,-5,0
778556,3,bottom,1,0,1,0,5,-5,0
778556,3,bottom,2,1,1,0,5,-5,0
778556,3,bottom,3,2,1,0,5,-5,0
778556,4,top,0,0,0,0,6,-6,0
778556,4,top,1,1,2,0,6,-6,0
778556,4,top,2,1,2,0,6,-6,0
778556,4,top,3,0,0,0,6,-6,0
778556,4,bottom,1,3,2,0,6,-6,0
778556,4,bottom,1,4,2,0,6,-6,0
778556,4,bottom,2,0,1,0,6,-6,0
778556,4,bottom,2,1,1,2,6,-4,0
778556,4,bottom,3,1,1,2,6,-4,0
778556,5,top,1,3,3,2,6,-4,0
778556,5,top,2,0,0,2,6,-4,0
778556,5,top,2,2,2,2,6,-4,0
778556,5,top,2,1,2,2,6,-4,0
778556,5,top,3,2,3,2,6,-4,0
778556,5,bottom,1,0,0,2,6,-4,0
778556,5,bottom,2,2,2,2,6,-4,0
778556,5,bottom,3,0,0,2,6,-4,0
778556,6,top,1,0,2,2,6,-4,0
778556,6,top,1,4,2,2,6,-4,0
778556,6,top,2,2,3,2,6,-4,0
778556,6,top,2,3,2,2,6,-4,0
778556,6,top,3,2,2,2,6,-4,0
778556,6,bottom,0,3,1,2,6,-4,0
778556,6,bottom,1,0,1,2,6,-4,0
778556,6,bottom,2,2,0,2,6,-4,0
778556,6,bottom,3,1,2,2,6,-4,0
778556,7,top,0,4,2,2,6,-4,0
778556,7,top,1,1,1,2,6,-4,0
778556,7,top,1,1,1,2,6,-4,0
778556,7,top,2,3,1,2,6,-4,0
778556,7,top,2,1,2,2,9,-7,0
778556,7,top,3,1,3,2,9,-7,0
778556,7,bottom,0,4,2,2,9,-7,0
778556,7,bottom,2,0,1,2,9,-7,0
778556,7,bottom,2,4,1,2,9,-7,0
778556,7,bottom,2,1,2,2,9,-7,0
778556,7,bottom,3,3,1,2,9,-7,0
778556,8,top,0,3,2,2,9,-7,0
778556,8,top,1,2,2,2,9,-7,0
778556,8,top,1,2,2,2,11,-9,0
778556,8,top,1,0,2,2,12,-10,0
778556,8,top,2,1,0,2,12,-10,0
778556,8,top,2,4,2,2,12,-10,0
778556,8,top,3,3,3,2,12,-10,0
778556,8,bottom,0,4,1,2,12,-10,0
778556,8,bottom,2,0,0,2,12,-10,0
778556,8,bottom,2,4,1,2,12,-10,0
778556,8,bottom,3,0,0,2,12,-10,0
778556,9,top,1,2,2,2,12,-10,0
778556,9,top,2,0,0,2,12,-10,0
778556,9,top,3,2,2,2,12,-10,0
778556,9,bottom,1,1,2,2,12,-10,0
778556,9,bottom,2,2,2,2,12,-10,0
778556,9,bottom,3,1,3,2,12,-10,0
778549,1,top,1,3,2,0,0,0,1
778549,1,top,2,2,2,0,0,0,1
778549,1,top,3,2,2,0,0,0,1
778549,1,bottom,1,2,1,0,0,0,1
778549,1,bottom,1,1,0,0,0,0,1
778549,1,bottom,1,1,2,0,0,0,1
778549,1,bottom,2,2,3,0,0,0,1
778549,1,bottom,3,3,3,0,0,0,1
778549,2,top,1,1,2,0,0,0,1
778549,2,top,2,1,1,0,0,0,1
778549,2,top,3,1,3,0,0,0,1
778549,2,bottom,1,0,0,0,0,0,1
778549,2,bottom,1,1,1,0,0,0,1
778549,2,bottom,2,3,3,0,0,0,1
778549,2,bottom,3,1,2,0,0,0,1
778549,3,top,1,1,2,0,0,0,1
778549,3,top,1,2,0,0,1,-1,1
778549,3,top,2,0,2,0,1,-1,1
778549,3,top,3,3,2,0,1,-1,1
778549,3,bottom,1,3,2,0,1,-1,1
778549,3,bottom,1,3,1,0,1,-1,1
778549,3,bottom,2,3,0,0,1,-1,1
778549,3,bottom,3,1,1,0,1,-1,1
778549,4,top,0,4,2,0,1,-1,1
778549,4,top,1,3,3,0,1,-1,1
778549,4,top,1,0,2,0,1,-1,1
778549,4,top,2,0,1,0,2,-2,1
778549,4,top,3,1,1,0,2,-2,1
778549,4,bottom,0,0,2,0,2,-2,1
778549,4,bottom,0,2,2,0,2,-2,1
778549,4,bottom,0,1,2,0,2,-2,1
778549,4,bottom,0,4,2,1,2,-1,1
778549,4,bottom,1,1,1,2,2,0,1
778549,4,bottom,1,2,2,3,2,1,1
778549,4,bottom,2,0,1,4,2,2,1
778549,4,bottom,2,1,2,5,2,3,1
778549,4,bottom,3,2,1,5,2,3,1
778549,5,top,1,1,2,5,2,3,1
778549,5,top,1,0,2,5,2,3,1
778549,5,top,2,0,3,5,2,3,1
778549,5,top,3,2,3,5,2,3,1
778549,5,bottom,1,0,0,5,2,3,1
778549,5,bottom,1,1,2,5,2,3,1
778549,5,bottom,3,3,3,5,2,3,1
778549,6,top,1,0,0,5,2,3,1
778549,6,top,2,2,2,5,2,3,1
778549,6,top,3,1,2,5,2,3,1
778549,6,bottom,0,1,1,5,2,3,1
778549,6,bottom,1,0,0,5,2,3,1
778549,6,bottom,1,1,0,6,2,4,1
778549,6,bottom,3,3,3,6,2,4,1
778549,7,top,1,1,1,6,2,4,1
778549,7,top,2,3,3,6,2,4,1
778549,7,top,3,0,2,6,2,4,1
778549,7,bottom,0,4,0,6,2,4,1
778549,7,bottom,0,2,2,6,2,4,1
778549,7,bottom,1,0,1,6,2,4,1
778549,7,bottom,2,1,3,6,2,4,1
778549,7,bottom,2,1,2,8,2,6,1
778549,7,bottom,2,4,2,8,2,6,1
778549,7,bottom,3,0,2,8,2,6,1
778549,8,top,1,2,3,8,2,6,1
778549,8,top,2,0,3,8,2,6,1
778549,8,top,3,2,3,8,2,6,1
778549,8,bottom,0,3,2,8,2,6,1
778549,8,bottom,1,1,3,8,2,6,1
778549,8,bottom,2,1,3,8,2,6,1
778549,8,bottom,3,0,3,8,2,6,1
778549,9,top,0,4,0,8,2,6,1
778549,9,top,1,0,1,8,2,6,1
778549,9,top,1,4,0,8,2,6,1
778549,9,top,2,1,2,8,2,6,1
778549,9,top,2,4,0,8,2,6,1
778549,9,top,3,0,3,8,2,6,1
778536,1,top,0,1,0,0,1,-1,0
778536,1,top,1,0,1,0,1,-1,0
778536,1,top,2,2,2,0,1,-1,0
778536,1,top,2,0,1,0,2,-2,0
778536,1,top,3,1,2,0,2,-2,0
778536,1,bottom,0,1,2,0,2,-2,0
778536,1,bottom,0,1,2,0,2,-2,0
778536,1,bottom,0,2,2,1,2,-1,0
778536,1,bottom,1,0,1,1,2,-1,0
778536,1,bottom,2,0,0,2,2,0,0
778536,1,bottom,3,0,3,2,2,0,0
778536,2,top,1,0,0,2,2,0,0
778536,2,top,2,3,3,2,2,0,0
778536,2,top,3,3,2,2,2,0,0
778536,2,bottom,1,3,2,2,2,0,0
778536,2,bottom,2,0,0,2,2,0,0
778536,2,bottom,3,0,1,2,2,0,0
778536,3,top,1,3,2,2,2,0,0
778536,3,top,2,2,2,2,2,0,0
778536,3,top,3,2,2,2,2,0,0
778536,3,bottom,0,4,1,2,2,0,0
778536,3,bottom,1,0,3,2,2,0,0
778536,3,bottom,2,1,3,2,2,0,0
778536,3,bottom,2,0,1,4,2,2,0
778536,3,bottom,3,0,0,4,2,2,0
778536,4,top,0,0,1,4,2,2,0
778536,4,top,1,2,3,4,2,2,0
778536,4,top,1,1,0,4,2,2,0
778536,4,top,1,2,1,4,2,2,0
778536,4,top,2,0,1,4,3,1,0
778536,4,top,2,4,0,4,3,1,0
778536,4,top,2,0,2,4,6,-2,0
778536,4,top,3,1,3,4,6,-2,0
778536,4,bottom,1,1,0,4,6,-2,0
778536,4,bottom,2,0,3,4,6,-2,0
778536,4,bottom,3,0,3,4,6,-2,0
778536,5,top,0,0,0,4,6,-2,0
778536,5,top,1,1,3,4,6,-2,0
778536,5,top,1,1,2,4,6,-2,0
778536,5,top,1,2,1,4,7,-3,0
778536,5,top,2,2,1,4,8,-4,0
778536,5,top,3,0,1,4,8,-4,0
778536,5,bottom,0,4,1,4,8,-4,0
778536,5,bottom,0,3,2,4,8,-4,0
778536,5,bottom,1,1,1,5,8,-3,0
778536,5,bottom,2,0,3,5,8,-3,0
778536,5,bottom,3,2,1,5,8,-3,0
778536,6,top,1,2,3,5,8,-3,0
778536,6,top,1,0,0,5,8,-3,0
778536,6,top,2,2,3,5,8,-3,0
778536,6,top,3,0,0,5,8,-3,0
778536,6,bottom,1,2,2,5,8,-3,0
778536,6,bottom,1,2,0,5,8,-3,0
778536,6,bottom,2,1,3,5,8,-3,0
778536,6,bottom,3,1,2,5,8,-3,0
778536,7,top,1,1,2,5,8,-3,0
778536,7,top,1,0,0,5,9,-4,0
778536,7,top,2,1,1,5,9,-4,0
778536,7,top,3,2,3,5,9,-4,0
778536,7,bottom,1,1,3,5,9,-4,0
778536,7,bottom,1,2,2,5,9,-4,0
778536,7,bottom,2,3,2,5,9,-4,0
778536,7,bottom,3,2,3,5,9,-4,0
778536,8,top,1,1,3,5,9,-4,0
778536,8,top,2,2,2,5,9,-4,0
778536,8,top,2,0,1,5,9,-4,0
778536,8,top,3,3,1,5,9,-4,0
778536,8,bottom,0,4,0,5,9,-4,0
778536,8,bottom,1,0,3,5,9,-4,0
778536,8,bottom,1,4,1,5,9,-4,0
778536,8,bottom,2,1,0,5,9,-4,0
778536,8,bottom,3,3,3,5,9,-4,0
778536,9,top,1,2,2,5,9,-4,0
778536,9,top,2,2,2,5,9,-4,0
778536,9,top,2,1,0,5,9,-4,0
778536,9,top,3,3,3,5,9,-4,0
778536,9,bottom,1,3,3,5,9,-4,0
778536,9,bottom,1,2,1,5,9,-4,0
778536,9,bottom,2,1,3,5,9,-4,0
778536,9,bottom,2,4,0,5,9,-4,0
778536,9,bottom,3,1,3,5,9,-4,0
778525,1,top,1,3,3,0,0,0,1
778525,1,top,2,1,1,0,0,0,1
778525,1,top,2,3,2,0,0,0,1
778525,1,top,2,1,2,0,0,0,1
778525,1,top,3,2,2,0,1,-1,1
778525,1,bottom,0,4,0,0,1,-1,1
778525,1,bottom,1,2,1,0,1,-1,1
778525,1,bottom,2,2,0,0,1,-1,1
778525,1,bottom,2,0,1,0,1,-1,1
778525,1,bottom,2,1,2,2,1,1,1
778525,1,bottom,3,0,3,2,1,1,1
778525,2,top,1,2,2,2,1,1,1
778525,2,top,1,0,0,2,1,1,1
778525,2,top,2,0,0,2,1,1,1
778525,2,top,3,3,3,2,1,1,1
778525,2,bottom,1,2,2,2,1,1,1
778525,2,bottom,2,2,1,2,1,1,1
778525,2,bottom,3,2,2,2,1,1,1
778525,3,top,0,1,1,2,1,1,1
778525,3,top,1,1,3,2,1,1,1
778525,3,top,1,0,0,2,1,1,1
778525,3,top,2,1,3,2,1,1,1
778525,3,top,3,0,0,2,1,1,1
778525,3,bottom,1,0,0,2,1,1,1
778525,3,bottom,1,3,2,2,1,1,1
778525,3,bottom,1,4,2,2,1,1,1
778525,3,bottom,2,2,2,2,1,1,1
778525,3,bottom,3,1,1,2,1,1,1
778525,4,top,0,0,0,2,1,1,1
778525,4,top,1,1,3,2,1,1,1
778525,4,top,1,1,0,2,1,1,1
778525,4,top,3,1,1,2,1,1,1
778525,4,bottom,1,0,1,2,1,1,1
778525,4,bottom,1,1,2,2,1,1,1
778525,4,bottom,2,2,2,2,1,1,1
778525,4,bottom,3,0,2,2,1,1,1
778525,5,top,1,1,2,2,1,1,1
778525,5,top,1,1,1,2,1,1,1
778525,5,top,1,4,2,2,1,1,1
778525,5,top,2,0,0,2,1,1,1
778525,5,top,3,3,3,2,1,1,1
778525,5,bottom,1,1,2,2,1,1,1
778525,5,bottom,2,0,0,2,1,1,1
778525,5,bottom,3,2,3,2,1,1,1
778525,6,top,1,0,1,2,1,1,1
778525,6,top,2,2,3,2,1,1,1
778525,6,top,2,4,2,2,1,1,1
778525,6,top,3,1,2,2,1,1,1
778525,6,bottom,1,0,0,2,1,1,1
778525,6,bottom,2,2,2,2,1,1,1
778525,6,bottom,2,1,1,2,1,1,1
778525,6,bottom,3,0,0,2,1,1,1
778525,7,top,1,0,2,2,1,1,1
778525,7,top,2,1,1,2,1,1,1
778525,7,top,3,0,2,2,1,1,1
778525,7,bottom,0,1,0,3,1,2,1
778525,7,bottom,1,0,0,3,1,2,1
778525,7,bottom,1,1,1,3,1,2,1
778525,7,bottom,2,2,3,3,1,2,1
778525,7,bottom,3,3,3,3,1,2,1
778525,8,top,1,3,1,3,1,2,1
778525,8,top,1,1,1,3,1,2,1
778525,8,top,2,0,3,3,1,2,1
778525,8,top,3,2,3,3,1,2,1
778525,8,bottom,1,1,2,3,1,2,1
778525,8,bottom,1,0,0,3,1,2,1
778525,8,bottom,2,1,3,3,1,2,1
778525,8,bottom,3,1,3,3,1,2,1
778525,9,top,1,1,1,3,1,2,1
778525,9,top,2,2,3,3,1,2,1
778525,9,top,3,3,3,3,1,2,1
778507,1,top,1,0,0,0,0,0,1
778507,1,top,1,4,2,0,0,0,1
778507,1,top,2,1,2,0,0,0,1
778507,1,top,3,2,3,0,0,0,1
778507,1,bottom,1,2,1,0,0,0,1
778507,1,bottom,2,0,2,0,0,0,1
778507,1,bottom,3,1,2,0,0,0,1
778507,2,top,1,0,2,0,0,0,1
778507,2,top,2,1,0,0,0,0,1
778507,2,top,3,1,3,0,0,0,1
778507,2,bottom,0,3,1,1,0,1,1
778507,2,bottom,1,1,1,1,0,1,1
778507,2,bottom,2,1,3,1,0,1,1
778507,2,bottom,3,0,0,1,0,1,1
778507,3,top,1,1,0,1,0,1,1
778507,3,top,1,4,2,1,0,1,1
778507,3,top,2,1,3,1,0,1,1
778507,3,top,3,1,2,1,0,1,1
778507,3,bottom,1,0,1,1,0,1,1
778507,3,bottom,1,1,1,1,0,1,1
778507,3,bottom,2,3,2,1,0,1,1
778507,3,bottom,2,2,1,2,0,2,1
778507,3,bottom,3,1,2,2,0,2,1
778507,4,top,1,2,0,2,0,2,1
778507,4,top,2,3,2,2,0,2,1
778507,4,top,3,1,1,2,0,2,1
778507,4,bottom,0,4,2,2,0,2,1
778507,4,bottom,0,1,2,3,0,3,1
778507,4,bottom,1,0,3,3,0,3,1
778507,4,bottom,1,0,1,3,0,3,1
778507,4,bottom,2,2,2,4,0,4,1
778507,4,bottom,3,0,0,4,0,4,1
778507,5,top,1,1,2,4,0,4,1
778507,5,top,2,0,2,4,0,4,1
778507,5,top,3,1,0,4,0,4,1
778507,5,bottom,1,2,3,4,0,4,1
778507,5,bottom,2,0,0,4,0,4,1
778507,5,bottom,3,1,1,4,0,4,1
778507,6,top,1,1,3,4,0,4,1
778507,6,top,1,1,1,4,1,3,1
778507,6,top,1,1,0,4,2,2,1
778507,6,top,2,0,1,4,2,2,1
778507,6,top,2,4,2,4,2,2,1
778507,6,top,3,2,2,4,2,2,1
778507,6,bottom,0,3,2,4,2,2,1
778507,6,bottom,2,3,2,4,2,2,1
778507,6,bottom,2,1,2,4,2,2,1
778507,6,bottom,2,4,2,4,2,2,1
778507,6,bottom,2,4,0,4,2,2,1
778507,6,bottom,3,3,2,4,2,2,1
778507,7,top,1,2,3,4,2,2,1
778507,7,top,1,3,2,4,2,2,1
778507,7,top,2,1,3,4,2,2,1
778507,7,top,3,3,2,4,2,2,1
778507,7,bottom,1,2,2,4,2,2,1
778507,7,bottom,2,0,1,4,2,2,1
778507,7,bottom,3,1,2,4,2,2,1
778507,8,top,1,1,0,4,2,2,1
778507,8,top,1,2,2,4,2,2,1
778507,8,top,1,1,2,4,2,2,1
778507,8,top,2,0,3,4,2,2,1
778507,8,top,3,2,2,4,2,2,1
778507,8,bottom,0,0,1,4,2,2,1
778507,8,bottom,0,1,2,4,2,2,1
778507,8,bottom,0,1,0,5,2,3,1
778507,8,bottom,0,0,2,5,2,3,1
778507,8,bottom,2,1,0,5,2,3,1
778507,8,bottom,3,0,0,5,2,3,1
778507,9,top,1,1,2,5,2,3,1
778507,9,top,2,0,3,5,2,3,1
778507,9,top,3,3,3,5,2,3,1
778491,1,top,1,1,3,0,0,0,1
778491,1,top,2,3,3,0,0,0,1
778491,1,top,3,0,2,0,0,0,1
778491,1,bottom,0,1,2,0,0,0,1
778491,1,bottom,2,1,0,0,0,0,1
778491,1,bottom,3,1,2,0,0,0,1
778491,2,top,1,2,3,0,0,0,1
778491,2,top,2,2,3,0,0,0,1
778491,2,top,3,0,1,0,0,0,1
778491,2,bottom,0,1,2,0,0,0,1
778491,2,bottom,0,2,1,0,0,0,1
778491,2,bottom,0,3,0,1,0,1,1
778491,2,bottom,0,1,0,1,0,1,1
778491,2,bottom,1,0,1,2,0,2,1
778491,2,bottom,1,1,0,3,0,3,1
778491,2,bottom,2,2,3,3,0,3,1
778491,2,bottom,3,1,3,3,0,3,1
778491,3,top,1,2,2,3,0,3,1
778491,3,top,1,4,1,3,0,3,1
778491,3,top,3,2,1,3,0,3,1
778491,3,bottom,1,2,0,3,0,3,1
778491,3,bottom,2,2,1,3,0,3,1
778491,3,bottom,2,2,1,3,0,3,1
778491,3,bottom,3,2,3,3,0,3,1
778491,4,top,0,0,1,3,0,3,1
778491,4,top,1,2,3,3,0,3,1
778491,4,top,1,4,0,3,0,3,1
778491,4,top,3,2,2,3,0,3,1
778491,4,bottom,0,2,2,3,0,3,1
778491,4,bottom,2,0,0,3,0,3,1
778491,4,bottom,2,1,1,3,0,3,1
778491,4,bottom,3,1,1,3,0,3,1
778491,5,top,1,3,3,3,0,3,1
778491,5,top,2,0,0,3,0,3,1
778491,5,top,3,0,3,3,0,3,1
778491,5,bottom,1,2,1,3,0,3,1
778491,5,bottom,1,0,1,3,0,3,1
778491,5,bottom,2,2,2,3,0,3,1
778491,5,bottom,3,1,2,3,0,3,1
778491,6,top,0,1,1,3,0,3,1
778491,6,top,1,0,2,3,0,3,1
778491,6,top,1,0,0,3,0,3,1
778491,6,top,2,3,3,3,0,3,1
778491,6,top,2,1,0,3,2,1,1
778491,6,top,2,4,2,3,2,1,1
778491,6,top,2,4,1,3,2,1,1
778491,6,top,3,2,1,3,2,1,1
778491,6,bottom,0,4,1,3,2,1,1
778491,6,bottom,1,2,2,3,2,1,1
778491,6,bottom,2,2,3,3,2,1,1
778491,6,bottom,2,2,2,3,2,1,1
778491,6,bottom,3,2,3,3,2,1,1
778491,7,top,1,2,3,3,2,1,1
778491,7,top,1,0,0,3,2,1,1
778491,7,top,2,0,0,3,2,1,1
778491,7,top,2,2,2,3,3,0,1
778491,7,top,3,0,1,3,3,0,1
778491,7,bottom,0,4,2,3,3,0,1
778491,7,bottom,1,1,3,3,3,0,1
778491,7,bottom,2,0,1,3,3,0,1
778491,7,bottom,3,0,1,3,3,0,1
778491,8,top,1,1,2,3,3,0,1
778491,8,top,2,0,3,3,3,0,1
778491,8,top,3,1,3,3,3,0,1
778491,8,bottom,0,1,1,3,3,0,1
778491,8,bottom,0,1,0,3,3,0,1
778491,8,bottom,1,0,0,3,3,0,1
778491,8,bottom,2,0,3,3,3,0,1
778491,8,bottom,2,0,2,5,3,2,1
778491,8,bottom,3,0,1,5,3,2,1
778491,9,top,1,0,1,5,3,2,1
778491,9,top,2,1,3,5,3,2,1
778491,9,top,3,0,1,5,3,2,1
778478,1,top,1,3,2,0,0,0,1
778478,1,top,2,1,1,0,0,0,1
778478,1,top,2,0,2,0,0,0,1
778478,1,top,3,0,2,0,0,0,1
778478,1,bottom,1,1,0,0,0,0,1
778478,1,bottom,2,2,2,0,0,0,1
778478,1,bottom,2,2,2,0,0,0,1
778478,1,bottom,2,1,2,1,0,1,1
778478,1,bottom,3,2,3,1,0,1,1
778478,2,top,1,3,3,1,0,1,1
778478,2,top,2,2,1,1,0,1,1
778478,2,top,3,2,1,1,0,1,1
778478,2,bottom,0,4,0,1,0,1,1
778478,2,bottom,1,2,1,1,0,1,1
778478,2,bottom,1,0,0,1,0,1,1
778478,2,bottom,2,2,2,1,0,1,1
778478,2,bottom,3,0,0,1,0,1,1
778478,3,top,0,4,1,1,0,1,1
778478,3,top,1,1,0,1,0,1,1
778478,3,top,2,1,0,1,0,1,1
778478,3,top,3,2,2,1,0,1,1
778478,3,bottom,1,1,3,1,0,1,1
778478,3,bottom,2,0,0,1,0,1,1
778478,3,bottom,3,1,2,1,0,1,1
778478,4,top,1,1,1,1,0,1,1
778478,4,top,2,0,0,1,0,1,1
778478,4,top,3,2,3,1,0,1,1
778478,4,bottom,0,0,1,2,0,2,1
778478,4,bottom,1,0,3,2,0,2,1
778478,4,bottom,2,2,3,2,0,2,1
778478,4,bottom,2,1,0,2,0,2,1
778478,4,bottom,2,1,2,2,0,2,1
778478,4,bottom,3,1,2,2,0,2,1
778478,5,top,0,4,2,2,0,2,1
778478,5,top,1,1,1,2,0,2,1
778478,5,top,2,2,3,2,0,2,1
778478,5,top,3,0,1,2,0,2,1
778478,5,bottom,0,1,1,2,0,2,1
778478,5,bottom,0,1,2,2,0,2,1
778478,5,bottom,1,0,3,2,0,2,1
778478,5,bottom,1,4,2,2,0,2,1
778478,5,bottom,2,0,1,3,0,3,1
778478,5,bottom,2,4,2,3,0,3,1
778478,5,bottom,3,0,0,3,0,3,1
778478,6,top,0,1,1,3,1,2,1
778478,6,top,1,0,0,3,1,2,1
778478,6,top,2,0,0,3,1,2,1
778478,6,top,3,1,3,3,1,2,1
778478,6,bottom,0,1,1,3,1,2,1
778478,6,bottom,1,0,0,3,1,2,1
778478,6,bottom,1,1,2,4,1,3,1
778478,6,bottom,2,1,2,4,1,3,1
778478,6,bottom,3,2,2,4,1,3,1
778478,7,top,1,1,3,4,1,3,1
778478,7,top,2,2,0,4,1,3,1
778478,7,top,3,3,2,4,1,3,1
778478,7,bottom,1,0,3,4,1,3,1
778478,7,bottom,2,0,0,4,1,3,1
778478,7,bottom,3,2,2,4,1,3,1
778478,8,top,1,0,3,4,1,3,1
778478,8,top,2,0,0,4,1,3,1
778478,8,top,3,0,2,4,1,3,1
778478,8,bottom,1,2,2,4,1,3,1
778478,8,bottom,2,3,2,4,1,3,1
778478,8,bottom,3,3,2,4,1,3,1
778478,9,top,1,0,3,4,1,3,1
778478,9,top,2,0,0,4,1,3,1
778478,9,top,2,0,0,4,1,3,1
778478,9,top,2,0,0,4,2,2,1
778478,9,top,2,1,0,4,2,2,1
778478,9,top,3,1,1,4,2,2,1
778465,1,top,1,2,2,0,0,0,0
778465,1,top,2,0,0,0,0,0,0
778465,1,top,3,1,3,0,0,0,0
778465,1,bottom,0,0,0,0,0,0,0
778465,1,bottom,1,3,2,0,0,0,0
778465,1,bottom,1,1,2,2,0,2,0
778465,1,bottom,1,4,2,2,0,2,0
778465,1,bottom,3,3,2,2,0,2,0
778465,2,top,1,2,3,2,0,2,0
778465,2,top,2,0,1,2,0,2,0
778465,2,top,2,3,1,2,0,2,0
778465,2,top,2,4,2,2,0,2,0
778465,2,top,3,1,0,2,0,2,0
778465,2,bottom,1,3,2,2,0,2,0
778465,2,bottom,2,2,1,2,0,2,0
778465,2,bottom,3,2,2,2,0,2,0
778465,3,top,1,0,0,2,0,2,0
778465,3,top,2,2,3,2,0,2,0
778465,3,top,2,1,0,2,0,2,0
778465,3,top,3,1,1,2,0,2,0
778465,3,bottom,1,0,1,2,0,2,0
778465,3,bottom,2,1,2,2,0,2,0
778465,3,bottom,3,1,1,2,0,2,0
778465,4,top,1,1,1,2,0,2,0
778465,4,top,2,3,1,2,0,2,0
778465,4,top,3,2,1,2,0,2,0
778465,4,bottom,1,3,2,2,0,2,0
778465,4,bottom,2,0,0,2,0,2,0
778465,4,bottom,3,2,1,2,0,2,0
778465,5,top,1,1,3,2,0,2,0
778465,5,top,2,0,0,2,0,2,0
778465,5,top,3,1,1,2,0,2,0
778465,5,bottom,1,2,1,2,0,2,0
778465,5,bottom,2,2,2,2,0,2,0
778465,5,bottom,3,0,2,2,0,2,0
778465,6,top,1,1,2,2,0,2,0
778465,6,top,1,4,2,2,0,2,0
778465,6,top,1,4,1,2,0,2,0
778465,6,top,2,1,3,2,0,2,0
778465,6,top,3,1,3,2,0,2,0
778465,6,bottom,1,0,1,2,0,2,0
778465,6,bottom,1,4,0,2,0,2,0
778465,6,bottom,1,1,0,3,0,3,0
778465,6,bottom,1,4,0,3,0,3,0
778465,6,bottom,1,0,0,4,0,4,0
778465,6,bottom,2,3,1,5,0,5,0
778465,6,bottom,3,3,2,5,0,5,0
778465,7,top,0,2,0,5,0,5,0
778465,7,top,1,2,3,5,0,5,0
778465,7,top,2,1,3,5,0,5,0
778465,7,top,3,3,3,5,0,5,0
778465,7,bottom,1,0,1,5,0,5,0
778465,7,bottom,2,3,3,5,0,5,0
778465,7,bottom,3,1,2,5,0,5,0
778465,8,top,1,2,3,5,0,5,0
778465,8,top,1,1,2,5,0,5,0
778465,8,top,2,1,0,5,0,5,0
778465,8,top,3,1,2,5,0,5,0
778465,8,bottom,0,4,2,5,0,5,0
778465,8,bottom,1,1,0,5,0,5,0
778465,8,bottom,2,2,2,5,0,5,0
778465,8,bottom,3,3,2,5,0,5,0
778465,9,top,1,2,1,5,0,5,0
778465,9,top,2,3,2,5,0,5,0
778465,9,top,3,1,1,5,0,5,0
778446,1,top,1,2,2,0,0,0,0
778446,1,top,2,1,3,0,0,0,0
778446,1,top,2,4,1,0,0,0,0
778446,1,top,2,0,1,0,0,0,0
778446,1,top,3,0,3,0,0,0,0
778446,1,bottom,0,0,1,0,0,0,0
778446,1,bottom,1,1,0,0,0,0,0
778446,1,bottom,2,3,3,0,0,0,0
778446,1,bottom,3,3,2,0,0,0,0
778446,2,top,1,0,3,0,0,0,0
778446,2,top,2,3,3,0,0,0,0
778446,2,top,2,1,2,0,0,0,0
778446,2,top,2,4,2,0,0,0,0
778446,2,top,3,0,1,0,0,0,0
778446,2,bottom,0,2,2,0,0,0,0
778446,2,bottom,1,1,3,0,0,0,0
778446,2,bottom,2,0,3,0,0,0,0
778446,2,bottom,3,1,2,0,0,0,0
778446,3,top,1,1,2,0,0,0,0
778446,3,top,2,1,2,0,0,0,0
778446,3,top,3,1,3,0,0,0,0
778446,3,bottom,1,0,2,0,0,0,0
778446,3,bottom,2,1,2,0,0,0,0
778446,3,bottom,3,2,3,0,0,0,0
778446,4,top,1,1,2,0,0,0,0
778446,4,top,2,3,3,0,0,0,0
778446,4,top,2,4,2,0,0,0,0
778446,4,top,3,2,1,0,0,0,0
778446,4,bottom,1,2,3,0,0,0,0
778446,4,bottom,2,2,2,0,0,0,0
778446,4,bottom,2,0,0,0,0,0,0
778446,4,bottom,3,2,3,0,0,0,0
778446,5,top,0,1,2,0,0,0,0
778446,5,top,0,0,1,0,0,0,0
778446,5,top,0,1,1,0,1,-1,0
778446,5,top,1,0,0,0,1,-1,0
778446,5,top,1,4,2,0,1,-1,0
778446,5,top,2,2,3,0,1,-1,0
778446,5,top,3,1,2,0,1,-1,0
778446,5,bottom,1,0,3,0,1,-1,0
778446,5,bottom,2,0,3,0,1,-1,0
778446,5,bottom,3,2,3,0,1,-1,0
778446,6,top,1,0,2,0,1,-1,0
778446,6,top,2,1,2,0,1,-1,0
778446,6,top,2,0,1,0,1,-1,0
778446,6,top,2,1,1,0,2,-2,0
778446,6,top,3,0,2,0,2,-2,0
778446,6,bottom,1,0,1,0,2,-2,0
778446,6,bottom,2,1,1,0,2,-2,0
778446,6,bottom,3,3,2,0,2,-2,0
778446,7,top,0,3,1,0,2,-2,0
778446,7,top,1,1,2,0,2,-2,0
778446,7,top,3,1,0,0,2,-2,0
778446,7,bottom,1,0,0,0,2,-2,0
778446,7,bottom,2,2,1,0,2,-2,0
778446,7,bottom,2,1,0,0,2,-2,0
778446,7,bottom,2,0,2,0,2,-2,0
778446,7,bottom,2,4,0,0,2,-2,0
778446,7,bottom,3,0,2,0,2,-2,0
778446,8,top,1,0,3,0,2,-2,0
778446,8,top,2,2,2,0,2,-2,0
778446,8,top,3,0,0,0,2,-2,0
778446,8,bottom,0,4,0,0,2,-2,0
778446,8,bottom,0,2,2,0,2,-2,0
778446,8,bottom,1,2,3,0,2,-2,0
778446,8,bottom,2,1,0,0,2,-2,0
778446,8,bottom,2,1,2,2,2,0,0
778446,8,bottom,3,2,3,2,2,0,0
778446,9,top,1,1,3,2,2,0,0
778446,9,top,1,2,1,2,2,0,0
778446,9,top,1,2,0,2,2,0,0
778446,9,top,2,1,3,2,2,0,0
778446,9,top,3,3,3,2,2,0,0
778446,9,bottom,1,3,2,2,2,0,0
778446,9,bottom,1,4,1,2,2,0,0
778446,9,bottom,1,3,1,2,2,0,0
778446,9,bottom,2,0,0,3,2,1,0
778435,1,top,1,1,2,0,0,0,0
778435,1,top,2,2,1,0,0,0,0
778435,1,top,3,0,1,0,0,0,0
778435,1,bottom,0,2,2,0,0,0,0
778435,1,bottom,2,2,1,0,0,0,0
778435,1,bottom,2,2,2,0,0,0,0
778435,1,bottom,3,0,1,0,0,0,0
778435,2,top,1,1,2,0,0,0,0
778435,2,top,1,3,2,0,0,0,0
778435,2,top,1,4,0,0,0,0,0
778435,2,top,2,3,3,0,0,0,0
778435,2,top,3,2,1,0,0,0,0
778435,2,bottom,1,0,2,0,0,0,0
778435,2,bottom,1,1,1,0,0,0,0
778435,2,bottom,2,2,3,0,0,0,0
778435,2,bottom,3,0,3,0,0,0,0
778435,3,top,0,1,2,0,0,0,0
778435,3,top,1,0,1,0,0,0,0
778435,3,top,2,0,2,0,0,0,0
778435,3,top,2,4,1,0,0,0,0
778435,3,top,3,0,3,0,0,0,0
778435,3,bottom,0,4,2,0,0,0,0
778435,3,bottom,1,0,3,0,0,0,0
778435,3,bottom,1,4,1,0,0,0,0
778435,3,bottom,1,1,1,1,0,1,0
778435,3,bottom,2,0,0,2,0,2,0
778435,3,bottom,3,0,3,2,0,2,0
778435,4,top,1,1,1,2,0,2,0
778435,4,top,1,4,2,2,0,2,0
778435,4,top,3,1,0,2,0,2,0
778435,4,bottom,1,2,3,2,0,2,0
778435,4,bottom,2,1,2,2,0,2,0
778435,4,bottom,3,1,2,2,0,2,0
778435,5,top,0,0,1,2,0,2,0
778435,5,top,1,1,3,2,0,2,0
778435,5,top,2,1,1,2,0,2,0
778435,5,top,2,4,2,2,0,2,0
778435,5,top,2,4,1,2,0,2,0
778435,5,top,2,1,0,2,1,1,0
778435,5,top,3,2,1,2,1,1,0
778435,5,bottom,0,0,0,2,1,1,0
778435,5,bottom,2,3,2,2,1,1,0
778435,5,bottom,3,0,1,2,1,1,0
778435,6,top,1,0,1,2,1,1,0
778435,6,top,2,2,2,2,1,1,0
778435,6,top,3,0,3,2,1,1,0
778435,6,bottom,0,3,2,2,1,1,0
778435,6,bottom,0,2,1,2,1,1,0
778435,6,bottom,1,2,3,2,1,1,0
778435,6,bottom,1,4,2,2,1,1,0
778435,6,bottom,2,1,3,2,1,1,0
778435,6,bottom,3,0,0,2,1,1,0
778435,7,top,1,3,3,2,1,1,0
778435,7,top,2,0,1,2,1,1,0
778435,7,top,3,2,1,2,1,1,0
778435,7,bottom,1,1,1,2,1,1,0
778435,7,bottom,2,0,0,2,1,1,0
778435,7,bottom,2,1,0,2,1,1,0
778435,7,bottom,3,0,1,2,1,1,0
778435,8,top,1,1,3,2,1,1,0
778435,8,top,2,1,3,2,1,1,0
778435,8,top,2,1,2,2,1,1,0
778435,8,top,3,3,2,2,1,1,0
778435,8,bottom,1,1,3,2,1,1,0
778435,8,bottom,2,1,3,2,1,1,0
778435,8,bottom,3,1,1,2,1,1,0
778435,9,top,0,1,0,2,1,1,0
778435,9,top,1,0,3,2,1,1,0
778435,9,top,2,0,0,2,1,1,0
778435,9,top,2,2,1,2,1,1,0
778435,9,top,3,0,0,2,1,1,0
778426,1,top,1,0,0,0,0,0,1
778426,1,top,2,1,3,0,0,0,1
778426,1,top,2,4,2,0,0,0,1
778426,1,top,2,4,2,0,0,0,1
778426,1,top,2,0,2,0,0,0,1
778426,1,top,3,0,1,0,0,0,1
778426,1,bottom,0,0,0,0,0,0,1
778426,1,bottom,1,1,1,0,0,0,1
778426,1,bottom,2,1,0,0,0,0,1
778426,1,bottom,3,3,1,0,0,0,1
778426,2,top,1,0,1,0,0,0,1
778426,2,top,2,3,3,0,0,0,1
778426,2,top,3,1,0,0,0,0,1
778426,2,bottom,1,1,2,0,0,0,1
778426,2,bottom,2,2,3,0,0,0,1
778426,2,bottom,3,0,1,0,0,0,1
778426,3,top,0,0,1,0,0,0,1
778426,3,top,0,4,1,0,0,0,1
778426,3,top,1,1,2,0,0,0,1
778426,3,top,2,0,0,0,1,-1,1
778426,3,top,2,0,2,0,2,-2,1
778426,3,top,2,1,0,0,2,-2,1
778426,3,top,3,2,2,0,2,-2,1
778426,3,bottom,0,4,0,0,2,-2,1
778426,3,bottom,1,4,2,0,2,-2,1
778426,3,bottom,1,0,1,0,2,-2,1
778426,3,bottom,2,0,1,1,2,-1,1
778426,3,bottom,3,0,1,1,2,-1,1
778426,4,top,1,3,1,1,2,-1,1
778426,4,top,2,0,3,1,2,-1,1
778426,4,top,3,0,3,1,2,-1,1
778426,4,bottom,1,0,1,1,2,-1,1
778426,4,bottom,2,1,1,1,2,-1,1
778426,4,bottom,3,1,0,1,2,-1,1
778426,5,top,0,0,0,1,2,-1,1
778426,5,top,2,1,0,1,2,-1,1
778426,5,top,2,4,2,1,2,-1,1
778426,5,top,2,3,2,1,3,-2,1
778426,5,top,3,0,0,1,3,-2,1
778426,5,bottom,1,0,0,1,3,-2,1
778426,5,bottom,2,1,2,1,3,-2,1
778426,5,bottom,3,3,2,1,3,-2,1
778426,6,top,0,0,0,1,3,-2,1
778426,6,top,0,1,2,1,3,-2,1
778426,6,top,2,2,2,1,3,-2,1
778426,6,top,3,0,2,1,3,-2,1
778426,6,bottom,1,2,1,1,3,-2,1
778426,6,bottom,2,1,1,1,3,-2,1
778426,6,bottom,3,1,1,1,3,-2,1
778426,7,top,0,1,1,1,3,-2,1
778426,7,top,1,2,3,1,3,-2,1
778426,7,top,2,1,2,1,3,-2,1
778426,7,top,2,3,1,1,4,-3,1
778426,7,top,2,1,2,1,4,-3,1
778426,7,top,2,2,2,1,5,-4,1
778426,7,top,3,1,0,1,5,-4,1
778426,7,bottom,0,4,2,1,5,-4,1
778426,7,bottom,0,0,0,1,5,-4,1
778426,7,bottom,1,0,1,1,5,-4,1
778426,7,bottom,2,0,1,1,5,-4,1
778426,7,bottom,3,3,3,1,5,-4,1
778426,8,top,1,1,1,1,5,-4,1
778426,8,top,2,0,1,1,5,-4,1
778426,8,top,3,1,0,1,5,-4,1
778426,8,bottom,0,0,0,1,5,-4,1
778426,8,bottom,0,4,2,1,5,-4,1
778426,8,bottom,1,2,0,1,5,-4,1
778426,8,bottom,2,1,1,1,5,-4,1
778426,8,bottom,2,1,2,2,5,-3,1
778426,8,bottom,3,3,3,2,5,-3,1
778426,9,top,0,0,1,2,5,-3,1
778426,9,top,1,1,1,2,5,-3,1
778426,9,top,1,2,1,2,5,-3,1
778426,9,top,2,0,1,2,5,-3,1
778426,9,top,2,4,2,2,5,-3,1
778426,9,top,3,2,2,2,6,-4,1
778426,9,bottom,1,2,3,2,6,-4,1
778426,9,bottom,2,1,1,2,6,-4,1
778426,9,bottom,3,0,0,2,6,-4,1
778404,1,top,0,1,1,0,0,0,1
778404,1,top,1,1,2,0,0,0,1
778404,1,top,2,0,3,0,0,0,1
778404,1,top,2,4,1,0,0,0,1
778404,1,top,2,1,2,0,0,0,1
778404,1,top,3,3,3,0,0,0,1
778404,1,bottom,1,3,3,0,0,0,1
778404,1,bottom,2,1,3,0,0,0,1
778404,1,bottom,3,0,0,0,0,0,1
778404,2,top,1,3,2,0,0,0,1
778404,2,top,2,0,0,0,0,0,1
778404,2,top,3,2,2,0,0,0,1
778404,2,bottom,1,0,3,0,0,0,1
778404,2,bottom,2,1,3,0,0,0,1
778404,2,bottom,3,3,2,0,0,0,1
778404,3,top,0,4,0,0,0,0,1
778404,3,top,1,2,2,0,0,0,1
778404,3,top,2,0,1,0,0,0,1
778404,3,top,3,3,3,0,0,0,1
778404,3,bottom,1,0,1,0,0,0,1
778404,3,bottom,2,0,1,0,0,0,1
778404,3,bottom,2,2,0,0,0,0,1
778404,3,bottom,2,4,0,0,0,0,1
778404,3,bottom,3,0,2,0,0,0,1
778404,4,top,1,0,0,0,0,0,1
778404,4,top,2,2,3,0,0,0,1
778404,4,top,3,3,3,0,0,0,1
778404,4,bottom,1,3,2,0,0,0,1
778404,4,bottom,2,0,0,0,0,0,1
778404,4,bottom,2,1,2,0,0,0,1
778404,4,bottom,3,0,3,0,0,0,1
778404,5,top,0,0,0,0,0,0,1
778404,5,top,1,1,1,0,0,0,1
778404,5,top,2,2,2,0,0,0,1
778404,5,top,3,0,1,0,0,0,1
778404,5,bottom,1,3,3,0,0,0,1
778404,5,bottom,2,0,3,0,0,0,1
778404,5,bottom,3,1,2,0,0,0,1
778404,6,top,1,1,1,0,0,0,1
778404,6,top,1,1,1,0,1,-1,1
778404,6,top,2,0,1,0,1,-1,1
778404,6,top,2,0,1,0,1,-1,1
778404,6,top,2,4,0,0,1,-1,1
778404,6,top,2,0,1,0,2,-2,1
778404,6,top,2,4,1,0,2,-2,1
778404,6,top,2,1,2,0,4,-4,1
778404,6,top,3,0,0,0,4,-4,1
778404,6,bottom,1,0,3,0,4,-4,1
778404,6,bottom,1,3,2,0,4,-4,1
778404,6,bottom,2,1,3,0,4,-4,1
778404,6,bottom,2,2,2,0,4,-4,1
778404,6,bottom,3,2,2,0,4,-4,1
778404,7,top,1,0,3,0,4,-4,1
778404,7,top,1,0,1,0,4,-4,1
778404,7,top,2,1,1,0,4,-4,1
778404,7,top,3,0,2,0,4,-4,1
778404,7,bottom,1,0,1,0,4,-4,1
778404,7,bottom,1,1,1,0,4,-4,1
778404,7,bottom,2,0,0,0,4,-4,1
778404,7,bottom,2,3,2,1,4,-3,1
778404,7,bottom,3,1,3,1,4,-3,1
778404,8,top,0,1,1,1,4,-3,1
778404,8,top,0,4,0,1,4,-3,1
778404,8,top,1,3,3,1,4,-3,1
778404,8,top,1,2,1,1,5,-4,1
778404,8,top,1,1,0,1,5,-4,1
778404,8,top,2,1,1,1,6,-5,1
778404,8,top,3,0,0,1,6,-5,1
778404,8,bottom,0,2,1,1,6,-5,1
778404,8,bottom,1,1,3,1,6,-5,1
778404,8,bottom,3,0,2,1,6,-5,1
778404,9,top,1,2,3,1,6,-5,1
778404,9,top,2,3,1,1,6,-5,1
778404,9,top,3,0,2,1,6,-5,1
778404,9,bottom,0,1,1,1,6,-5,1
778404,9,bottom,0,2,1,1,6,-5,1
778404,9,bottom,2,1,0,1,6,-5,1
778404,9,bottom,3,3,3,1,6,-5,1
778386,1,top,1,0,0,0,0,0,1
778386,1,top,1,3,2,0,0,0,1
778386,1,top,1,2,1,0,0,0,1
778386,1,top,1,0,2,0,0,0,1
778386,1,top,2,3,2,0,1,-1,1
778386,1,top,3,0,0,0,1,-1,1
778386,1,bottom,0,1,2,0,1,-1,1
778386,1,bottom,1,3,3,0,1,-1,1
778386,1,bottom,2,0,1,1,1,0,1
778386,1,bottom,3,3,2,1,1,0,1
778386,2,top,1,1,0,1,1,0,1
778386,2,top,2,3,3,1,1,0,1
778386,2,top,3,0,0,1,1,0,1
778386,2,bottom,1,0,1,1,1,0,1
778386,2,bottom,2,0,2,1,1,0,1
778386,2,bottom,3,2,3,1,1,0,1
778386,3,top,1,1,2,1,1,0,1
778386,3,top,2,0,2,1,1,0,1
778386,3,top,3,3,1,1,1,0,1
778386,3,bottom,1,2,1,1,1,0,1
778386,3,bottom,2,1,3,1,1,0,1
778386,3,bottom,3,2,0,1,1,0,1
778386,4,top,0,4,1,1,1,0,1
778386,4,top,2,2,2,1,1,0,1
778386,4,top,3,0,3,1,1,0,1
778386,4,bottom,0,0,1,1,1,0,1
778386,4,bottom,1,3,3,1,1,0,1
778386,4,bottom,2,1,3,1,1,0,1
778386,4,bottom,3,1,3,1,1,0,1
778386,5,top,1,1,1,1,1,0,1
778386,5,top,2,2,0,1,1,0,1
778386,5,top,3,0,1,1,1,0,1
778386,5,bottom,1,0,3,1,1,0,1
778386,5,bottom,2,2,3,1,1,0,1
778386,5,bottom,3,0,0,1,1,0,1
778386,6,top,1,0,0,1,1,0,1
778386,6,top,1,2,2,1,1,0,1
778386,6,top,3,2,2,1,1,0,1
778386,6,bottom,1,2,3,1,1,0,1
778386,6,bottom,2,0,3,1,1,0,1
778386,6,bottom,2,1,0,1,1,0,1
778386,6,bottom,3,0,0,1,1,0,1
778386,7,top,0,0,1,1,1,0,1
778386,7,top,0,4,2,1,1,0,1
778386,7,top,2,2,2,1,1,0,1
778386,7,top,3,0,0,1,1,0,1
778386,7,bottom,1,1,1,1,1,0,1
778386,7,bottom,2,0,0,1,1,0,1
778386,7,bottom,3,0,0,1,1,0,1
778386,8,top,1,0,0,1,1,0,1
778386,8,top,2,0,2,1,1,0,1
778386,8,top,3,1,2,1,1,0,1
778386,8,bottom,0,0,0,1,1,0,1
778386,8,bottom,1,0,1,1,1,0,1
778386,8,bottom,3,0,2,1,1,0,1
778386,9,top,0,1,0,1,1,0,1
778386,9,top,1,1,3,1,1,0,1
778386,9,top,2,1,3,1,1,0,1
778386,9,top,3,2,1,1,1,0,1
778386,9,bottom,1,0,0,1,1,0,1
778386,9,bottom,2,0,0,1,1,0,1
778386,9,bottom,3,2,3,1,1,0,1
778386,10,top,1,0,2,1,1,0,1
778386,10,top,2,2,1,1,1,0,1
778386,10,top,3,3,1,1,1,0,1
778386,10,bottom,1,1,1,1,1,0,1
778386,10,bottom,2,0,3,1,1,0,1
778386,10,bottom,2,4,0,1,1,0,1
778386,10,bottom,3,1,3,1,1,0,1
778386,11,top,1,1,1,1,1,0,1
778386,11,top,2,2,1,1,2,-1,1
778386,11,top,3,0,0,1,2,-1,1
778386,11,bottom,1,0,3,1,2,-1,1
778386,11,bottom,2,1,2,1,2,-1,1
778386,11,bottom,3,1,0,1,2,-1,1
778377,1,top,0,0,0,0,0,0,0
778377,1,top,1,2,3,0,0,0,0
778377,1,top,1,0,2,0,0,0,0
778377,1,top,3,0,0,0,0,0,0
778377,1,bottom,1,3,3,0,0,0,0
778377,1,bottom,1,0,1,0,0,0,0
778377,1,bottom,2,1,1,0,0,0,0
778377,1,bottom,3,3,3,0,0,0,0
778377,2,top,1,2,2,0,0,0,0
778377,2,top,2,0,1,0,0,0,0
778377,2,top,2,1,1,0,0,0,0
778377,2,top,2,3,1,0,0,0,0
778377,2,top,3,0,2,0,0,0,0
778377,2,bottom,0,0,1,0,0,0,0
778377,2,bottom,1,0,2,0,0,0,0
778377,2,bottom,2,1,3,0,0,0,0
778377,2,bottom,3,2,2,0,0,0,0
778377,3,top,1,0,2,0,0,0,0
778377,3,top,2,0,1,0,0,0,0
778377,3,top,3,2,3,0,0,0,0
778377,3,bottom,1,1,3,0,0,0,0
778377,3,bottom,1,1,1,0,0,0,0
778377,3,bottom,3,0,1,0,0,0,0
778377,4,top,1,3,2,0,0,0,0
778377,4,top,2,0,3,0,0,0,0
778377,4,top,3,0,1,0,0,0,0
778377,4,bottom,1,2,0,0,0,0,0
778377,4,bottom,2,2,1,0,0,0,0
778377,4,bottom,3,2,3,0,0,0,0
778377,5,top,1,2,3,0,0,0,0
778377,5,top,2,0,0,0,0,0,0
778377,5,top,2,1,2,0,0,0,0
778377,5,top,3,3,3,0,0,0,0
778377,5,bottom,1,0,0,0,0,0,0
778377,5,bottom,2,2,2,0,0,0,0
778377,5,bottom,3,0,0,0,0,0,0
778377,6,top,1,1,3,0,0,0,0
778377,6,top,2,3,3,0,0,0,0
778377,6,top,3,0,0,0,0,0,0
778377,6,bottom,1,1,1,0,0,0,0
778377,6,bottom,1,4,2,0,0,0,0
778377,6,bottom,2,3,2,0,0,0,0
778377,6,bottom,2,1,0,1,0,1,0
778377,6,bottom,2,2,2,1,0,1,0
778377,6,bottom,3,1,3,1,0,1,0
778377,7,top,0,4,0,1,0,1,0
778377,7,top,1,0,0,1,0,1,0
778377,7,top,1,0,2,1,0,1,0
778377,7,top,1,1,0,1,1,0,0
778377,7,top,2,0,2,1,2,-1,0
778377,7,top,2,4,0,1,2,-1,0
778377,7,top,3,1,1,1,2,-1,0
778377,7,bottom,0,4,2,1,2,-1,0
778377,7,bottom,1,1,2,1,2,-1,0
778377,7,bottom,3,1,3,1,2,-1,0
778377,8,top,1,3,3,1,2,-1,0
778377,8,top,1,3,2,1,2,-1,0
778377,8,top,2,0,3,1,2,-1,0
778377,8,top,2,4,2,1,2,-1,0
778377,8,top,3,1,1,1,2,-1,0
778377,8,bottom,0,1,1,1,2,-1,0
778377,8,bottom,0,4,1,1,2,-1,0
778377,8,bottom,1,3,3,1,2,-1,0
778377,8,bottom,2,1,0,1,2,-1,0
778377,8,bottom,3,2,2,2,2,0,0
778377,9,top,0,0,1,2,2,0,0
778377,9,top,1,0,0,2,2,0,0
778377,9,top,2,0,3,2,2,0,0
778377,9,top,3,1,3,2,2,0,0
778377,9,bottom,0,1,2,2,2,0,0
778377,9,bottom,1,1,0,2,2,0,0
778377,9,bottom,1,4,0,2,2,0,0
778377,9,bottom,2,1,3,2,2,0,0
778377,9,bottom,3,0,3,2,2,0,0
778377,10,top,1,0,1,2,2,0,0
778377,10,top,2,2,2,2,3,-1,0
778377,10,top,3,1,2,2,3,-1,0
778377,10,bottom,0,0,1,3,3,0,0
778377,10,bottom,1,2,1,3,3,0,0
778377,10,bottom,1,2,1,3,3,0,0
778377,10,bottom,1,3,2,3,3,0,0
778377,10,bottom,2,2,2,4,3,1,0
778372,1,top,1,1,0,0,0,0,0
778372,1,top,2,0,0,0,0,0,0
778372,1,top,2,4,2,0,0,0,0
778372,1,top,3,2,2,0,0,0,0
778372,1,bottom,0,0,0,0,0,0,0
778372,1,bottom,0,1,1,0,0,0,0
778372,1,bottom,0,4,2,0,0,0,0
778372,1,bottom,1,3,2,1,0,1,0
778372,1,bottom,1,0,0,1,0,1,0
778372,1,bottom,2,3,2,2,0,2,0
778372,1,bottom,3,2,1,2,0,2,0
778372,2,top,1,2,2,2,0,2,0
778372,2,top,2,1,0,2,0,2,0
778372,2,top,3,0,0,2,0,2,0
778372,2,bottom,1,3,3,2,0,2,0
778372,2,bottom,2,0,1,2,0,2,0
778372,2,bottom,3,1,1,2,0,2,0
778372,3,top,1,3,1,2,0,2,0
778372,3,top,1,0,2,2,0,2,0
778372,3,top,2,1,1,2,0,2,0
778372,3,top,2,1,1,2,1,1,0
778372,3,top,3,0,2,2,1,1,0
778372,3,bottom,0,2,2,2,1,1,0
778372,3,bottom,0,3,2,2,1,1,0
778372,3,bottom,0,4,2,2,1,1,0
778372,3,bottom,1,1,2,3,1,2,0
778372,3,bottom,2,1,1,4,1,3,0
778372,3,bottom,3,2,3,4,1,3,0
778372,4,top,0,4,1,4,1,3,0
778372,4,top,0,0,0,4,3,1,0
778372,4,top,1,0,1,4,3,1,0
778372,4,top,1,0,0,4,3,1,0
778372,4,top,1,0,1,4,3,1,0
778372,4,top,2,0,3,4,3,1,0
778372,4,top,3,2,2,4,3,1,0
778372,4,bottom,0,4,0,4,3,1,0
778372,4,bottom,1,0,3,4,3,1,0
778372,4,bottom,1,0,0,4,3,1,0
778372,4,bottom,2,0,3,4,3,1,0
778372,4,bottom,3,0,0,4,3,1,0
778372,5,top,1,1,1,4,3,1,0
778372,5,top,2,1,2,4,3,1,0
778372,5,top,2,2,1,4,3,1,0
778372,5,top,2,0,1,4,3,1,0
778372,5,top,3,2,3,4,3,1,0
778372,5,bottom,0,3,2,4,3,1,0
778372,5,bottom,1,0,2,4,3,1,0
778372,5,bottom,1,1,1,4,3,1,0
778372,5,bottom,2,0,3,4,3,1,0
778372,5,bottom,3,1,3,4,3,1,0
778372,6,top,1,1,1,4,3,1,0
778372,6,top,1,3,2,4,3,1,0
778372,6,top,1,4,2,4,3,1,0
778372,6,top,2,0,0,4,3,1,0
778372,6,top,3,1,1,4,3,1,0
778372,6,bottom,0,1,0,4,3,1,0
778372,6,bottom,1,2,1,4,3,1,0
778372,6,bottom,1,3,1,4,3,1,0
778372,6,bottom,1,1,0,5,3,2,0
778372,6,bottom,1,0,0,8,3,5,0
778372,6,bottom,1,1,1,9,3,6,0
778372,6,bottom,1,2,2,9,3,6,0
778372,6,bottom,2,1,2,9,3,6,0
778372,6,bottom,2,1,0,10,3,7,0
778372,6,bottom,3,2,3,10,3,7,0
778372,7,top,0,0,1,10,3,7,0
778372,7,top,1,1,0,10,3,7,0
778372,7,top,3,0,1,10,3,7,0
778372,7,bottom,0,1,2,10,3,7,0
778372,7,bottom,0,1,1,10,3,7,0
778372,7,bottom,0,0,0,13,3,10,0
778372,7,bottom,1,3,3,13,3,10,0
778372,7,bottom,1,0,0,14,3,11,0
778372,7,bottom,2,1,1,14,3,11,0
778372,7,bottom,3,1,2,14,3,11,0
778372,8,top,1,2,2,14,3,11,0
778372,8,top,2,0,2,14,3,11,0
778372,8,top,2,2,2,14,4,10,0
778372,8,top,2,0,1,14,4,10,0
778372,8,top,3,1,2,14,4,10,0
778372,8,bottom,0,1,1,14,4,10,0
778372,8,bottom,1,1,3,14,4,10,0
778372,8,bottom,1,0,0,15,4,11,0
778372,8,bottom,1,2,1,15,4,11,0
778372,8,bottom,2,1,0,16,4,12,0
778372,8,bottom,3,0,2,16,4,12,0
778372,9,top,1,0,1,16,4,12,0
778372,9,top,2,0,3,16,4,12,0
778372,9,top,3,1,1,16,4,12,0
778362,1,top,0,0,0,0,0,0,0
778362,1,top,0,0,1,0,1,-1,0
778362,1,top,1,2,1,0,1,-1,0
778362,1,top,1,2,1,0,1,-1,0
778362,1,top,2,2,1,0,1,-1,0
778362,1,top,3,3,2,0,1,-1,0
778362,1,bottom,1,2,0,0,1,-1,0
778362,1,bottom,2,1,2,0,1,-1,0
778362,1,bottom,3,1,1,0,1,-1,0
778362,2,top,1,0,1,0,1,-1,0
778362,2,top,1,4,0,0,1,-1,0
778362,2,top,1,3,2,0,1,-1,0
778362,2,top,1,2,2,0,2,-2,0
778362,2,top,3,0,1,0,2,-2,0
778362,2,bottom,1,2,3,0,2,-2,0
778362,2,bottom,2,3,2,0,2,-2,0
778362,2,bottom,3,2,2,0,2,-2,0
778362,3,top,0,0,1,0,3,-3,0
778362,3,top,1,2,1,0,3,-3,0
778362,3,top,2,0,1,0,3,-3,0
778362,3,top,3,0,0,0,3,-3,0
778362,3,bottom,1,2,0,0,3,-3,0
778362,3,bottom,2,0,1,0,3,-3,0
778362,3,bottom,3,0,0,0,3,-3,0
778362,4,top,0,4,0,0,3,-3,0
778362,4,top,2,1,0,0,3,-3,0
778362,4,top,3,2,2,0,3,-3,0
778362,4,bottom,1,2,3,0,3,-3,0
778362,4,bottom,2,1,1,0,3,-3,0
778362,4,bottom,3,0,1,0,3,-3,0
778362,5,top,0,0,2,0,3,-3,0
778362,5,top,0,0,0,0,3,-3,0
778362,5,top,2,1,2,0,3,-3,0
778362,5,top,3,2,1,0,3,-3,0
778362,5,bottom,1,2,3,0,3,-3,0
778362,5,bottom,1,4,1,0,3,-3,0
778362,5,bottom,2,3,2,0,3,-3,0
778362,5,bottom,2,1,1,2,3,-1,0
778362,5,bottom,3,3,3,2,3,-1,0
778362,6,top,0,4,1,2,3,-1,0
778362,6,top,1,1,3,2,3,-1,0
778362,6,top,3,0,0,2,3,-1,0
778362,6,bottom,1,0,0,2,3,-1,0
778362,6,bottom,2,3,3,2,3,-1,0
778362,6,bottom,2,2,0,3,3,0,0
778362,6,bottom,2,4,2,3,3,0,0
778362,6,bottom,2,2,2,3,3,0,0
778362,6,bottom,2,3,2,5,3,2,0
778362,6,bottom,2,1,0,5,3,2,0
778362,6,bottom,3,2,2,5,3,2,0
778362,7,top,0,0,1,5,3,2,0
778362,7,top,0,1,1,5,3,2,0
778362,7,top,2,1,1,5,4,1,0
778362,7,top,3,1,1,5,4,1,0
778362,7,bottom,1,2,1,5,4,1,0
778362,7,bottom,2,3,3,5,4,1,0
778362,7,bottom,3,0,1,5,4,1,0
778362,8,top,1,1,2,5,4,1,0
778362,8,top,2,0,0,5,4,1,0
778362,8,top,3,1,3,5,4,1,0
778362,8,bottom,1,3,2,5,4,1,0
778362,8,bottom,1,0,0,5,4,1,0
778362,8,bottom,3,1,2,5,4,1,0
778362,9,top,1,0,1,5,4,1,0
778362,9,top,1,4,0,5,4,1,0
778362,9,top,1,4,2,5,4,1,0
778362,9,top,2,0,0,5,4,1,0
778362,9,top,3,1,3,5,4,1,0
778344,1,top,1,3,2,0,0,0,1
778344,1,top,2,2,3,0,0,0,1
778344,1,top,3,1,3,0,0,0,1
778344,1,bottom,0,2,1,0,0,0,1
778344,1,bottom,1,0,3,0,0,0,1
778344,1,bottom,1,0,2,0,0,0,1
778344,1,bottom,2,2,3,0,0,0,1
778344,1,bottom,3,3,3,1,0,1,1
778344,2,top,1,0,0,1,0,1,1
778344,2,top,2,1,1,1,0,1,1
778344,2,top,2,2,2,1,1,0,1
778344,2,top,2,0,0,1,1,0,1
778344,2,top,3,3,2,1,1,0,1
778344,2,bottom,1,3,2,1,1,0,1
778344,2,bottom,2,1,1,1,1,0,1
778344,2,bottom,2,1,2,2,1,1,1
778344,2,bottom,3,0,1,2,1,1,1
778344,3,top,0,3,1,2,1,1,1
778344,3,top,0,1,2,2,1,1,1
778344,3,top,0,0,2,2,2,0,1
778344,3,top,1,0,0,2,2,0,1
778344,3,top,3,0,0,2,2,0,1
778344,3,bottom,0,1,1,2,2,0,1
778344,3,bottom,0,0,0,3,2,1,1
778344,3,bottom,1,0,0,3,2,1,1
778344,3,bottom,2,3,3,3,2,1,1
778344,3,bottom,2,4,0,3,2,1,1
778344,3,bottom,3,1,1,3,2,1,1
778344,4,top,0,0,1,3,2,1,1
778344,4,top,1,2,2,3,2,1,1
778344,4,top,2,0,1,3,2,1,1
778344,4,top,3,1,0,3,2,1,1
778344,4,bottom,0,0,1,4,2,2,1
778344,4,bottom,1,3,3,4,2,2,1
778344,4,bottom,1,0,0,4,2,2,1
778344,4,bottom,2,1,2,4,2,2,1
778344,4,bottom,2,0,1,4,2,2,1
778344,4,bottom,3,2,2,4,2,2,1
778344,5,top,0,4,2,4,2,2,1
778344,5,top,1,1,0,4,2,2,1
778344,5,top,1,3,2,4,2,2,1
778344,5,top,2,1,1,4,2,2,1
778344,5,top,3,2,3,4,2,2,1
778344,5,bottom,1,1,0,4,2,2,1
778344,5,bottom,2,2,1,4,2,2,1
778344,5,bottom,3,0,3,4,2,2,1
778344,6,top,1,2,2,4,2,2,1
778344,6,top,2,1,3,4,2,2,1
778344,6,top,2,0,0,4,2,2,1
778344,6,top,2,0,1,4,3,1,1
778344,6,top,2,4,0,4,3,1,1
778344,6,top,3,2,3,4,3,1,1
778344,6,bottom,1,0,0,4,3,1,1
778344,6,bottom,1,1,2,4,3,1,1
778344,6,bottom,1,2,0,4,3,1,1
778344,6,bottom,1,2,1,6,3,3,1
778344,6,bottom,2,1,0,6,3,3,1
778344,6,bottom,3,2,0,6,3,3,1
778344,7,top,1,3,1,6,3,3,1
778344,7,top,2,1,2,6,3,3,1
778344,7,top,3,1,0,6,3,3,1
778344,7,bottom,1,1,1,6,3,3,1
778344,7,bottom,2,0,1,6,3,3,1
778344,7,bottom,2,4,1,6,3,3,1
778344,7,bottom,3,1,3,6,3,3,1
778344,8,top,0,1,2,6,3,3,1
778344,8,top,0,2,2,6,4,2,1
778344,8,top,0,1,1,6,4,2,1
778344,8,top,1,2,0,6,4,2,1
778344,8,top,2,0,1,6,5,1,1
778344,8,top,2,0,2,6,6,0,1
778344,8,top,3,1,2,6,6,0,1
778344,8,bottom,1,0,3,6,6,0,1
778344,8,bottom,2,2,3,6,6,0,1
778344,8,bottom,3,3,2,6,6,0,1
778344,9,top,0,2,2,6,6,0,1
778344,9,top,2,1,2,6,6,0,1
778344,9,top,3,1,1,6,6,0,1
778344,9,bottom,1,1,3,6,6,0,1
778344,9,bottom,1,0,2,6,6,0,1
778344,9,bottom,2,3,3,6,6,0,1
778344,9,bottom,3,0,0,6,6,0,1
778344,10,top,1,2,2,6,6,0,1
778344,10,top,1,0,0,6,6,0,1
778344,10,top,1,0,2,6,7,-1,1
778344,10,top,2,0,1,6,7,-1,1
778344,10,top,3,0,1,6,7,-1,1
778344,10,bottom,1,0,1,6,7,-1,1
778344,10,bottom,2,0,3,6,7,-1,1
778344,10,bottom,3,2,3,6,7,-1,1
778322,1,top,1,0,0,0,0,0,0
778322,1,top,2,1,2,0,0,0,0
778322,1,top,2,4,2,0,0,0,0
778322,1,top,2,0,1,0,2,-2,0
778322,1,top,3,2,2,0,2,-2,0
778322,1,bottom,1,0,1,0,2,-2,0
778322,1,bottom,2,0,2,0,2,-2,0
778322,1,bottom,3,0,2,0,2,-2,0
778322,2,top,0,4,2,0,2,-2,0
778322,2,top,2,0,0,0,2,-2,0
778322,2,top,3,0,1,0,2,-2,0
778322,2,bottom,1,2,2,0,2,-2,0
778322,2,bottom,2,0,0,0,2,-2,0
778322,2,bottom,3,2,3,0,2,-2,0
778322,3,top,0,0,0,0,2,-2,0
778322,3,top,1,0,1,0,2,-2,0
778322,3,top,1,0,0,0,4,-4,0
778322,3,top,1,4,2,0,4,-4,0
778322,3,top,3,1,2,0,4,-4,0
778322,3,bottom,1,1,0,0,4,-4,0
778322,3,bottom,2,2,2,0,4,-4,0
778322,3,bottom,3,0,0,0,4,-4,0
778322,4,top,1,2,3,0,4,-4,0
778322,4,top,2,0,0,0,4,-4,0
778322,4,top,3,1,3,0,4,-4,0
778322,4,bottom,1,0,3,0,4,-4,0
778322,4,bottom,2,0,1,0,4,-4,0
778322,4,bottom,3,0,1,0,4,-4,0
778322,5,top,0,2,2,0,4,-4,0
778322,5,top,0,4,1,0,4,-4,0
778322,5,top,0,0,0,0,5,-5,0
778322,5,top,0,0,0,0,8,-8,0
778322,5,top,1,0,3,0,8,-8,0
778322,5,top,2,2,1,0,8,-8,0
778322,5,top,3,0,2,0,8,-8,0
778322,5,bottom,0,4,2,0,8,-8,0
778322,5,bottom,2,1,1,0,8,-8,0
778322,5,bottom,3,3,2,0,8,-8,0
778322,6,top,1,2,2,0,8,-8,0
778322,6,top,2,0,0,0,8,-8,0
778322,6,top,3,2,1,0,8,-8,0
778322,6,bottom,0,3,2,1,8,-7,0
778322,6,bottom,1,1,1,1,8,-7,0
778322,6,bottom,2,2,3,1,8,-7,0
778322,6,bottom,3,0,3,1,8,-7,0
778322,7,top,1,0,1,1,8,-7,0
778322,7,top,2,1,1,1,8,-7,0
778322,7,top,3,0,1,1,8,-7,0
778322,7,bottom,1,1,0,1,8,-7,0
778322,7,bottom,2,0,1,1,8,-7,0
778322,7,bottom,3,1,2,1,8,-7,0
778322,8,top,1,0,1,1,8,-7,0
778322,8,top,1,3,1,1,8,-7,0
778322,8,top,2,1,2,1,8,-7,0
778322,8,top,3,1,1,1,8,-7,0
778322,8,bottom,1,1,1,1,8,-7,0
778322,8,bottom,1,3,1,1,8,-7,0
778322,8,bottom,1,4,2,1,8,-7,0
778322,8,bottom,2,0,1,1,8,-7,0
778322,8,bottom,2,0,0,3,8,-5,0
778322,8,bottom,3,0,3,3,8,-5,0
778322,9,top,1,2,2,3,8,-5,0
778322,9,top,2,0,0,3,8,-5,0
778322,9,top,3,1,3,3,8,-5,0
778322,9,bottom,1,1,0,3,8,-5,0
778322,9,bottom,1,1,1,3,8,-5,0
778322,9,bottom,2,1,2,3,8,-5,0
778322,9,bottom,2,1,2,4,8,-4,0
778322,9,bottom,3,1,3,4,8,-4,0
778311,1,top,1,0,2,0,0,0,1
778311,1,top,1,3,2,0,1,-1,1
778311,1,top,2,1,1,0,1,-1,1
778311,1,top,3,2,3,0,1,-1,1
778311,1,bottom,1,0,0,0,1,-1,1
778311,1,bottom,1,4,1,0,1,-1,1
778311,1,bottom,1,0,1,0,1,-1,1
778311,1,bottom,2,3,3,0,1,-1,1
778311,1,bottom,3,2,1,0,1,-1,1
778311,2,top,1,2,1,0,1,-1,1
778311,2,top,1,0,0,0,1,-1,1
778311,2,top,2,1,3,0,1,-1,1
778311,2,top,3,1,3,0,1,-1,1
778311,2,bottom,1,0,1,0,1,-1,1
778311,2,bottom,2,2,2,0,1,-1,1
778311,2,bottom,3,0,3,0,1,-1,1
778311,3,top,0,1,1,0,1,-1,1
778311,3,top,1,0,3,0,1,-1,1
778311,3,top,2,3,2,0,1,-1,1
778311,3,top,3,1,3,0,1,-1,1
778311,3,bottom,0,0,1,0,1,-1,1
778311,3,bottom,1,1,1,0,1,-1,1
778311,3,bottom,1,3,2,1,1,0,1
778311,3,bottom,2,2,0,1,1,0,1
778311,3,bottom,3,0,1,1,1,0,1
778311,4,top,1,3,2,1,1,0,1
778311,4,top,2,1,0,1,1,0,1
778311,4,top,2,1,2,1,1,0,1
778311,4,top,3,1,1,1,1,0,1
778311,4,bottom,1,0,0,1,1,0,1
778311,4,bottom,2,1,3,1,1,0,1
778311,4,bottom,3,1,0,1,1,0,1
778311,5,top,1,0,1,1,1,0,1
778311,5,top,2,2,2,1,1,0,1
778311,5,top,3,1,1,1,1,0,1
778311,5,bottom,0,3,2,1,1,0,1
778311,5,bottom,0,0,0,3,1,2,1
778311,5,bottom,0,0,2,3,1,2,1
778311,5,bottom,0,4,2,3,1,2,1
778311,5,bottom,0,0,0,6,1,5,1
778311,5,bottom,1,1,2,6,1,5,1
778311,5,bottom,2,3,2,6,1,5,1
778311,5,bottom,3,3,2,6,1,5,1
778311,6,top,1,0,1,6,1,5,1
778311,6,top,1,3,2,6,2,4,1
778311,6,top,2,3,3,6,2,4,1
778311,6,top,3,0,2,6,2,4,1
778311,6,bottom,1,3,3,6,2,4,1
778311,6,bottom,2,2,2,6,2,4,1
778311,6,bottom,3,3,3,6,2,4,1
778311,7,top,0,4,1,6,2,4,1
778311,7,top,1,0,1,6,2,4,1
778311,7,top,2,3,2,6,2,4,1
778311,7,top,3,2,3,6,2,4,1
778311,7,bottom,1,1,1,6,2,4,1
778311,7,bottom,2,2,0,6,2,4,1
778311,7,bottom,3,2,0,6,2,4,1
778311,8,top,1,2,0,6,2,4,1
778311,8,top,2,3,3,6,2,4,1
778311,8,top,2,4,2,6,2,4,1
778311,8,top,3,1,3,6,2,4,1
778311,8,bottom,1,1,2,6,2,4,1
778311,8,bottom,2,1,2,6,2,4,1
778311,8,bottom,2,4,2,6,2,4,1
778311,8,bottom,3,2,1,6,2,4,1
778311,9,top,0,3,2,6,3,3,1
778311,9,top,1,0,2,6,3,3,1
778311,9,top,2,1,2,6,3,3,1
778311,9,top,2,0,0,6,3,3,1
778311,9,top,3,3,2,6,3,3,1
778297,1,top,1,1,3,0,0,0,1
778297,1,top,2,2,3,0,0,0,1
778297,1,top,3,1,3,0,0,0,1
778297,1,bottom,1,0,3,0,0,0,1
778297,1,bottom,2,1,3,0,0,0,1
778297,1,bottom,2,3,2,0,0,0,1
778297,1,bottom,3,1,1,0,0,0,1
778297,2,top,1,1,1,0,0,0,1
778297,2,top,1,4,1,0,0,0,1
778297,2,top,2,2,3,0,0,0,1
778297,2,top,3,1,2,0,0,0,1
778297,2,bottom,0,2,1,0,0,0,1
778297,2,bottom,0,3,2,0,0,0,1
778297,2,bottom,1,2,1,0,0,0,1
778297,2,bottom,2,3,2,0,0,0,1
778297,2,bottom,3,3,3,0,0,0,1
778297,3,top,0,4,2,0,0,0,1
778297,3,top,1,0,1,0,0,0,1
778297,3,top,2,1,3,0,0,0,1
778297,3,top,3,1,3,0,0,0,1
778297,3,bottom,0,1,1,0,0,0,1
778297,3,bottom,0,2,1,1,0,1,1
778297,3,bottom,1,1,2,1,0,1,1
778297,3,bottom,3,0,2,1,0,1,1
778297,4,top,0,1,2,1,0,1,1
778297,4,top,1,0,1,1,0,1,1
778297,4,top,2,2,2,1,0,1,1
778297,4,top,3,0,3,1,0,1,1
778297,4,bottom,1,3,2,1,0,1,1
778297,4,bottom,2,1,1,1,0,1,1
778297,4,bottom,3,1,3,1,0,1,1
778297,5,top,1,0,3,1,0,1,1
778297,5,top,1,3,2,1,0,1,1
778297,5,top,1,2,0,1,0,1,1
778297,5,top,2,3,3,1,0,1,1
778297,5,top,3,2,3,1,0,1,1
778297,5,bottom,1,3,3,1,0,1,1
778297,5,bottom,2,2,1,1,0,1,1
778297,5,bottom,3,0,0,1,0,1,1
778297,6,top,1,2,3,1,0,1,1
778297,6,top,1,4,2,1,0,1,1
778297,6,top,2,2,3,1,0,1,1
778297,6,top,3,1,3,1,0,1,1
778297,6,bottom,0,3,2,2,0,2,1
778297,6,bottom,0,4,1,2,0,2,1
778297,6,bottom,1,0,2,2,0,2,1
778297,6,bottom,2,1,3,2,0,2,1
778297,6,bottom,2,4,2,2,0,2,1
778297,6,bottom,3,0,3,2,0,2,1
778297,7,top,1,1,2,2,0,2,1
778297,7,top,1,1,1,2,0,2,1
778297,7,top,2,0,3,2,0,2,1
778297,7,top,3,1,3,2,0,2,1
778297,7,bottom,1,0,1,2,0,2,1
778297,7,bottom,1,4,2,2,0,2,1
778297,7,bottom,1,3,2,3,0,3,1
778297,7,bottom,1,4,2,3,0,3,1
778297,7,bottom,3,1,2,3,0,3,1
778297,8,top,1,2,3,3,0,3,1
778297,8,top,2,2,3,3,0,3,1
778297,8,top,3,1,3,3,0,3,1
778297,8,bottom,1,3,2,3,0,3,1
778297,8,bottom,2,3,2,3,0,3,1
778297,8,bottom,3,0,0,3,0,3,1
778297,9,top,1,2,2,3,0,3,1
778297,9,top,1,1,2,3,1,2,1
778297,9,top,2,0,2,3,1,2,1
778297,9,top,3,2,3,3,1,2,1
778273,1,top,1,2,0,0,0,0,1
778273,1,top,2,2,0,0,0,0,1
778273,1,top,3,3,3,0,0,0,1
778273,1,bottom,0,2,2,0,0,0,1
778273,1,bottom,1,2,1,0,0,0,1
778273,1,bottom,2,0,0,1,0,1,1
778273,1,bottom,3,0,1,1,0,1,1
778273,2,top,1,0,0,1,0,1,1
778273,2,top,2,0,3,1,0,1,1
778273,2,top,2,0,0,1,1,0,1
778273,2,top,3,0,3,1,1,0,1
778273,2,bottom,0,2,2,1,1,0,1
778273,2,bottom,1,1,2,1,1,0,1
778273,2,bottom,1,4,2,1,1,0,1
778273,2,bottom,1,0,0,1,1,0,1
778273,2,bottom,2,1,0,2,1,1,1
778273,2,bottom,3,0,0,2,1,1,1
778273,3,top,1,1,2,2,1,1,1
778273,3,top,2,1,3,2,1,1,1
778273,3,top,3,2,2,2,1,1,1
778273,3,bottom,1,0,1,2,1,1,1
778273,3,bottom,2,0,0,2,1,1,1
778273,3,bottom,3,0,1,2,1,1,1
778273,4,top,1,0,1,2,1,1,1
778273,4,top,2,0,0,2,1,1,1
778273,4,top,2,3,2,2,1,1,1
778273,4,top,3,0,2,2,1,1,1
778273,4,bottom,0,0,0,2,1,1,1
778273,4,bottom,1,0,1,2,1,1,1
778273,4,bottom,1,0,2,3,1,2,1
778273,4,bottom,1,0,0,3,1,2,1
778273,4,bottom,2,2,3,3,1,2,1
778273,4,bottom,3,0,1,3,1,2,1
778273,5,top,0,4,1,3,1,2,1
778273,5,top,0,0,0,3,1,2,1
778273,5,top,2,1,1,3,1,2,1
778273,5,top,3,3,2,3,1,2,1
778273,5,bottom,0,4,2,3,1,2,1
778273,5,bottom,0,1,2,3,1,2,1
778273,5,bottom,1,0,0,3,1,2,1
778273,5,bottom,2,2,3,3,1,2,1
778273,5,bottom,3,0,2,3,1,2,1
778273,6,top,1,0,0,3,1,2,1
778273,6,top,1,2,2,3,1,2,1
778273,6,top,2,1,3,3,1,2,1
778273,6,top,3,0,0,3,1,2,1
778273,6,bottom,1,0,0,3,1,2,1
778273,6,bottom,2,3,3,3,1,2,1
778273,6,bottom,3,0,0,3,1,2,1
778273,7,top,0,4,1,3,1,2,1
778273,7,top,1,2,2,3,1,2,1
778273,7,top,2,3,1,3,1,2,1
778273,7,top,3,2,2,3,1,2,1
778273,7,bottom,1,3,1,3,1,2,1
778273,7,bottom,2,1,1,3,1,2,1
778273,7,bottom,3,1,3,3,1,2,1
778273,8,top,1,0,0,3,1,2,1
778273,8,top,1,3,2,3,1,2,1
778273,8,top,3,3,1,3,1,2,1
778273,8,bottom,1,0,1,3,1,2,1
778273,8,bottom,2,1,1,3,1,2,1
778273,8,bottom,3,1,1,3,1,2,1
778273,9,top,1,1,0,3,1,2,1
778273,9,top,2,3,3,3,1,2,1
778273,9,top,3,3,3,3,1,2,1
778258,1,top,1,0,1,0,0,0,0
778258,1,top,2,1,0,0,0,0,0
778258,1,top,2,4,1,0,0,0,0
778258,1,top,3,1,3,0,0,0,0
778258,1,bottom,1,0,0,0,0,0,0
778258,1,bottom,1,0,1,0,0,0,0
778258,1,bottom,1,1,2,1,0,1,0
778258,1,bottom,1,2,2,1,0,1,0
778258,1,bottom,2,0,3,1,0,1,0
778258,1,bottom,3,1,3,1,0,1,0
778258,2,top,0,4,2,1,0,1,0
778258,2,top,1,1,2,1,0,1,0
778258,2,top,2,1,2,1,0,1,0
778258,2,top,3,2,1,1,0,1,0
778258,2,bottom,1,1,3,1,0,1,0
778258,2,bottom,1,1,2,1,0,1,0
778258,2,bottom,2,1,1,1,0,1,0
778258,2,bottom,3,0,2,1,0,1,0
778258,3,top,1,1,0,1,0,1,0
778258,3,top,2,1,0,1,0,1,0
778258,3,top,3,2,1,1,0,1,0
778258,3,bottom,0,4,2,1,0,1,0
778258,3,bottom,1,0,0,1,0,1,0
778258,3,bottom,1,3,2,1,0,1,0
778258,3,bottom,2,1,1,1,0,1,0
778258,3,bottom,2,3,2,1,0,1,0
778258,3,bottom,3,1,3,1,0,1,0
778258,4,top,0,0,0,1,0,1,0
778258,4,top,1,2,2,1,0,1,0
778258,4,top,1,4,1,1,0,1,0
778258,4,top,2,0,3,1,0,1,0
778258,4,top,3,0,0,1,0,1,0
778258,4,bottom,1,2,3,1,0,1,0
778258,4,bottom,2,2,3,1,0,1,0
778258,4,bottom,2,4,2,1,0,1,0
778258,4,bottom,3,1,3,1,0,1,0
778258,5,top,0,1,0,1,0,1,0
778258,5,top,0,4,1,1,0,1,0
778258,5,top,1,0,0,1,0,1,0
778258,5,top,2,0,1,1,0,1,0
778258,5,top,2,1,0,1,2,-1,0
778258,5,top,3,1,3,1,2,-1,0
778258,5,bottom,1,2,3,1,2,-1,0
778258,5,bottom,1,0,1,1,2,-1,0
778258,5,bottom,2,3,3,1,2,-1,0
778258,5,bottom,2,1,2,2,2,0,0
778258,5,bottom,3,0,1,2,2,0,0
778258,6,top,1,0,0,2,2,0,0
778258,6,top,2,2,0,2,2,0,0
778258,6,top,3,0,1,2,2,0,0
778258,6,bottom,0,2,2,2,2,0,0
778258,6,bottom,1,1,0,2,2,0,0
778258,6,bottom,1,2,1,3,2,1,0
778258,6,bottom,2,0,3,3,2,1,0
778258,6,bottom,3,1,2,3,2,1,0
778258,7,top,0,2,1,3,3,0,0
778258,7,top,1,1,3,3,3,0,0
778258,7,top,2,0,3,3,3,0,0
778258,7,top,2,3,2,3,3,0,0
778258,7,top,3,2,2,3,3,0,0
778258,7,bottom,1,3,3,3,3,0,0
778258,7,bottom,1,4,1,3,3,0,0
778258,7,bottom,3,2,1,3,3,0,0
778258,8,top,1,2,2,3,3,0,0
778258,8,top,2,0,3,3,3,0,0
778258,8,top,3,2,3,3,3,0,0
778258,8,bottom,1,0,0,3,3,0,0
778258,8,bottom,1,0,0,3,3,0,0
778258,8,bottom,2,0,0,3,3,0,0
778258,8,bottom,3,3,2,3,3,0,0
778258,9,top,1,1,1,3,3,0,0
778258,9,top,2,1,2,3,3,0,0
778258,9,top,2,2,2,3,3,0,0
778258,9,top,2,2,2,3,3,0,0
778258,9,top,3,1,3,3,3,0,0
778258,9,bottom,0,0,1,3,3,0,0
778258,9,bottom,0,0,0,3,3,0,0
778258,9,bottom,1,0,2,3,3,0,0
778258,9,bottom,2,2,1,3,3,0,0
778258,9,bottom,3,0,1,3,3,0,0
778258,10,top,0,4,0,3,3,0,0
778258,10,top,1,3,3,3,3,0,0
778258,10,top,1,4,2,3,3,0,0
778258,10,top,3,0,1,3,3,0,0
778258,10,bottom,1,3,2,3,3,0,0
778258,10,bottom,2,1,1,3,3,0,0
778258,10,bottom,3,2,0,3,3,0,0
778258,11,top,1,2,3,3,3,0,0
778258,11,top,2,1,2,3,3,0,0
778258,11,top,3,0,1,3,3,0,0
778258,11,bottom,1,1,0,3,3,0,0
778258,11,bottom,2,1,3,3,3,0,0
778258,11,bottom,2,4,0,3,3,0,0
778258,11,bottom,3,0,0,3,3,0,0
778258,12,top,1,2,1,3,3,0,0
778258,12,top,1,4,2,3,3,0,0
778258,12,top,1,4,0,3,3,0,0
778258,12,top,1,0,0,3,4,-1,0
778258,12,top,2,3,2,3,4,-1,0
778258,12,top,2,3,2,3,8,-5,0
778258,12,top,2,2,2,3,8,-5,0
778258,12,top,3,1,3,3,8,-5,0
778258,12,bottom,1,3,2,3,8,-5,0
778258,12,bottom,2,1,2,4,8,-4,0
778258,12,bottom,3,1,0,4,8,-4,0
778241,1,top,0,1,1,0,1,-1,0
778241,1,top,0,0,0,0,1,-1,0
778241,1,top,0,2,1,0,3,-3,0
778241,1,top,1,3,3,0,3,-3,0
778241,1,top,2,3,3,0,3,-3,0
778241,1,top,2,0,0,0,3,-3,0
778241,1,top,3,1,3,0,3,-3,0
778241,1,bottom,0,1,1,0,3,-3,0
778241,1,bottom,0,4,0,0,3,-3,0
778241,1,bottom,1,1,3,0,3,-3,0
778241,1,bottom,2,0,0,0,3,-3,0
778241,1,bottom,3,2,3,0,3,-3,0
778241,2,top,0,4,1,0,3,-3,0
778241,2,top,0,1,2,0,3,-3,0
778241,2,top,1,2,3,0,3,-3,0
778241,2,top,1,4,0,0,3,-3,0
778241,2,top,2,2,3,0,3,-3,0
778241,2,top,2,0,0,0,5,-5,0
778241,2,top,2,0,0,0,6,-6,0
778241,2,top,3,2,3,0,6,-6,0
778241,2,bottom,0,2,0,0,6,-6,0
778241,2,bottom,0,1,1,0,6,-6,0
778241,2,bottom,0,2,2,1,6,-5,0
778241,2,bottom,1,1,0,1,6,-5,0
778241,2,bottom,1,0,2,2,6,-4,0
778241,2,bottom,1,1,1,2,6,-4,0
778241,2,bottom,2,0,3,2,6,-4,0
778241,2,bottom,3,0,2,2,6,-4,0
778241,3,top,0,0,1,2,6,-4,0
778241,3,top,1,1,3,2,6,-4,0
778241,3,top,2,1,2,2,6,-4,0
778241,3,top,3,1,3,2,6,-4,0
778241,3,bottom,0,1,2,2,6,-4,0
778241,3,bottom,0,4,0,2,6,-4,0
778241,3,bottom,1,2,2,2,6,-4,0
778241,3,bottom,1,1,2,2,6,-4,0
778241,3,bottom,2,1,0,3,6,-3,0
778241,3,bottom,3,0,2,3,6,-3,0
778241,4,top,0,0,3,3,6,-3,0
778241,4,top,1,1,3,3,6,-3,0
778241,4,top,2,2,3,3,6,-3,0
778241,4,top,3,0,1,3,6,-3,0
778241,4,bottom,0,0,2,3,6,-3,0
778241,4,bottom,1,1,2,3,6,-3,0
778241,4,bottom,2,0,3,3,6,-3,0
778241,4,bottom,3,2,1,3,6,-3,0
778241,5,top,1,1,2,3,6,-3,0
778241,5,top,2,0,3,3,6,-3,0
778241,5,top,3,0,2,3,6,-3,0
778241,5,bottom,1,2,3,3,6,-3,0
778241,5,bottom,2,2,2,3,6,-3,0
778241,5,bottom,2,1,1,3,6,-3,0
778241,5,bottom,3,3,2,3,6,-3,0
778241,6,top,0,1,2,3,6,-3,0
778241,6,top,1,1,1,3,6,-3,0
778241,6,top,2,1,2,3,6,-3,0
778241,6,top,3,2,3,3,6,-3,0
778241,6,bottom,1,0,0,3,6,-3,0
778241,6,bottom,2,1,0,3,6,-3,0
778241,6,bottom,3,0,1,3,6,-3,0
778241,7,top,1,0,3,3,6,-3,0
778241,7,top,1,2,2,3,6,-3,0
778241,7,top,1,2,0,3,8,-5,0
778241,7,top,1,1,0,3,8,-5,0
778241,7,top,2,0,3,3,8,-5,0
778241,7,top,3,3,3,3,8,-5,0
778241,7,bottom,0,1,0,3,8,-5,0
778241,7,bottom,0,4,2,3,8,-5,0
778241,7,bottom,1,0,3,3,8,-5,0
778241,7,bottom,2,0,0,3,8,-5,0
778241,7,bottom,3,0,3,3,8,-5,0
778241,8,top,0,0,1,3,8,-5,0
778241,8,top,1,2,2,3,8,-5,0
778241,8,top,3,3,3,3,8,-5,0
778241,8,bottom,0,1,0,3,8,-5,0
778241,8,bottom,1,1,2,3,8,-5,0
778241,8,bottom,1,4,1,3,8,-5,0
778241,8,bottom,3,1,1,3,8,-5,0
778241,9,top,1,2,2,3,8,-5,0
778241,9,top,2,3,2,3,8,-5,0
778241,9,top,3,1,3,3,8,-5,0
778241,9,bottom,1,2,2,3,8,-5,0
778241,9,bottom,2,2,0,3,8,-5,0
778241,9,bottom,3,0,0,3,8,-5,0
778231,1,top,1,0,3,0,0,0,0
778231,1,top,2,3,1,0,0,0,0
778231,1,top,3,0,2,0,0,0,0
778231,1,bottom,0,4,2,0,0,0,0
778231,1,bottom,2,0,2,0,0,0,0
778231,1,bottom,3,1,2,0,0,0,0
778231,2,top,0,0,0,0,0,0,0
778231,2,top,1,3,3,0,0,0,0
778231,2,top,2,2,3,0,0,0,0
778231,2,top,3,0,0,0,0,0,0
778231,2,bottom,0,3,2,0,0,0,0
778231,2,bottom,1,2,3,0,0,0,0
778231,2,bottom,2,2,1,0,0,0,0
778231,2,bottom,3,1,3,0,0,0,0
778231,3,top,1,3,3,0,0,0,0
778231,3,top,2,0,3,0,0,0,0
778231,3,top,3,0,1,0,0,0,0
778231,3,bottom,1,0,0,0,0,0,0
778231,3,bottom,1,4,2,0,0,0,0
778231,3,bottom,2,2,3,0,0,0,0
778231,3,bottom,3,3,3,0,0,0,0
778231,4,top,1,1,1,0,0,0,0
778231,4,top,2,3,1,0,0,0,0
778231,4,top,2,4,2,0,0,0,0
778231,4,top,3,0,0,0,0,0,0
778231,4,bottom,1,1,1,0,0,0,0
778231,4,bottom,2,0,1,0,0,0,0
778231,4,bottom,3,1,3,0,0,0,0
778231,5,top,1,2,2,0,0,0,0
778231,5,top,2,0,0,0,0,0,0
778231,5,top,3,3,3,0,0,0,0
778231,5,bottom,1,2,3,0,0,0,0
778231,5,bottom,1,0,0,0,0,0,0
778231,5,bottom,1,0,1,0,0,0,0
778231,5,bottom,1,1,1,1,0,1,0
778231,5,bottom,1,0,0,3,0,3,0
778231,5,bottom,1,4,0,3,0,3,0
778231,5,bottom,1,0,2,4,0,4,0
778231,5,bottom,3,2,1,4,0,4,0
778231,6,top,1,0,3,4,0,4,0
778231,6,top,1,1,0,4,0,4,0
778231,6,top,3,3,2,4,0,4,0
778231,6,bottom,1,3,2,4,0,4,0
778231,6,bottom,2,0,1,4,0,4,0
778231,6,bottom,3,3,2,4,0,4,0
778231,7,top,1,1,3,4,0,4,0
778231,7,top,2,3,3,4,0,4,0
778231,7,top,3,2,2,4,0,4,0
778231,7,bottom,1,2,3,4,0,4,0
778231,7,bottom,1,2,0,4,0,4,0
778231,7,bottom,2,1,1,4,0,4,0
778231,7,bottom,2,0,0,5,0,5,0
778231,7,bottom,3,1,1,5,0,5,0
778231,8,top,1,1,2,5,0,5,0
778231,8,top,2,1,1,5,0,5,0
778231,8,top,2,1,3,5,0,5,0
778231,8,top,3,2,3,5,0,5,0
778231,8,bottom,0,4,0,5,0,5,0
778231,8,bottom,1,1,3,5,0,5,0
778231,8,bottom,1,0,2,5,0,5,0
778231,8,bottom,1,1,1,5,0,5,0
778231,8,bottom,1,0,0,7,0,7,0
778231,8,bottom,2,1,3,7,0,7,0
778231,8,bottom,3,2,1,7,0,7,0
778231,9,top,1,2,2,7,0,7,0
778231,9,top,2,3,2,7,0,7,0
778231,9,top,3,2,2,7,0,7,0
778217,1,top,1,2,2,0,0,0,0
778217,1,top,2,1,1,0,0,0,0
778217,1,top,3,1,2,0,0,0,0
778217,1,bottom,0,0,2,0,0,0,0
778217,1,bottom,0,0,0,0,0,0,0
778217,1,bottom,1,1,2,0,0,0,0
778217,1,bottom,1,2,2,1,0,1,0
778217,1,bottom,1,1,0,2,0,2,0
778217,1,bottom,2,1,2,3,0,3,0
778217,1,bottom,3,1,0,3,0,3,0
778217,2,top,1,3,3,3,0,3,0
778217,2,top,2,0,0,3,0,3,0
778217,2,top,3,0,2,3,0,3,0
778217,2,bottom,1,2,2,3,0,3,0
778217,2,bottom,2,0,0,3,0,3,0
778217,2,bottom,3,0,1,3,0,3,0
778217,3,top,1,0,0,3,0,3,0
778217,3,top,2,2,2,3,0,3,0
778217,3,top,2,2,1,3,1,2,0
778217,3,top,3,0,1,3,1,2,0
778217,3,bottom,1,0,2,3,1,2,0
778217,3,bottom,2,2,1,3,1,2,0
778217,3,bottom,2,0,2,3,1,2,0
778217,3,bottom,2,1,0,3,1,2,0
778217,3,bottom,2,2,0,3,1,2,0
778217,3,bottom,3,1,2,3,1,2,0
778217,4,top,1,1,3,3,1,2,0
778217,4,top,2,2,1,3,1,2,0
778217,4,top,2,4,2,3,1,2,0
778217,4,top,3,3,2,3,1,2,0
778217,4,bottom,1,2,3,3,1,2,0
778217,4,bottom,2,0,2,3,1,2,0
778217,4,bottom,3,0,2,3,1,2,0
778217,5,top,1,0,0,3,1,2,0
778217,5,top,2,1,2,3,1,2,0
778217,5,top,2,1,2,3,1,2,0
778217,5,top,3,1,1,3,1,2,0
778217,5,bottom,1,2,2,3,1,2,0
778217,5,bottom,2,0,2,3,1,2,0
778217,5,bottom,3,2,3,3,1,2,0
778217,6,top,1,2,0,3,1,2,0
778217,6,top,2,2,3,3,1,2,0
778217,6,top,3,0,0,3,1,2,0
778217,6,bottom,0,2,2,3,1,2,0
778217,6,bottom,0,4,2,3,1,2,0
778217,6,bottom,0,0,2,4,1,3,0
778217,6,bottom,1,1,3,4,1,3,0
778217,6,bottom,1,4,2,4,1,3,0
778217,6,bottom,2,2,3,4,1,3,0
778217,6,bottom,3,0,2,4,1,3,0
778217,7,top,1,2,2,4,1,3,0
778217,7,top,2,1,1,4,1,3,0
778217,7,top,2,4,0,4,1,3,0
778217,7,top,3,0,0,4,1,3,0
778217,7,bottom,0,2,1,5,1,4,0
778217,7,bottom,1,1,1,5,1,4,0
778217,7,bottom,1,3,0,5,1,4,0
778217,7,bottom,2,1,3,5,1,4,0
778217,7,bottom,3,0,1,5,1,4,0
778217,8,top,1,0,3,5,1,4,0
778217,8,top,2,2,3,5,1,4,0
778217,8,top,3,0,2,5,1,4,0
778217,8,bottom,1,1,3,5,1,4,0
778217,8,bottom,2,2,3,5,1,4,0
778217,8,bottom,3,0,3,5,1,4,0
778217,9,top,1,3,3,5,1,4,0
778217,9,top,2,1,3,5,1,4,0
778217,9,top,3,0,2,5,1,4,0
778200,1,top,1,0,0,0,0,0,0
778200,1,top,2,2,1,0,0,0,0
778200,1,top,3,1,3,0,0,0,0
778200,1,bottom,0,0,2,0,0,0,0
778200,1,bottom,0,1,2,0,0,0,0
778200,1,bottom,2,0,0,0,0,0,0
778200,1,bottom,3,1,3,0,0,0,0
778200,2,top,1,0,2,0,0,0,0
778200,2,top,1,3,2,0,0,0,0
778200,2,top,2,0,2,0,0,0,0
778200,2,top,3,3,1,0,0,0,0
778200,2,bottom,0,0,1,1,0,1,0
778200,2,bottom,0,2,1,1,0,1,0
778200,2,bottom,0,2,2,2,0,2,0
778200,2,bottom,0,0,2,2,0,2,0
778200,2,bottom,0,0,0,2,0,2,0
778200,2,bottom,1,0,1,2,0,2,0
778200,2,bottom,2,0,0,3,0,3,0
778200,2,bottom,3,0,1,3,0,3,0
778200,3,top,1,3,3,3,0,3,0
778200,3,top,2,0,0,3,0,3,0
778200,3,top,3,0,0,3,0,3,0
778200,3,bottom,1,2,2,3,0,3,0
778200,3,bottom,1,3,1,3,0,3,0
778200,3,bottom,2,0,1,3,0,3,0
778200,3,bottom,3,3,3,3,0,3,0
778200,4,top,0,2,0,3,0,3,0
778200,4,top,1,3,3,3,0,3,0
778200,4,top,1,2,1,3,1,2,0
778200,4,top,2,1,3,3,1,2,0
778200,4,top,3,1,1,3,1,2,0
778200,4,bottom,1,1,1,3,1,2,0
778200,4,bottom,2,2,2,3,1,2,0
778200,4,bottom,3,1,1,3,1,2,0
778200,5,top,1,1,0,3,1,2,0
778200,5,top,2,3,3,3,1,2,0
778200,5,top,3,1,0,3,1,2,0
778200,5,bottom,0,4,2,3,1,2,0
778200,5,bottom,1,2,2,3,1,2,0
778200,5,bottom,2,0,0,3,1,2,0
778200,5,bottom,3,3,2,3,1,2,0
778200,6,top,1,0,0,3,1,2,0
778200,6,top,2,3,3,3,1,2,0
778200,6,top,2,4,0,3,1,2,0
778200,6,top,3,0,0,3,1,2,0
778200,6,bottom,0,2,2,3,1,2,0
778200,6,bottom,0,1,0,3,1,2,0
778200,6,bottom,1,1,1,3,1,2,0
778200,6,bottom,2,3,3,3,1,2,0
778200,6,bottom,3,1,0,3,1,2,0
778200,7,top,1,1,0,3,1,2,0
778200,7,top,2,0,2,3,1,2,0
778200,7,top,3,0,1,3,1,2,0
778200,7,bottom,1,2,1,3,1,2,0
778200,7,bottom,1,1,0,3,1,2,0
778200,7,bottom,1,1,0,3,1,2,0
778200,7,bottom,2,0,3,3,1,2,0
778200,7,bottom,3,1,1,3,1,2,0
778200,8,top,1,0,1,3,1,2,0
778200,8,top,2,3,3,3,1,2,0
778200,8,top,2,0,0,3,1,2,0
778200,8,top,3,2,2,3,1,2,0
778200,8,bottom,0,1,2,3,1,2,0
778200,8,bottom,1,0,2,3,1,2,0
778200,8,bottom,2,0,3,3,1,2,0
778200,8,bottom,3,3,3,3,1,2,0
778200,9,top,1,2,3,3,1,2,0
778200,9,top,1,4,2,3,1,2,0
778200,9,top,1,0,0,3,1,2,0
778200,9,top,2,1,3,3,1,2,0
778200,9,top,3,0,1,3,1,2,0
778185,1,top,0,1,2,0,0,0,1
778185,1,top,1,2,3,0,0,0,1
778185,1,top,3,1,2,0,0,0,1
778185,1,bottom,1,0,0,0,0,0,1
778185,1,bottom,2,2,3,0,0,0,1
778185,1,bottom,3,1,3,0,0,0,1
778185,2,top,1,2,1,0,0,0,1
778185,2,top,2,0,1,0,0,0,1
778185,2,top,3,1,1,0,0,0,1
778185,2,bottom,1,1,2,0,0,0,1
778185,2,bottom,2,3,3,0,0,0,1
778185,2,bottom,3,0,1,0,0,0,1
778185,3,top,1,3,2,0,0,0,1
778185,3,top,2,1,2,0,0,0,1
778185,3,top,2,1,1,0,0,0,1
778185,3,top,3,1,2,0,0,0,1
778185,3,bottom,1,2,1,0,0,0,1
778185,3,bottom,1,0,0,0,0,0,1
778185,3,bottom,1,3,1,0,0,0,1
778185,3,bottom,2,3,2,0,0,0,1
778185,3,bottom,3,1,1,0,0,0,1
778185,4,top,0,4,1,0,0,0,1
778185,4,top,1,0,0,0,0,0,1
778185,4,top,2,1,3,0,0,0,1
778185,4,top,2,4,1,0,0,0,1
778185,4,top,3,1,0,0,0,0,1
778185,4,bottom,1,0,0,0,0,0,1
778185,4,bottom,2,1,2,0,0,0,1
778185,4,bottom,2,1,2,0,0,0,1
778185,4,bottom,2,4,1,0,0,0,1
778185,4,bottom,3,1,1,0,0,0,1
778185,5,top,0,1,1,0,0,0,1
778185,5,top,1,0,1,0,0,0,1
778185,5,top,2,1,1,0,0,0,1
778185,5,top,3,1,1,0,0,0,1
778185,5,bottom,0,1,1,0,0,0,1
778185,5,bottom,1,1,1,0,0,0,1
778185,5,bottom,2,3,3,0,0,0,1
778185,5,bottom,2,1,1,0,0,0,1
778185,5,bottom,3,1,1,0,0,0,1
778185,6,top,0,1,1,0,1,-1,1
778185,6,top,1,0,0,0,1,-1,1
778185,6,top,2,0,0,0,1,-1,1
778185,6,top,3,1,1,0,1,-1,1
778185,6,bottom,1,0,0,0,1,-1,1
778185,6,bottom,1,4,1,0,1,-1,1
778185,6,bottom,2,3,1,0,1,-1,1
778185,6,bottom,3,3,1,0,1,-1,1
778185,7,top,0,1,1,0,1,-1,1
778185,7,top,1,1,1,0,1,-1,1
778185,7,top,3,1,0,0,1,-1,1
778185,7,bottom,0,0,0,0,1,-1,1
778185,7,bottom,1,0,0,0,1,-1,1
778185,7,bottom,1,1,1,1,1,0,1
778185,7,bottom,2,3,3,1,1,0,1
778185,7,bottom,2,4,1,1,1,0,1
778185,7,bottom,3,2,2,1,1,0,1
778185,8,top,0,0,1,1,1,0,1
778185,8,top,1,3,1,1,1,0,1
778185,8,top,2,0,2,1,1,0,1
778185,8,top,3,1,2,1,1,0,1
778185,8,bottom,1,1,2,1,1,0,1
778185,8,bottom,1,2,1,1,1,0,1
778185,8,bottom,1,4,1,1,1,0,1
778185,8,bottom,1,1,2,1,1,0,1
778185,8,bottom,2,2,0,2,1,1,1
778185,8,bottom,3,1,1,2,1,1,1
778185,9,top,0,3,1,2,1,1,1
778185,9,top,0,3,2,2,1,1,1
778185,9,top,0,1,0,2,3,-1,1
778185,9,top,0,0,1,2,4,-2,1
778185,9,top,1,0,0,2,4,-2,1
778185,9,top,2,3,2,2,4,-2,1
778185,9,top,3,1,0,2,4,-2,1
778185,9,bottom,1,0,2,2,4,-2,1
778185,9,bottom,2,1,3,2,4,-2,1
778185,9,bottom,2,1,1,2,4,-2,1
778185,9,bottom,3,1,1,2,4,-2,1
778170,1,top,1,3,2,0,0,0,0
778170,1,top,1,4,1,0,0,0,0
778170,1,top,1,4,2,0,0,0,0
778170,1,top,2,1,3,0,0,0,0
778170,1,top,3,1,3,0,0,0,0
778170,1,bottom,0,1,1,1,0,1,0
778170,1,bottom,1,3,3,1,0,1,0
778170,1,bottom,1,1,0,1,0,1,0
778170,1,bottom,2,1,1,1,0,1,0
778170,1,bottom,3,1,3,1,0,1,0
778170,2,top,1,0,2,1,0,1,0
778170,2,top,2,1,1,1,0,1,0
778170,2,top,2,4,2,1,0,1,0
778170,2,top,3,1,1,1,0,1,0
778170,2,bottom,0,0,1,1,0,1,0
778170,2,bottom,0,0,0,1,0,1,0
778170,2,bottom,1,3,2,1,0,1,0
778170,2,bottom,2,1,1,1,0,1,0
778170,2,bottom,2,4,1,1,0,1,0
778170,2,bottom,3,0,0,1,0,1,0
778170,3,top,1,1,3,1,0,1,0
778170,3,top,2,2,3,1,0,1,0
778170,3,top,2,1,0,1,1,0,0
778170,3,top,3,0,1,1,1,0,0
778170,3,bottom,1,0,0,1,1,0,0
778170,3,bottom,2,2,3,1,1,0,0
778170,3,bottom,3,0,0,1,1,0,0
778170,4,top,1,0,1,1,1,0,0
778170,4,top,1,4,2,1,1,0,0
778170,4,top,2,1,2,1,1,0,0
778170,4,top,3,3,2,1,1,0,0
778170,4,bottom,1,3,3,1,1,0,0
778170,4,bottom,2,1,1,1,1,0,0
778170,4,bottom,3,1,0,1,1,0,0
778170,5,top,1,1,3,1,1,0,0
778170,5,top,2,3,3,1,1,0,0
778170,5,top,3,3,2,1,1,0,0
778170,5,bottom,1,1,1,1,1,0,0
778170,5,bottom,2,2,2,1,1,0,0
778170,5,bottom,3,2,3,1,1,0,0
778170,6,top,1,1,2,1,1,0,0
778170,6,top,1,1,0,1,1,0,0
778170,6,top,3,0,0,1,1,0,0
778170,6,bottom,0,0,0,2,1,1,0
778170,6,bottom,1,2,0,2,1,1,0
778170,6,bottom,1,2,2,2,1,1,0
778170,6,bottom,2,0,2,2,1,1,0
778170,6,bottom,2,1,2,3,1,2,0
778170,6,bottom,2,0,0,4,1,3,0
778170,6,bottom,2,1,0,4,1,3,0
778170,6,bottom,2,4,1,4,1,3,0
778170,6,bottom,3,0,1,4,1,3,0
778170,7,top,1,2,3,4,1,3,0
778170,7,top,2,1,3,4,1,3,0
778170,7,top,3,3,3,4,1,3,0
778170,7,bottom,1,0,2,4,1,3,0
778170,7,bottom,2,1,2,4,1,3,0
778170,7,bottom,3,3,3,4,1,3,0
778170,8,top,1,0,1,4,1,3,0
778170,8,top,2,2,3,4,1,3,0
778170,8,top,2,3,1,4,1,3,0
778170,8,top,3,3,3,4,1,3,0
778170,8,bottom,0,2,2,4,1,3,0
778170,8,bottom,2,3,1,4,1,3,0
778170,8,bottom,2,1,1,5,1,4,0
778170,8,bottom,3,1,3,5,1,4,0
778170,9,top,1,1,2,5,1,4,0
778170,9,top,2,0,3,5,1,4,0
778170,9,top,3,2,1,5,1,4,0
778156,1,top,0,1,1,0,0,0,0
778156,1,top,1,2,1,0,1,-1,0
778156,1,top,1,4,0,0,1,-1,0
778156,1,top,2,2,2,0,1,-1,0
778156,1,top,2,1,2,0,1,-1,0
778156,1,top,2,4,1,0,1,-1,0
778156,1,top,3,0,1,0,1,-1,0
778156,1,bottom,1,0,3,0,1,-1,0
778156,1,bottom,2,3,3,0,1,-1,0
778156,1,bottom,3,0,2,0,1,-1,0
778156,2,top,1,0,0,0,1,-1,0
778156,2,top,1,2,2,0,1,-1,0
778156,2,top,1,1,2,0,1,-1,0
778156,2,top,3,1,2,0,1,-1,0
778156,2,bottom,1,0,0,0,1,-1,0
778156,2,bottom,2,0,1,0,1,-1,0
778156,2,bottom,2,0,1,0,1,-1,0
778156,2,bottom,3,0,0,0,1,-1,0
778156,3,top,1,1,3,0,1,-1,0
778156,3,top,1,0,0,0,1,-1,0
778156,3,top,2,0,0,0,1,-1,0
778156,3,top,3,2,2,0,1,-1,0
778156,3,bottom,1,0,0,0,1,-1,0
778156,3,bottom,1,4,2,0,1,-1,0
778156,3,bottom,1,4,2,0,1,-1,0
778156,3,bottom,1,1,1,0,1,-1,0
778156,3,bottom,2,2,2,1,1,0,0
778156,3,bottom,2,4,2,1,1,0,0
778156,3,bottom,2,4,0,2,1,1,0
778156,3,bottom,2,4,2,3,1,2,0
778156,3,bottom,2,3,2,6,1,5,0
778156,3,bottom,2,4,1,6,1,5,0
778156,3,bottom,3,3,2,6,1,5,0
778156,4,top,0,2,2,6,1,5,0
778156,4,top,1,1,2,6,1,5,0
778156,4,top,2,1,1,6,1,5,0
778156,4,top,3,1,2,6,1,5,0
778156,4,bottom,1,1,2,6,1,5,0
778156,4,bottom,1,1,2,6,1,5,0
778156,4,bottom,2,0,0,6,1,5,0
778156,4,bottom,3,0,3,6,1,5,0
778156,5,top,1,2,3,6,1,5,0
778156,5,top,2,3,3,6,1,5,0
778156,5,top,3,1,2,6,1,5,0
778156,5,bottom,1,1,3,6,1,5,0
778156,5,bottom,1,2,2,7,1,6,0
778156,5,bottom,1,1,1,7,1,6,0
778156,5,bottom,1,4,2,7,1,6,0
778156,5,bottom,1,1,1,9,1,8,0
778156,5,bottom,2,3,3,9,1,8,0
778156,5,bottom,3,1,2,9,1,8,0
778156,6,top,1,0,2,9,1,8,0
778156,6,top,2,1,1,9,1,8,0
778156,6,top,3,3,2,9,1,8,0
778156,6,bottom,0,4,1,9,1,8,0
778156,6,bottom,0,2,2,10,1,9,0
778156,6,bottom,0,2,2,10,1,9,0
778156,6,bottom,1,0,3,10,1,9,0
778156,6,bottom,2,3,3,10,1,9,0
778156,6,bottom,3,1,3,10,1,9,0
778156,7,top,1,0,2,10,1,9,0
778156,7,top,1,1,2,10,1,9,0
778156,7,top,1,1,2,10,1,9,0
778156,7,top,2,1,1,10,1,9,0
778156,7,top,3,0,3,10,1,9,0
778156,7,bottom,0,1,0,10,1,9,0
778156,7,bottom,2,0,0,10,1,9,0
778156,7,bottom,3,1,3,10,1,9,0
778156,8,top,1,1,0,10,1,9,0
778156,8,top,1,2,2,10,1,9,0
778156,8,top,2,1,0,10,1,9,0
778156,8,top,3,0,0,10,1,9,0
778156,8,bottom,0,2,0,10,1,9,0
778156,8,bottom,0,1,0,10,1,9,0
778156,8,bottom,0,2,1,11,1,10,0
778156,8,bottom,1,0,3,11,1,10,0
778156,8,bottom,2,1,1,11,1,10,0
778156,8,bottom,3,0,0,11,1,10,0
778156,9,top,1,1,3,11,1,10,0
778156,9,top,1,0,0,11,1,10,0
778156,9,top,1,1,1,11,2,9,0
778156,9,top,1,4,0,11,2,9,0
778156,9,top,2,0,1,11,2,9,0
778156,9,top,3,0,0,11,2,9,0
778170,1,top,1,3,2,0,0,0,0
778170,1,top,1,4,1,0,0,0,0
778170,1,top,1,4,2,0,0,0,0
778170,1,top,2,1,3,0,0,0,0
778170,1,top,3,1,3,0,0,0,0
778170,1,bottom,0,1,1,1,0,1,0
778170,1,bottom,1,3,3,1,0,1,0
778170,1,bottom,1,1,0,1,0,1,0
778170,1,bottom,2,1,1,1,0,1,0
778170,1,bottom,3,1,3,1,0,1,0
778170,2,top,1,0,2,1,0,1,0
778170,2,top,2,1,1,1,0,1,0
778170,2,top,2,4,2,1,0,1,0
778170,2,top,3,1,1,1,0,1,0
778170,2,bottom,0,0,1,1,0,1,0
778170,2,bottom,0,0,0,1,0,1,0
778170,2,bottom,1,3,2,1,0,1,0
778170,2,bottom,2,1,1,1,0,1,0
778170,2,bottom,2,4,1,1,0,1,0
778170,2,bottom,3,0,0,1,0,1,0
778170,3,top,1,1,3,1,0,1,0
778170,3,top,2,2,3,1,0,1,0
778170,3,top,2,1,0,1,1,0,0
778170,3,top,3,0,1,1,1,0,0
778170,3,bottom,1,0,0,1,1,0,0
778170,3,bottom,2,2,3,1,1,0,0
778170,3,bottom,3,0,0,1,1,0,0
778170,4,top,1,0,1,1,1,0,0
778170,4,top,1,4,2,1,1,0,0
778170,4,top,2,1,2,1,1,0,0
778170,4,top,3,3,2,1,1,0,0
778170,4,bottom,1,3,3,1,1,0,0
778170,4,bottom,2,1,1,1,1,0,0
778170,4,bottom,3,1,0,1,1,0,0
778170,5,top,1,1,3,1,1,0,0
778170,5,top,2,3,3,1,1,0,0
778170,5,top,3,3,2,1,1,0,0
778170,5,bottom,1,1,1,1,1,0,0
778170,5,bottom,2,2,2,1,1,0,0
778170,5,bottom,3,2,3,1,1,0,0
778170,6,top,1,1,2,1,1,0,0
778170,6,top,1,1,0,1,1,0,0
778170,6,top,3,0,0,1,1,0,0
778170,6,bottom,0,0,0,2,1,1,0
778170,6,bottom,1,2,0,2,1,1,0
778170,6,bottom,1,2,2,2,1,1,0
778170,6,bottom,2,0,2,2,1,1,0
778170,6,bottom,2,1,2,3,1,2,0
778170,6,bottom,2,0,0,4,1,3,0
778170,6,bottom,2,1,0,4,1,3,0
778170,6,bottom,2,4,1,4,1,3,0
778170,6,bottom,3,0,1,4,1,3,0
778170,7,top,1,2,3,4,1,3,0
778170,7,top,2,1,3,4,1,3,0
778170,7,top,3,3,3,4,1,3,0
778170,7,bottom,1,0,2,4,1,3,0
778170,7,bottom,2,1,2,4,1,3,0
778170,7,bottom,3,3,3,4,1,3,0
778170,8,top,1,0,1,4,1,3,0
778170,8,top,2,2,3,4,1,3,0
778170,8,top,2,3,1,4,1,3,0
778170,8,top,3,3,3,4,1,3,0
778170,8,bottom,0,2,2,4,1,3,0
778170,8,bottom,2,3,1,4,1,3,0
778170,8,bottom,2,1,1,5,1,4,0
778170,8,bottom,3,1,3,5,1,4,0
778170,9,top,1,1,2,5,1,4,0
778170,9,top,2,0,3,5,1,4,0
778170,9,top,3,2,1,5,1,4,0
778127,1,top,0,0,2,0,1,-1,0
778127,1,top,1,3,2,0,1,-1,0
778127,1,top,1,0,2,0,2,-2,0
778127,1,top,2,1,2,0,2,-2,0
778127,1,top,3,2,2,0,2,-2,0
778127,1,bottom,0,1,0,0,2,-2,0
778127,1,bottom,1,3,2,0,2,-2,0
778127,1,bottom,2,4,1,0,2,-2,0
778127,1,bottom,3,0,0,0,2,-2,0
778127,2,top,0,2,1,0,3,-3,0
778127,2,top,0,2,1,0,3,-3,0
778127,2,top,1,3,2,0,3,-3,0
778127,2,top,2,1,3,0,3,-3,0
778127,2,top,3,2,1,0,3,-3,0
778127,2,bottom,1,2,3,0,3,-3,0
778127,2,bottom,2,0,3,0,3,-3,0
778127,2,bottom,3,0,1,0,3,-3,0
778127,3,top,0,3,2,0,4,-4,0
778127,3,top,0,0,0,0,4,-4,0
778127,3,top,0,0,0,0,4,-4,0
778127,3,top,0,2,0,0,7,-7,0
778127,3,top,1,2,2,0,7,-7,0
778127,3,top,2,0,1,0,7,-7,0
778127,3,top,3,0,1,0,7,-7,0
778127,3,bottom,1,1,3,0,7,-7,0
778127,3,bottom,2,1,3,0,7,-7,0
778127,3,bottom,2,0,2,0,7,-7,0
778127,3,bottom,2,1,0,2,7,-5,0
778127,3,bottom,3,0,0,2,7,-5,0
778127,4,top,1,1,2,2,7,-5,0
778127,4,top,2,1,0,2,7,-5,0
778127,4,top,2,4,0,2,7,-5,0
778127,4,top,3,1,3,2,7,-5,0
778127,4,bottom,1,1,3,2,7,-5,0
778127,4,bottom,2,0,2,2,7,-5,0
778127,4,bottom,2,4,2,2,7,-5,0
778127,4,bottom,3,0,0,2,7,-5,0
778127,5,top,1,3,1,2,7,-5,0
778127,5,top,1,4,2,2,7,-5,0
778127,5,top,1,4,0,2,7,-5,0
778127,5,top,3,1,0,2,7,-5,0
778127,5,bottom,1,1,3,2,7,-5,0
778127,5,bottom,2,0,2,2,7,-5,0
778127,5,bottom,3,1,0,2,7,-5,0
778127,6,top,1,1,0,2,7,-5,0
778127,6,top,2,1,3,2,7,-5,0
778127,6,top,3,1,1,2,7,-5,0
778127,6,bottom,1,2,2,2,7,-5,0
778127,6,bottom,2,2,2,2,7,-5,0
778127,6,bottom,2,4,2,2,7,-5,0
778127,6,bottom,3,1,2,2,7,-5,0
778127,7,top,1,2,3,2,7,-5,0
778127,7,top,2,2,2,2,7,-5,0
778127,7,top,2,4,2,2,7,-5,0
778127,7,top,2,2,1,2,7,-5,0
778127,7,top,3,1,2,2,7,-5,0
778127,7,bottom,1,0,0,2,7,-5,0
778127,7,bottom,1,2,1,2,7,-5,0
778127,7,bottom,2,0,0,2,7,-5,0
778127,7,bottom,3,1,1,2,7,-5,0
778127,8,top,0,2,0,2,7,-5,0
778127,8,top,1,0,1,2,7,-5,0
778127,8,top,1,0,0,2,7,-5,0
778127,8,top,2,0,1,2,8,-6,0
778127,8,top,3,2,1,2,8,-6,0
778127,8,bottom,1,1,2,2,8,-6,0
778127,8,bottom,2,2,1,2,8,-6,0
778127,8,bottom,3,0,2,2,8,-6,0
778127,9,top,0,2,1,2,8,-6,0
778127,9,top,1,1,2,2,8,-6,0
778127,9,top,1,2,1,2,8,-6,0
778127,9,top,1,1,0,2,9,-7,0
778127,9,top,2,2,1,2,10,-8,0
778127,9,top,3,0,3,2,10,-8,0
778127,9,bottom,1,0,1,2,10,-8,0
778127,9,bottom,2,3,3,2,10,-8,0
778127,9,bottom,3,0,3,2,10,-8,0
778114,1,top,0,4,2,0,0,0,1
778114,1,top,1,2,1,0,0,0,1
778114,1,top,1,2,1,0,2,-2,1
778114,1,top,2,0,1,0,2,-2,1
778114,1,top,2,4,2,0,2,-2,1
778114,1,top,3,1,3,0,2,-2,1
778114,1,bottom,0,1,0,0,2,-2,1
778114,1,bottom,1,2,2,0,2,-2,1
778114,1,bottom,2,2,3,0,2,-2,1
778114,1,bottom,2,4,1,0,2,-2,1
778114,1,bottom,3,1,3,0,2,-2,1
778114,2,top,1,2,3,0,2,-2,1
778114,2,top,1,4,2,0,2,-2,1
778114,2,top,2,2,0,0,2,-2,1
778114,2,top,2,3,2,0,3,-3,1
778114,2,top,2,3,2,0,4,-4,1
778114,2,top,3,3,3,0,4,-4,1
778114,2,bottom,1,1,0,0,4,-4,1
778114,2,bottom,2,2,0,0,4,-4,1
778114,2,bottom,3,1,3,0,4,-4,1
778114,3,top,1,2,2,0,4,-4,1
778114,3,top,1,4,2,0,4,-4,1
778114,3,top,3,2,3,0,4,-4,1
778114,3,bottom,0,0,1,0,4,-4,1
778114,3,bottom,0,0,1,0,4,-4,1
778114,3,bottom,1,1,3,0,4,-4,1
778114,3,bottom,2,0,1,0,4,-4,1
778114,3,bottom,3,0,3,0,4,-4,1
778114,4,top,1,0,3,0,4,-4,1
778114,4,top,2,1,1,0,4,-4,1
778114,4,top,3,0,1,0,4,-4,1
778114,4,bottom,1,0,0,0,4,-4,1
778114,4,bottom,2,0,3,0,4,-4,1
778114,4,bottom,3,1,1,0,4,-4,1
778114,5,top,0,1,1,0,4,-4,1
778114,5,top,1,2,1,0,4,-4,1
778114,5,top,1,2,2,0,4,-4,1
778114,5,top,2,0,1,0,4,-4,1
778114,5,top,3,1,1,0,4,-4,1
778114,5,bottom,1,0,3,0,4,-4,1
778114,5,bottom,2,2,2,0,4,-4,1
778114,5,bottom,3,1,1,0,4,-4,1
778114,6,top,1,0,0,0,4,-4,1
778114,6,top,1,4,1,0,4,-4,1
778114,6,top,2,0,0,0,4,-4,1
778114,6,top,2,2,1,0,6,-6,1
778114,6,top,3,0,0,0,6,-6,1
778114,6,bottom,1,1,0,0,6,-6,1
778114,6,bottom,2,1,1,0,6,-6,1
778114,6,bottom,2,4,2,0,6,-6,1
778114,6,bottom,2,0,2,2,6,-4,1
778114,6,bottom,2,1,0,3,6,-3,1
778114,6,bottom,3,3,2,3,6,-3,1
778114,7,top,1,2,1,3,6,-3,1
778114,7,top,2,0,0,3,6,-3,1
778114,7,top,3,1,3,3,6,-3,1
778114,7,bottom,1,0,2,3,6,-3,1
778114,7,bottom,1,1,0,3,6,-3,1
778114,7,bottom,2,2,2,3,6,-3,1
778114,7,bottom,2,1,0,3,6,-3,1
778114,7,bottom,2,2,0,6,6,0,1
778114,7,bottom,3,2,2,6,6,0,1
778114,8,top,0,2,2,6,6,0,1
778114,8,top,1,1,1,6,6,0,1
778114,8,top,2,1,3,6,6,0,1
778114,8,top,3,0,3,6,6,0,1
778114,8,bottom,0,2,2,6,6,0,1
778114,8,bottom,1,0,0,6,6,0,1
778114,8,bottom,2,1,1,6,6,0,1
778114,8,bottom,3,1,1,6,6,0,1
778114,9,top,1,0,0,6,6,0,1
778114,9,top,2,2,2,6,6,0,1
778114,9,top,3,3,3,6,6,0,1
778114,9,bottom,1,0,0,6,6,0,1
778114,9,bottom,2,1,1,6,6,0,1
778114,9,bottom,3,1,3,6,6,0,1
778114,10,top,1,3,3,6,6,0,1
778114,10,top,2,1,2,6,6,0,1
778114,10,top,3,1,3,6,6,0,1
778114,10,bottom,1,1,1,6,6,0,1
778114,10,bottom,1,4,1,6,6,0,1
778114,10,bottom,1,4,0,6,6,0,1
778114,10,bottom,1,2,1,7,6,1,1
778095,1,top,0,0,0,0,0,0,1
778095,1,top,1,2,3,0,0,0,1
778095,1,top,2,3,3,0,0,0,1
778095,1,top,3,0,0,0,0,0,1
778095,1,bottom,1,1,2,0,0,0,1
778095,1,bottom,2,3,3,0,0,0,1
778095,1,bottom,3,1,1,0,0,0,1
778095,2,top,0,2,1,0,0,0,1
778095,2,top,1,0,2,0,0,0,1
778095,2,top,2,1,3,0,0,0,1
778095,2,top,3,1,3,0,0,0,1
778095,2,bottom,1,1,0,0,0,0,1
778095,2,bottom,1,0,1,0,0,0,1
778095,2,bottom,2,1,0,0,0,0,1
778095,2,bottom,3,1,3,0,0,0,1
778095,3,top,1,3,2,0,0,0,1
778095,3,top,2,1,1,0,0,0,1
778095,3,top,2,0,1,0,0,0,1
778095,3,top,3,0,0,0,0,0,1
778095,3,bottom,1,0,2,0,0,0,1
778095,3,bottom,1,0,1,0,0,0,1
778095,3,bottom,2,0,3,0,0,0,1
778095,3,bottom,3,1,3,0,0,0,1
778095,4,top,1,2,3,0,0,0,1
778095,4,top,2,0,0,0,0,0,1
778095,4,top,3,2,3,0,0,0,1
778095,4,bottom,0,0,0,0,0,0,1
778095,4,bottom,1,3,3,0,0,0,1
778095,4,bottom,3,1,2,0,0,0,1
778095,5,top,0,1,2,0,0,0,1
778095,5,top,0,0,1,0,0,0,1
778095,5,top,1,1,1,0,0,0,1
778095,5,top,2,2,3,0,0,0,1
778095,5,top,2,4,2,0,0,0,1
778095,5,top,2,0,1,0,2,-2,1
778095,5,top,3,0,0,0,2,-2,1
778095,5,bottom,1,0,1,0,2,-2,1
778095,5,bottom,2,1,2,0,2,-2,1
778095,5,bottom,3,0,0,0,2,-2,1
778095,6,top,1,0,0,0,2,-2,1
778095,6,top,1,1,1,0,2,-2,1
778095,6,top,3,0,0,0,2,-2,1
778095,6,bottom,1,1,3,0,2,-2,1
778095,6,bottom,2,1,0,0,2,-2,1
778095,6,bottom,3,1,1,0,2,-2,1
778095,7,top,1,0,3,0,2,-2,1
778095,7,top,2,1,0,0,2,-2,1
778095,7,top,3,0,0,0,2,-2,1
778095,7,bottom,1,2,1,0,2,-2,1
778095,7,bottom,1,1,1,1,2,-1,1
778095,7,bottom,2,2,1,1,2,-1,1
778095,7,bottom,2,2,2,1,2,-1,1
778095,7,bottom,3,0,0,1,2,-1,1
778095,8,top,1,1,0,1,2,-1,1
778095,8,top,2,1,0,1,2,-1,1
778095,8,top,3,0,0,1,2,-1,1
778095,8,bottom,1,3,1,1,2,-1,1
778095,8,bottom,1,1,2,1,2,-1,1
778095,8,bottom,1,1,2,1,2,-1,1
778095,8,bottom,1,3,2,4,2,2,1
778095,8,bottom,2,0,0,4,2,2,1
778095,8,bottom,2,4,2,4,2,2,1
778095,8,bottom,3,0,0,4,2,2,1
778095,9,top,1,2,3,4,2,2,1
778095,9,top,2,1,3,4,2,2,1
778095,9,top,3,0,0,4,2,2,1
778081,1,top,1,3,2,0,0,0,1
778081,1,top,2,1,3,0,0,0,1
778081,1,top,2,1,1,0,0,0,1
778081,1,top,3,1,1,0,0,0,1
778081,1,bottom,1,0,2,0,0,0,1
778081,1,bottom,2,3,2,0,0,0,1
778081,1,bottom,3,0,0,0,0,0,1
778081,2,top,0,2,2,0,1,-1,1
778081,2,top,1,2,3,0,1,-1,1
778081,2,top,2,3,2,0,1,-1,1
778081,2,top,3,2,3,0,1,-1,1
778081,2,bottom,0,4,2,0,1,-1,1
778081,2,bottom,0,0,0,0,1,-1,1
778081,2,bottom,1,0,0,0,1,-1,1
778081,2,bottom,2,0,3,0,1,-1,1
778081,2,bottom,3,2,2,0,1,-1,1
778081,3,top,1,1,2,0,1,-1,1
778081,3,top,1,1,1,0,1,-1,1
778081,3,top,2,2,2,0,1,-1,1
778081,3,top,2,2,1,0,1,-1,1
778081,3,top,3,1,1,0,1,-1,1
778081,3,bottom,1,2,2,0,1,-1,1
778081,3,bottom,2,1,3,0,1,-1,1
778081,3,bottom,2,2,1,0,1,-1,1
778081,3,bottom,2,4,2,0,1,-1,1
778081,3,bottom,2,3,2,0,1,-1,1
778081,3,bottom,2,1,0,2,1,1,1
778081,3,bottom,3,0,3,2,1,1,1
778081,4,top,1,0,0,2,1,1,1
778081,4,top,1,0,0,2,2,0,1
778081,4,top,2,2,3,2,2,0,1
778081,4,top,3,0,1,2,2,0,1
778081,4,bottom,1,2,2,2,2,0,1
778081,4,bottom,2,2,2,2,2,0,1
778081,4,bottom,2,1,2,2,2,0,1
778081,4,bottom,3,1,2,2,2,0,1
778081,5,top,1,2,1,2,2,0,1
778081,5,top,2,1,2,2,2,0,1
778081,5,top,3,1,2,2,2,0,1
778081,5,bottom,1,2,1,2,2,0,1
778081,5,bottom,2,1,2,2,2,0,1
778081,5,bottom,2,2,1,3,2,1,1
778081,5,bottom,3,1,1,3,2,1,1
778081,6,top,0,2,1,3,2,1,1
778081,6,top,1,0,0,3,2,1,1
778081,6,top,1,3,2,3,3,0,1
778081,6,top,2,0,0,3,3,0,1
778081,6,top,3,0,0,3,3,0,1
778081,6,bottom,1,2,3,3,3,0,1
778081,6,bottom,2,2,2,3,3,0,1
778081,6,bottom,3,1,3,3,3,0,1
778081,7,top,1,3,2,3,3,0,1
778081,7,top,1,1,2,3,3,0,1
778081,7,top,1,1,2,3,3,0,1
778081,7,top,2,1,3,3,3,0,1
778081,7,top,3,1,1,3,3,0,1
778081,7,bottom,0,1,2,3,3,0,1
778081,7,bottom,1,0,2,3,3,0,1
778081,7,bottom,2,1,1,3,3,0,1
778081,7,bottom,3,0,0,3,3,0,1
778081,8,top,1,0,0,3,3,0,1
778081,8,top,2,2,2,3,3,0,1
778081,8,top,3,1,0,3,3,0,1
778081,8,bottom,0,4,2,3,3,0,1
778081,8,bottom,0,2,2,3,3,0,1
778081,8,bottom,1,2,2,3,3,0,1
778081,8,bottom,2,0,1,3,3,0,1
778081,8,bottom,2,1,1,5,3,2,1
778081,8,bottom,3,1,2,5,3,2,1
778081,9,top,1,2,2,5,3,2,1
778081,9,top,1,4,1,5,3,2,1
778081,9,top,2,1,3,5,3,2,1
778081,9,top,2,1,2,5,3,2,1
778081,9,top,3,2,2,5,3,2,1
778064,1,top,1,2,2,0,0,0,0
778064,1,top,2,1,3,0,0,0,0
778064,1,top,2,4,2,0,0,0,0
778064,1,top,3,0,3,0,0,0,0
778064,1,bottom,0,0,0,1,0,1,0
778064,1,bottom,1,3,3,1,0,1,0
778064,1,bottom,1,0,1,1,0,1,0
778064,1,bottom,1,1,0,1,0,1,0
778064,1,bottom,2,3,3,1,0,1,0
778064,1,bottom,3,0,3,1,0,1,0
778064,2,top,1,1,3,1,0,1,0
778064,2,top,2,2,1,1,0,1,0
778064,2,top,3,2,3,1,0,1,0
778064,2,bottom,0,4,2,1,0,1,0
778064,2,bottom,2,1,3,1,0,1,0
778064,2,bottom,2,0,1,1,0,1,0
778064,2,bottom,2,4,0,1,0,1,0
778064,2,bottom,3,3,3,1,0,1,0
778064,3,top,1,1,2,1,0,1,0
778064,3,top,2,3,2,1,0,1,0
778064,3,top,2,3,2,1,0,1,0
778064,3,top,3,1,2,1,0,1,0
778064,3,bottom,0,1,1,1,0,1,0
778064,3,bottom,0,0,1,1,0,1,0
778064,3,bottom,1,3,3,1,0,1,0
778064,3,bottom,1,4,2,1,0,1,0
778064,3,bottom,1,4,2,2,0,2,0
778064,3,bottom,2,0,3,2,0,2,0
778064,3,bottom,3,0,1,2,0,2,0
778064,4,top,1,0,2,2,0,2,0
778064,4,top,2,0,3,2,0,2,0
778064,4,top,3,2,2,2,0,2,0
778064,4,bottom,0,0,3,2,0,2,0
778064,4,bottom,1,1,2,2,0,2,0
778064,4,bottom,1,4,2,2,0,2,0
778064,4,bottom,2,3,3,2,0,2,0
778064,4,bottom,3,2,2,2,0,2,0
778064,5,top,1,2,1,2,0,2,0
778064,5,top,2,0,3,2,0,2,0
778064,5,top,3,0,3,2,0,2,0
778064,5,bottom,0,3,2,2,0,2,0
778064,5,bottom,1,1,2,2,0,2,0
778064,5,bottom,2,0,0,3,0,3,0
778064,5,bottom,3,0,1,3,0,3,0
778064,6,top,1,0,3,3,0,3,0
778064,6,top,2,2,2,3,0,3,0
778064,6,top,3,2,3,3,0,3,0
778064,6,bottom,1,3,2,3,0,3,0
778064,6,bottom,2,2,0,3,0,3,0
778064,6,bottom,3,3,3,3,0,3,0
778064,7,top,1,2,2,3,0,3,0
778064,7,top,2,1,3,3,0,3,0
778064,7,top,3,3,1,3,0,3,0
778064,7,bottom,1,3,2,3,0,3,0
778064,7,bottom,2,1,3,3,0,3,0
778064,7,bottom,3,0,0,3,0,3,0
778064,8,top,0,0,1,3,1,2,0
778064,8,top,1,2,3,3,1,2,0
778064,8,top,2,0,3,3,1,2,0
778064,8,top,3,3,3,3,1,2,0
778064,8,bottom,1,0,3,3,1,2,0
778064,8,bottom,2,1,1,3,1,2,0
778064,8,bottom,3,0,2,3,1,2,0
778064,9,top,0,1,1,3,1,2,0
778064,9,top,1,2,3,3,1,2,0
778064,9,top,1,4,2,3,1,2,0
778064,9,top,2,1,3,3,1,2,0
778064,9,top,2,4,2,3,1,2,0
778064,9,top,2,0,1,3,5,-2,0
778064,9,top,3,2,3,3,5,-2,0
778064,9,bottom,1,0,2,3,5,-2,0
778064,9,bottom,2,0,0,3,5,-2,0
778064,9,bottom,3,2,2,3,5,-2,0
778056,1,top,1,2,1,0,0,0,0
778056,1,top,2,0,3,0,0,0,0
778056,1,top,3,1,1,0,0,0,0
778056,1,bottom,0,2,0,0,0,0,0
778056,1,bottom,0,0,0,0,0,0,0
778056,1,bottom,2,2,0,0,0,0,0
778056,1,bottom,3,3,3,0,0,0,0
778056,2,top,1,3,2,0,0,0,0
778056,2,top,2,2,0,0,0,0,0
778056,2,top,3,1,1,0,0,0,0
778056,2,bottom,1,3,1,0,0,0,0
778056,2,bottom,2,0,0,0,0,0,0
778056,2,bottom,3,3,3,0,0,0,0
778056,3,top,0,3,2,0,0,0,0
778056,3,top,1,3,1,0,0,0,0
778056,3,top,1,1,2,0,0,0,0
778056,3,top,2,0,2,0,1,-1,0
778056,3,top,3,0,1,0,1,-1,0
778056,3,bottom,1,3,1,0,1,-1,0
778056,3,bottom,1,0,1,0,1,-1,0
778056,3,bottom,2,0,0,0,1,-1,0
778056,3,bottom,2,4,0,0,1,-1,0
778056,3,bottom,2,4,2,0,1,-1,0
778056,3,bottom,3,1,0,0,1,-1,0
778056,4,top,1,3,2,0,1,-1,0
778056,4,top,1,2,2,0,1,-1,0
778056,4,top,1,4,1,0,1,-1,0
778056,4,top,1,3,1,0,2,-2,0
778056,4,top,2,0,0,0,4,-4,0
778056,4,top,3,0,0,0,4,-4,0
778056,4,bottom,0,0,2,0,4,-4,0
778056,4,bottom,1,3,2,0,4,-4,0
778056,4,bottom,1,4,2,0,4,-4,0
778056,4,bottom,1,1,0,1,4,-3,0
778056,4,bottom,1,0,0,3,4,-1,0
778056,4,bottom,2,0,2,3,4,-1,0
778056,4,bottom,3,1,3,3,4,-1,0
778056,5,top,1,1,3,3,4,-1,0
778056,5,top,1,3,2,3,4,-1,0
778056,5,top,2,2,3,3,4,-1,0
778056,5,top,3,3,2,3,4,-1,0
778056,5,bottom,1,2,1,3,4,-1,0
778056,5,bottom,2,1,2,3,4,-1,0
778056,5,bottom,3,0,1,3,4,-1,0
778056,6,top,0,0,1,3,4,-1,0
778056,6,top,1,0,3,3,4,-1,0
778056,6,top,2,2,2,3,4,-1,0
778056,6,top,2,0,0,3,4,-1,0
778056,6,top,2,4,2,3,4,-1,0
778056,6,top,3,0,2,3,4,-1,0
778056,6,bottom,1,0,2,3,4,-1,0
778056,6,bottom,2,0,1,3,4,-1,0
778056,6,bottom,2,1,0,3,4,-1,0
778056,6,bottom,3,1,0,3,4,-1,0
778056,7,top,0,0,2,3,4,-1,0
778056,7,top,2,1,1,3,4,-1,0
778056,7,top,2,4,1,3,4,-1,0
778056,7,top,2,4,1,3,4,-1,0
778056,7,top,3,0,0,3,4,-1,0
778056,7,bottom,1,2,1,3,4,-1,0
778056,7,bottom,2,1,2,3,4,-1,0
778056,7,bottom,3,2,3,3,4,-1,0
778056,8,top,0,4,1,3,4,-1,0
778056,8,top,1,3,3,3,4,-1,0
778056,8,top,3,2,1,3,4,-1,0
778056,8,bottom,0,4,2,3,4,-1,0
778056,8,bottom,0,3,2,3,4,-1,0
778056,8,bottom,1,0,0,3,4,-1,0
778056,8,bottom,2,0,0,3,4,-1,0
778056,8,bottom,3,2,1,3,4,-1,0
778056,9,top,0,2,2,3,4,-1,0
778056,9,top,0,4,0,3,4,-1,0
778056,9,top,1,0,3,3,4,-1,0
778056,9,top,2,2,1,3,4,-1,0
778056,9,top,2,4,2,3,4,-1,0
778056,9,top,2,4,0,3,5,-2,0
778056,9,top,3,1,1,3,5,-2,0
778056,9,bottom,0,3,2,3,5,-2,0
778056,9,bottom,0,1,1,3,5,-2,0
778056,9,bottom,1,0,2,4,5,-1,0
778056,9,bottom,2,3,2,4,5,-1,0
778056,9,bottom,3,2,3,4,5,-1,0
778025,1,top,1,2,3,0,0,0,0
778025,1,top,1,0,0,0,0,0,0
778025,1,top,2,0,2,0,0,0,0
778025,1,top,2,0,0,0,2,-2,0
778025,1,top,2,1,2,0,2,-2,0
778025,1,top,3,2,3,0,2,-2,0
778025,1,bottom,0,3,2,0,2,-2,0
778025,1,bottom,1,0,2,0,2,-2,0
778025,1,bottom,2,2,2,0,2,-2,0
778025,1,bottom,2,0,1,2,2,0,0
778025,1,bottom,3,3,3,2,2,0,0
778025,2,top,1,1,2,2,2,0,0
778025,2,top,1,1,1,2,2,0,0
778025,2,top,2,1,1,2,2,0,0
778025,2,top,3,1,3,2,2,0,0
778025,2,bottom,1,1,1,2,2,0,0
778025,2,bottom,2,1,2,2,2,0,0
778025,2,bottom,2,4,1,2,2,0,0
778025,2,bottom,3,0,0,2,2,0,0
778025,3,top,1,0,0,2,2,0,0
778025,3,top,2,3,3,2,2,0,0
778025,3,top,3,0,0,2,2,0,0
778025,3,bottom,1,1,1,2,2,0,0
778025,3,bottom,2,1,1,2,2,0,0
778025,3,bottom,3,0,0,2,2,0,0
778025,4,top,1,1,0,2,2,0,0
778025,4,top,2,2,3,2,2,0,0
778025,4,top,3,2,1,2,2,0,0
778025,4,bottom,1,1,3,2,2,0,0
778025,4,bottom,1,1,1,2,2,0,0
778025,4,bottom,2,0,0,2,2,0,0
778025,4,bottom,3,3,2,2,2,0,0
778025,5,top,1,2,2,2,2,0,0
778025,5,top,1,0,2,2,2,0,0
778025,5,top,2,2,0,2,2,0,0
778025,5,top,2,4,0,2,2,0,0
778025,5,top,3,2,3,2,2,0,0
778025,5,bottom,1,1,2,2,2,0,0
778025,5,bottom,1,0,2,2,2,0,0
778025,5,bottom,3,3,3,2,2,0,0
778025,6,top,1,1,3,2,2,0,0
778025,6,top,2,1,2,2,2,0,0
778025,6,top,3,0,0,2,2,0,0
778025,6,bottom,1,2,1,2,2,0,0
778025,6,bottom,2,0,1,2,2,0,0
778025,6,bottom,2,4,1,2,2,0,0
778025,6,bottom,2,0,1,2,2,0,0
778025,6,bottom,3,1,0,2,2,0,0
778025,7,top,0,1,0,2,2,0,0
778025,7,top,1,1,2,2,2,0,0
778025,7,top,2,0,2,2,2,0,0
778025,7,top,3,1,3,2,2,0,0
778025,7,bottom,1,1,3,2,2,0,0
778025,7,bottom,2,3,2,2,2,0,0
778025,7,bottom,3,3,3,2,2,0,0
778025,8,top,1,1,3,2,2,0,0
778025,8,top,1,1,1,2,3,-1,0
778025,8,top,1,0,0,2,3,-1,0
778025,8,top,1,3,2,2,3,-1,0
778025,8,top,2,3,3,2,3,-1,0
778025,8,top,3,1,3,2,3,-1,0
778025,8,bottom,0,4,2,2,3,-1,0
778025,8,bottom,0,3,1,3,3,0,0
778025,8,bottom,1,0,3,3,3,0,0
778025,8,bottom,1,3,2,3,3,0,0
778025,8,bottom,1,0,2,4,3,1,0
778025,8,bottom,1,0,0,7,3,4,0
778025,8,bottom,2,1,2,7,3,4,0
778025,8,bottom,2,0,0,8,3,5,0
778025,8,bottom,3,0,0,8,3,5,0
778025,9,top,1,3,2,8,3,5,0
778025,9,top,2,0,1,8,3,5,0
778025,9,top,3,2,2,8,3,5,0
778009,1,top,1,1,3,0,0,0,0
778009,1,top,1,2,1,0,0,0,0
778009,1,top,1,1,1,0,0,0,0
778009,1,top,3,1,2,0,0,0,0
778009,1,bottom,0,4,1,0,0,0,0
778009,1,bottom,0,0,0,0,0,0,0
778009,1,bottom,1,0,3,0,0,0,0
778009,1,bottom,2,0,3,0,0,0,0
778009,1,bottom,3,2,2,0,0,0,0
778009,2,top,1,1,2,0,0,0,0
778009,2,top,2,0,2,0,0,0,0
778009,2,top,3,0,1,0,0,0,0
778009,2,bottom,1,3,3,0,0,0,0
778009,2,bottom,2,0,3,0,0,0,0
778009,2,bottom,3,2,3,0,0,0,0
778009,3,top,0,1,2,0,0,0,0
778009,3,top,1,1,2,0,0,0,0
778009,3,top,2,1,0,0,0,0,0
778009,3,top,2,4,0,0,0,0,0
778009,3,top,3,3,2,0,0,0,0
778009,3,bottom,1,1,3,0,0,0,0
778009,3,bottom,2,0,1,0,0,0,0
778009,3,bottom,2,1,0,0,0,0,0
778009,3,bottom,2,4,1,0,0,0,0
778009,3,bottom,3,0,0,0,0,0,0
778009,4,top,1,1,3,0,0,0,0
778009,4,top,2,0,0,0,0,0,0
778009,4,top,3,1,3,0,0,0,0
778009,4,bottom,0,4,2,0,0,0,0
778009,4,bottom,2,0,2,0,0,0,0
778009,4,bottom,2,0,0,0,0,0,0
778009,4,bottom,3,0,0,0,0,0,0
778009,5,top,1,1,0,0,0,0,0
778009,5,top,2,0,3,0,0,0,0
778009,5,top,3,2,3,0,0,0,0
778009,5,bottom,0,4,0,0,0,0,0
778009,5,bottom,0,2,2,0,0,0,0
778009,5,bottom,1,1,3,0,0,0,0
778009,5,bottom,1,4,0,0,0,0,0
778009,5,bottom,2,2,3,0,0,0,0
778009,5,bottom,3,2,0,0,0,0,0
778009,6,top,1,1,2,0,0,0,0
778009,6,top,1,0,2,0,0,0,0
778009,6,top,1,0,1,0,1,-1,0
778009,6,top,2,3,3,0,1,-1,0
778009,6,top,3,0,1,0,1,-1,0
778009,6,bottom,1,2,3,0,1,-1,0
778009,6,bottom,1,0,1,1,1,0,0
778009,6,bottom,2,0,0,1,1,0,0
778009,6,bottom,3,0,0,1,1,0,0
778009,7,top,0,2,0,1,1,0,0
778009,7,top,0,1,1,1,1,0,0
778009,7,top,0,0,2,1,2,-1,0
778009,7,top,0,0,1,1,2,-1,0
778009,7,top,0,1,1,1,4,-3,0
778009,7,top,1,2,3,1,4,-3,0
778009,7,top,2,0,2,1,4,-3,0
778009,7,top,3,3,3,1,4,-3,0
778009,7,bottom,0,0,0,2,4,-2,0
778009,7,bottom,1,1,3,2,4,-2,0
778009,7,bottom,2,2,2,2,4,-2,0
778009,7,bottom,3,1,1,2,4,-2,0
778009,8,top,0,0,0,2,4,-2,0
778009,8,top,1,0,1,2,4,-2,0
778009,8,top,1,1,2,2,4,-2,0
778009,8,top,3,0,1,2,4,-2,0
778009,8,bottom,0,0,0,2,4,-2,0
778009,8,bottom,1,1,3,2,4,-2,0
778009,8,bottom,1,2,2,2,4,-2,0
778009,8,bottom,2,2,3,2,4,-2,0
778009,8,bottom,3,3,3,2,4,-2,0
778009,9,top,1,1,1,2,4,-2,0
778009,9,top,1,4,0,2,4,-2,0
778009,9,top,2,0,0,2,4,-2,0
778009,9,top,3,2,0,2,4,-2,0
778009,9,bottom,0,4,0,2,4,-2,0
778009,9,bottom,0,0,2,2,4,-2,0
778009,9,bottom,0,0,0,2,4,-2,0
778009,9,bottom,1,0,3,2,4,-2,0
778009,9,bottom,1,1,1,5,4,1,0
778000,1,top,0,0,0,0,0,0,1
778000,1,top,0,0,1,0,0,0,1
778000,1,top,0,0,0,0,0,0,1
778000,1,top,1,1,3,0,0,0,1
778000,1,top,2,2,3,0,0,0,1
778000,1,top,3,0,3,0,0,0,1
778000,1,bottom,1,2,3,0,0,0,1
778000,1,bottom,1,2,1,0,0,0,1
778000,1,bottom,1,0,1,2,0,2,1
778000,1,bottom,1,1,2,2,0,2,1
778000,1,bottom,2,1,3,2,0,2,1
778000,1,bottom,3,0,3,2,0,2,1
778000,2,top,1,2,3,2,0,2,1
778000,2,top,1,1,1,2,0,2,1
778000,2,top,2,0,1,2,0,2,1
778000,2,top,3,2,1,2,0,2,1
778000,2,bottom,1,2,3,2,0,2,1
778000,2,bottom,1,1,1,3,0,3,1
778000,2,bottom,2,0,0,3,0,3,1
778000,2,bottom,2,0,2,3,0,3,1
778000,2,bottom,2,0,1,3,0,3,1
778000,2,bottom,2,0,0,4,0,4,1
778000,2,bottom,3,1,1,4,0,4,1
778000,3,top,0,1,0,4,0,4,1
778000,3,top,1,3,3,4,0,4,1
778000,3,top,1,4,2,4,0,4,1
778000,3,top,1,0,0,4,1,3,1
778000,3,top,2,0,0,4,2,2,1
778000,3,top,2,4,2,4,2,2,1
778000,3,top,3,1,0,4,2,2,1
778000,3,bottom,1,0,1,4,2,2,1
778000,3,bottom,2,3,3,4,2,2,1
778000,3,bottom,3,3,1,4,2,2,1
778000,4,top,1,3,2,4,2,2,1
778000,4,top,2,1,1,4,2,2,1
778000,4,top,2,4,2,4,2,2,1
778000,4,top,3,1,0,4,2,2,1
778000,4,bottom,1,1,1,4,2,2,1
778000,4,bottom,1,0,2,4,2,2,1
778000,4,bottom,2,2,2,4,2,2,1
778000,4,bottom,3,3,2,4,2,2,1
778000,5,top,0,4,1,4,2,2,1
778000,5,top,0,1,1,4,2,2,1
778000,5,top,2,0,1,4,2,2,1
778000,5,top,2,1,0,4,3,1,1
778000,5,top,3,2,3,4,3,1,1
778000,5,bottom,1,0,0,4,3,1,1
778000,5,bottom,2,1,2,4,3,1,1
778000,5,bottom,2,0,2,4,3,1,1
778000,5,bottom,3,0,0,4,3,1,1
778000,6,top,0,0,1,4,3,1,1
778000,6,top,0,4,2,4,3,1,1
778000,6,top,0,0,1,4,3,1,1
778000,6,top,0,0,0,4,5,-1,1
778000,6,top,0,4,2,4,5,-1,1
778000,6,top,1,2,1,4,6,-2,1
778000,6,top,1,4,0,4,6,-2,1
778000,6,top,2,0,0,4,7,-3,1
778000,6,top,2,1,0,4,7,-3,1
778000,6,top,3,2,3,4,7,-3,1
778000,6,bottom,1,1,2,4,7,-3,1
778000,6,bottom,2,1,1,4,7,-3,1
778000,6,bottom,3,1,3,4,7,-3,1
778000,7,top,1,3,3,4,7,-3,1
778000,7,top,2,3,3,4,7,-3,1
778000,7,top,3,1,2,4,7,-3,1
778000,7,bottom,0,2,2,4,7,-3,1
778000,7,bottom,0,4,2,4,7,-3,1
778000,7,bottom,1,1,3,4,7,-3,1
778000,7,bottom,1,0,0,4,7,-3,1
778000,7,bottom,2,1,1,5,7,-2,1
778000,7,bottom,3,1,3,5,7,-2,1
778000,8,top,1,3,3,5,7,-2,1
778000,8,top,1,3,2,5,8,-3,1
778000,8,top,2,0,2,5,8,-3,1
778000,8,top,3,2,2,5,8,-3,1
778000,8,bottom,1,2,3,5,8,-3,1
778000,8,bottom,2,2,3,5,8,-3,1
778000,8,bottom,3,2,3,5,8,-3,1
778000,9,top,0,0,0,5,8,-3,1
778000,9,top,2,2,1,5,8,-3,1
778000,9,top,3,0,3,5,8,-3,1
778000,9,bottom,1,0,3,5,8,-3,1
778000,9,bottom,2,2,3,5,8,-3,1
778000,9,bottom,3,0,0,5,8,-3,1
777984,1,top,0,4,2,0,0,0,1
777984,1,top,0,4,1,0,0,0,1
777984,1,top,1,1,3,0,0,0,1
777984,1,top,1,3,2,0,0,0,1
777984,1,top,1,1,1,0,2,-2,1
777984,1,top,2,1,1,0,2,-2,1
777984,1,top,3,0,2,0,2,-2,1
777984,1,bottom,1,2,1,0,2,-2,1
777984,1,bottom,2,2,1,0,2,-2,1
777984,1,bottom,3,0,0,0,2,-2,1
777984,2,top,1,1,0,0,2,-2,1
777984,2,top,2,3,2,0,2,-2,1
777984,2,top,2,1,2,0,2,-2,1
777984,2,top,3,3,1,0,2,-2,1
777984,2,bottom,1,2,2,0,2,-2,1
777984,2,bottom,2,1,2,0,2,-2,1
777984,2,bottom,3,1,3,0,2,-2,1
777984,3,top,1,1,2,0,2,-2,1
777984,3,top,2,1,1,0,2,-2,1
777984,3,top,2,0,0,0,2,-2,1
777984,3,top,2,1,1,0,3,-3,1
777984,3,top,2,1,2,0,5,-5,1
777984,3,top,3,0,1,0,5,-5,1
777984,3,bottom,1,1,2,0,5,-5,1
777984,3,bottom,2,2,3,0,5,-5,1
777984,3,bottom,2,0,1,0,5,-5,1
777984,3,bottom,2,3,1,0,5,-5,1
777984,3,bottom,2,0,0,1,5,-4,1
777984,3,bottom,3,1,2,1,5,-4,1
777984,4,top,1,1,2,1,5,-4,1
777984,4,top,1,2,2,1,5,-4,1
777984,4,top,2,0,0,1,5,-4,1
777984,4,top,3,2,3,1,5,-4,1
777984,4,bottom,1,1,2,1,5,-4,1
777984,4,bottom,1,3,2,1,5,-4,1
777984,4,bottom,2,0,0,1,5,-4,1
777984,4,bottom,3,3,3,1,5,-4,1
777984,5,top,1,2,3,1,5,-4,1
777984,5,top,2,1,1,1,5,-4,1
777984,5,top,3,0,0,1,5,-4,1
777984,5,bottom,1,2,2,1,5,-4,1
777984,5,bottom,2,1,0,1,5,-4,1
777984,5,bottom,3,2,0,1,5,-4,1
777984,6,top,1,1,2,1,5,-4,1
777984,6,top,2,0,0,1,5,-4,1
777984,6,top,3,2,3,1,5,-4,1
777984,6,bottom,1,1,0,1,5,-4,1
777984,6,bottom,1,2,2,1,5,-4,1
777984,6,bottom,1,3,2,1,5,-4,1
777984,6,bottom,1,2,2,2,5,-3,1
777984,6,bottom,2,1,3,2,5,-3,1
777984,6,bottom,2,1,1,3,5,-2,1
777984,6,bottom,3,2,3,3,5,-2,1
777984,7,top,1,1,1,3,5,-2,1
777984,7,top,2,0,3,3,5,-2,1
777984,7,top,3,1,3,3,5,-2,1
777984,7,bottom,1,0,3,3,5,-2,1
777984,7,bottom,2,0,1,3,5,-2,1
777984,7,bottom,3,3,2,3,5,-2,1
777984,8,top,1,3,2,3,5,-2,1
777984,8,top,1,0,0,3,5,-2,1
777984,8,top,2,0,3,3,5,-2,1
777984,8,top,3,2,3,3,5,-2,1
777984,8,bottom,0,1,2,3,5,-2,1
777984,8,bottom,0,4,0,3,5,-2,1
777984,8,bottom,0,4,1,3,5,-2,1
777984,8,bottom,1,3,1,3,5,-2,1
777984,8,bottom,2,1,3,3,5,-2,1
777984,8,bottom,3,2,3,3,5,-2,1
777984,9,top,0,0,1,3,5,-2,1
777984,9,top,1,0,1,3,5,-2,1
777984,9,top,1,4,1,3,5,-2,1
777984,9,top,1,0,0,3,5,-2,1
777984,9,top,2,2,2,3,6,-3,1
777984,9,top,3,2,1,3,6,-3,1
777984,9,bottom,1,1,3,3,6,-3,1
777984,9,bottom,1,3,3,3,6,-3,1
777984,9,bottom,2,0,3,3,6,-3,1
777984,9,bottom,3,0,2,3,6,-3,1
777970,1,top,1,2,2,0,0,0,1
777970,1,top,2,1,1,0,0,0,1
777970,1,top,3,0,0,0,0,0,1
777970,1,bottom,1,3,3,0,0,0,1
777970,1,bottom,2,0,0,0,0,0,1
777970,1,bottom,3,0,0,0,0,0,1
777970,2,top,1,0,0,0,0,0,1
777970,2,top,1,2,2,0,0,0,1
777970,2,top,2,2,3,0,0,0,1
777970,2,top,3,1,0,0,0,0,1
777970,2,bottom,1,1,0,0,0,0,1
777970,2,bottom,2,1,3,0,0,0,1
777970,2,bottom,2,2,0,1,0,1,1
777970,2,bottom,2,0,2,1,0,1,1
777970,2,bottom,3,1,1,1,0,1,1
777970,3,top,1,0,1,1,0,1,1
777970,3,top,2,2,1,1,0,1,1
777970,3,top,2,1,1,1,0,1,1
777970,3,top,3,1,0,1,0,1,1
777970,3,bottom,1,0,2,1,0,1,1
777970,3,bottom,2,1,2,1,0,1,1
777970,3,bottom,3,1,1,1,0,1,1
777970,4,top,1,2,0,1,0,1,1
777970,4,top,2,2,3,1,0,1,1
777970,4,top,2,1,2,1,0,1,1
777970,4,top,3,3,3,1,0,1,1
777970,4,bottom,0,1,1,1,0,1,1
777970,4,bottom,0,4,0,1,0,1,1
777970,4,bottom,0,0,0,2,0,2,1
777970,4,bottom,1,2,2,2,0,2,1
777970,4,bottom,2,0,0,3,0,3,1
777970,4,bottom,3,1,1,3,0,3,1
777970,5,top,0,4,0,3,0,3,1
777970,5,top,1,1,2,3,0,3,1
777970,5,top,2,3,2,3,0,3,1
777970,5,top,2,2,1,3,2,1,1
777970,5,top,2,4,1,3,2,1,1
777970,5,top,3,1,0,3,2,1,1
777970,5,bottom,1,1,2,3,2,1,1
777970,5,bottom,2,3,3,3,2,1,1
777970,5,bottom,3,2,1,3,2,1,1
777970,6,top,0,2,2,3,2,1,1
777970,6,top,0,0,1,3,2,1,1
777970,6,top,1,0,1,3,3,0,1
777970,6,top,2,1,3,3,3,0,1
777970,6,top,3,2,3,3,3,0,1
777970,6,bottom,1,0,0,3,3,0,1
777970,6,bottom,2,3,2,3,3,0,1
777970,6,bottom,3,2,3,3,3,0,1
777970,7,top,1,1,3,3,3,0,1
777970,7,top,2,0,1,3,3,0,1
777970,7,top,2,4,2,3,3,0,1
777970,7,top,3,1,3,3,3,0,1
777970,7,bottom,1,0,0,3,3,0,1
777970,7,bottom,2,0,3,3,3,0,1
777970,7,bottom,2,0,2,3,3,0,1
777970,7,bottom,2,1,2,3,3,0,1
777970,7,bottom,3,1,2,3,3,0,1
777970,8,top,0,4,1,3,3,0,1
777970,8,top,1,2,1,3,3,0,1
777970,8,top,1,1,1,3,4,-1,1
777970,8,top,1,0,0,3,4,-1,1
777970,8,top,2,1,3,3,4,-1,1
777970,8,top,2,2,2,3,6,-3,1
777970,8,top,2,4,1,3,6,-3,1
777970,8,top,3,2,3,3,6,-3,1
777970,8,bottom,1,0,2,3,6,-3,1
777970,8,bottom,2,1,3,3,6,-3,1
777970,8,bottom,3,0,3,3,6,-3,1
777970,9,top,1,0,2,3,6,-3,1
777970,9,top,2,0,3,3,6,-3,1
777970,9,top,2,0,1,3,6,-3,1
777970,9,top,3,0,0,3,6,-3,1
777970,9,bottom,1,3,3,3,6,-3,1
777970,9,bottom,2,3,3,3,6,-3,1
777970,9,bottom,3,0,3,3,6,-3,1
777958,1,top,1,2,1,0,0,0,1
777958,1,top,2,3,2,0,0,0,1
777958,1,top,3,0,1,0,0,0,1
777958,1,bottom,0,0,0,0,0,0,1
777958,1,bottom,1,0,1,0,0,0,1
777958,1,bottom,1,4,1,0,0,0,1
777958,1,bottom,2,1,2,0,0,0,1
777958,1,bottom,3,3,2,0,0,0,1
777958,2,top,1,0,0,0,0,0,1
777958,2,top,2,0,3,0,0,0,1
777958,2,top,2,1,0,0,0,0,1
777958,2,top,2,0,1,0,0,0,1
777958,2,top,2,2,2,0,1,-1,1
777958,2,top,3,1,0,0,1,-1,1
777958,2,bottom,1,0,1,0,1,-1,1
777958,2,bottom,2,2,1,0,1,-1,1
777958,2,bottom,3,0,2,0,1,-1,1
777958,3,top,1,2,3,0,1,-1,1
777958,3,top,2,1,1,0,1,-1,1
777958,3,top,3,3,2,0,1,-1,1
777958,3,bottom,0,2,1,1,1,0,1
777958,3,bottom,1,2,1,1,1,0,1
777958,3,bottom,2,3,3,1,1,0,1
777958,3,bottom,2,4,1,1,1,0,1
777958,3,bottom,3,2,1,1,1,0,1
777958,4,top,1,1,0,1,1,0,1
777958,4,top,1,0,2,1,1,0,1
777958,4,top,1,1,0,1,1,0,1
777958,4,top,2,0,0,1,2,-1,1
777958,4,top,3,0,2,1,2,-1,1
777958,4,bottom,0,0,0,1,2,-1,1
777958,4,bottom,2,2,1,1,2,-1,1
777958,4,bottom,3,3,1,1,2,-1,1
777958,5,top,1,1,3,1,2,-1,1
777958,5,top,2,0,2,1,2,-1,1
777958,5,top,2,3,0,1,2,-1,1
777958,5,top,2,4,2,1,2,-1,1
777958,5,top,2,1,1,1,5,-4,1
777958,5,top,3,2,2,1,5,-4,1
777958,5,bottom,1,2,3,1,5,-4,1
777958,5,bottom,2,1,3,1,5,-4,1
777958,5,bottom,3,2,3,1,5,-4,1
777958,6,top,0,4,1,1,5,-4,1
777958,6,top,0,0,0,1,5,-4,1
777958,6,top,1,0,0,1,5,-4,1
777958,6,top,1,1,1,1,7,-6,1
777958,6,top,2,0,1,1,7,-6,1
777958,6,top,3,0,0,1,7,-6,1
777958,6,bottom,1,2,1,1,7,-6,1
777958,6,bottom,2,2,0,1,7,-6,1
777958,6,bottom,3,1,3,1,7,-6,1
777958,7,top,0,3,1,1,8,-7,1
777958,7,top,0,1,0,1,8,-7,1
777958,7,top,1,1,2,1,8,-7,1
777958,7,top,1,1,0,1,9,-8,1
777958,7,top,2,0,3,1,9,-8,1
777958,7,top,3,2,1,1,9,-8,1
777958,7,bottom,1,1,1,1,9,-8,1
777958,7,bottom,2,0,2,1,9,-8,1
777958,7,bottom,3,3,3,1,9,-8,1
777958,8,top,1,2,2,1,9,-8,1
777958,8,top,2,1,2,1,9,-8,1
777958,8,top,3,2,1,1,9,-8,1
777958,8,bottom,1,0,0,1,9,-8,1
777958,8,bottom,2,1,1,1,9,-8,1
777958,8,bottom,3,1,3,1,9,-8,1
777958,9,top,0,0,2,1,9,-8,1
777958,9,top,2,2,1,1,9,-8,1
777958,9,top,2,1,1,1,9,-8,1
777958,9,top,2,4,0,1,9,-8,1
777958,9,top,2,0,0,1,9,-8,1
777958,9,top,3,1,0,1,9,-8,1
777958,9,bottom,0,2,2,1,9,-8,1
777958,9,bottom,2,1,1,1,9,-8,1
777958,9,bottom,3,0,1,1,9,-8,1
777935,1,top,1,0,0,0,0,0,0
777935,1,top,1,4,2,0,0,0,0
777935,1,top,2,0,1,0,0,0,0
777935,1,top,2,4,1,0,0,0,0
777935,1,top,3,2,3,0,0,0,0
777935,1,bottom,1,0,0,0,0,0,0
777935,1,bottom,2,0,1,0,0,0,0
777935,1,bottom,3,1,3,0,0,0,0
777935,2,top,1,0,0,0,0,0,0
777935,2,top,2,1,0,0,0,0,0
777935,2,top,3,1,2,0,0,0,0
777935,2,bottom,1,3,3,0,0,0,0
777935,2,bottom,2,0,3,0,0,0,0
777935,2,bottom,3,0,3,0,0,0,0
777935,3,top,0,2,1,0,0,0,0
777935,3,top,0,0,2,0,0,0,0
777935,3,top,0,0,0,0,2,-2,0
777935,3,top,1,0,3,0,2,-2,0
777935,3,top,1,1,2,0,4,-4,0
777935,3,top,2,2,3,0,4,-4,0
777935,3,top,2,0,0,0,4,-4,0
777935,3,top,3,0,0,0,4,-4,0
777935,3,bottom,1,1,3,0,4,-4,0
777935,3,bottom,1,0,2,0,4,-4,0
777935,3,bottom,2,0,0,0,4,-4,0
777935,3,bottom,2,1,2,2,4,-2,0
777935,3,bottom,3,3,3,2,4,-2,0
777935,4,top,1,0,0,2,4,-2,0
777935,4,top,2,2,2,2,4,-2,0
777935,4,top,3,1,2,2,4,-2,0
777935,4,bottom,0,4,2,2,4,-2,0
777935,4,bottom,2,2,2,2,4,-2,0
777935,4,bottom,2,1,0,3,4,-1,0
777935,4,bottom,3,1,2,3,4,-1,0
777935,5,top,1,2,3,3,4,-1,0
777935,5,top,2,1,1,3,4,-1,0
777935,5,top,3,1,2,3,4,-1,0
777935,5,bottom,1,2,2,3,4,-1,0
777935,5,bottom,1,1,1,3,4,-1,0
777935,5,bottom,2,1,2,3,4,-1,0
777935,5,bottom,2,4,2,3,4,-1,0
777935,5,bottom,3,2,1,3,4,-1,0
777935,6,top,0,0,0,3,4,-1,0
777935,6,top,1,0,0,3,4,-1,0
777935,6,top,1,4,2,3,4,-1,0
777935,6,top,2,1,3,3,4,-1,0
777935,6,top,3,0,1,3,5,-2,0
777935,6,bottom,1,1,3,3,5,-2,0
777935,6,bottom,2,2,1,3,5,-2,0
777935,6,bottom,3,1,3,3,5,-2,0
777935,7,top,0,1,1,3,6,-3,0
777935,7,top,1,0,2,3,6,-3,0
777935,7,top,2,3,2,3,6,-3,0
777935,7,top,3,2,1,3,6,-3,0
777935,7,bottom,0,0,1,4,6,-2,0
777935,7,bottom,1,0,1,4,6,-2,0
777935,7,bottom,2,0,3,4,6,-2,0
777935,7,bottom,3,1,2,4,6,-2,0
777935,8,top,1,0,2,4,6,-2,0
777935,8,top,2,3,3,4,6,-2,0
777935,8,top,3,0,0,4,6,-2,0
777935,8,bottom,1,2,2,4,6,-2,0
777935,8,bottom,1,4,1,4,6,-2,0
777935,8,bottom,2,1,1,4,6,-2,0
777935,8,bottom,2,4,0,4,6,-2,0
777935,8,bottom,2,0,0,7,6,1,0
777935,8,bottom,2,0,1,7,6,1,0
777935,8,bottom,3,3,3,7,6,1,0
777935,9,top,1,0,3,7,6,1,0
777935,9,top,1,4,2,7,6,1,0
777935,9,top,1,0,0,7,6,1,0
777935,9,top,1,0,1,7,7,0,0
777935,9,top,1,0,0,7,7,0,0
777935,9,top,1,2,2,7,11,-4,0
777935,9,top,2,0,3,7,11,-4,0
777935,9,top,3,1,1,7,11,-4,0
777935,9,bottom,1,0,0,7,11,-4,0
777935,9,bottom,1,0,1,7,11,-4,0
777935,9,bottom,1,0,1,8,11,-3,0
777935,9,bottom,1,0,1,9,11,-2,0
777935,9,bottom,2,3,3,9,11,-2,0
777935,9,bottom,2,4,0,9,11,-2,0
777935,9,bottom,3,1,2,9,11,-2,0
777923,1,top,1,0,2,0,0,0,1
777923,1,top,2,3,3,0,0,0,1
777923,1,top,2,0,1,0,0,0,1
777923,1,top,2,3,1,0,0,0,1
777923,1,top,3,0,0,0,0,0,1
777923,1,bottom,1,1,0,0,0,0,1
777923,1,bottom,1,3,2,0,0,0,1
777923,1,bottom,1,2,2,0,0,0,1
777923,1,bottom,3,2,1,0,0,0,1
777923,2,top,1,2,3,0,0,0,1
777923,2,top,2,1,0,0,0,0,1
777923,2,top,3,0,3,0,0,0,1
777923,2,bottom,1,0,0,0,0,0,1
777923,2,bottom,2,1,0,0,0,0,1
777923,2,bottom,3,0,3,0,0,0,1
777923,3,top,1,2,2,0,0,0,1
777923,3,top,1,3,2,0,0,0,1
777923,3,top,2,2,0,0,0,0,1
777923,3,top,3,1,2,0,0,0,1
777923,3,bottom,0,0,1,0,0,0,1
777923,3,bottom,1,2,3,0,0,0,1
777923,3,bottom,2,1,3,0,0,0,1
777923,3,bottom,3,0,1,0,0,0,1
777923,4,top,0,4,0,0,0,0,1
777923,4,top,1,0,0,0,0,0,1
777923,4,top,1,2,2,0,1,-1,1
777923,4,top,1,2,2,0,1,-1,1
777923,4,top,2,0,0,0,1,-1,1
777923,4,top,3,1,1,0,1,-1,1
777923,4,bottom,1,1,3,0,1,-1,1
777923,4,bottom,2,0,2,0,1,-1,1
777923,4,bottom,3,1,0,0,1,-1,1
777923,5,top,1,0,0,0,1,-1,1
777923,5,top,1,1,0,0,1,-1,1
777923,5,top,2,3,3,0,1,-1,1
777923,5,top,3,0,1,0,1,-1,1
777923,5,bottom,0,2,1,0,1,-1,1
777923,5,bottom,1,3,2,0,1,-1,1
777923,5,bottom,1,0,1,0,1,-1,1
777923,5,bottom,2,0,3,0,1,-1,1
777923,5,bottom,3,1,0,0,1,-1,1
777923,6,top,1,2,3,0,1,-1,1
777923,6,top,2,1,3,0,1,-1,1
777923,6,top,2,4,2,0,1,-1,1
777923,6,top,3,2,2,0,1,-1,1
777923,6,bottom,0,4,2,0,1,-1,1
777923,6,bottom,1,1,3,0,1,-1,1
777923,6,bottom,2,2,3,0,1,-1,1
777923,6,bottom,2,0,1,0,1,-1,1
777923,6,bottom,2,0,2,3,1,2,1
777923,6,bottom,3,1,1,3,1,2,1
777923,7,top,1,1,2,3,1,2,1
777923,7,top,1,0,2,3,1,2,1
777923,7,top,2,2,3,3,1,2,1
777923,7,top,3,3,2,3,1,2,1
777923,7,bottom,1,0,0,3,1,2,1
777923,7,bottom,2,1,0,3,1,2,1
777923,7,bottom,3,0,0,3,1,2,1
777923,8,top,1,3,2,3,1,2,1
777923,8,top,2,1,2,3,1,2,1
777923,8,top,3,1,3,3,1,2,1
777923,8,bottom,0,1,1,3,1,2,1
777923,8,bottom,1,1,1,3,1,2,1
777923,8,bottom,1,0,0,3,1,2,1
777923,8,bottom,2,2,2,3,1,2,1
777923,8,bottom,3,1,2,3,1,2,1
777923,9,top,1,0,3,3,1,2,1
777923,9,top,2,0,1,3,1,2,1
777923,9,top,3,1,0,3,1,2,1
777913,1,top,0,1,2,0,0,0,0
777913,1,top,0,0,0,0,2,-2,0
777913,1,top,1,1,3,0,2,-2,0
777913,1,top,2,2,3,0,2,-2,0
777913,1,top,3,0,1,0,2,-2,0
777913,1,bottom,0,2,1,0,2,-2,0
777913,1,bottom,0,4,0,0,2,-2,0
777913,1,bottom,1,0,2,0,2,-2,0
777913,1,bottom,3,1,1,0,2,-2,0
777913,2,top,0,1,2,0,2,-2,0
777913,2,top,0,0,1,0,2,-2,0
777913,2,top,1,0,0,0,2,-2,0
777913,2,top,2,3,1,0,3,-3,0
777913,2,top,3,1,2,0,3,-3,0
777913,2,bottom,1,1,2,0,3,-3,0
777913,2,bottom,1,2,2,1,3,-2,0
777913,2,bottom,2,1,2,1,3,-2,0
777913,2,bottom,3,0,0,1,3,-2,0
777913,3,top,1,1,2,1,3,-2,0
777913,3,top,2,2,2,1,3,-2,0
777913,3,top,3,1,3,1,3,-2,0
777913,3,bottom,1,1,3,1,3,-2,0
777913,3,bottom,2,1,3,1,3,-2,0
777913,3,bottom,2,2,1,2,3,-1,0
777913,3,bottom,3,0,0,2,3,-1,0
777913,4,top,0,1,1,2,4,-2,0
777913,4,top,1,0,2,2,4,-2,0
777913,4,top,2,0,0,2,4,-2,0
777913,4,top,3,1,3,2,4,-2,0
777913,4,bottom,1,2,0,2,4,-2,0
777913,4,bottom,2,0,0,2,4,-2,0
777913,4,bottom,3,1,2,2,4,-2,0
777913,5,top,1,2,2,2,4,-2,0
777913,5,top,1,1,1,2,5,-3,0
777913,5,top,2,1,3,2,5,-3,0
777913,5,top,2,1,2,2,5,-3,0
777913,5,top,3,1,3,2,5,-3,0
777913,5,bottom,1,0,2,2,5,-3,0
777913,5,bottom,1,2,2,2,5,-3,0
777913,5,bottom,3,0,1,2,5,-3,0
777913,6,top,1,2,1,2,5,-3,0
777913,6,top,1,1,2,2,5,-3,0
777913,6,top,2,1,1,2,5,-3,0
777913,6,top,2,0,2,2,6,-4,0
777913,6,top,2,0,1,2,6,-4,0
777913,6,top,3,0,0,2,6,-4,0
777913,6,bottom,0,0,1,2,6,-4,0
777913,6,bottom,1,2,2,2,6,-4,0
777913,6,bottom,3,1,2,2,6,-4,0
777913,7,top,0,1,1,2,6,-4,0
777913,7,top,1,1,2,2,6,-4,0
777913,7,top,2,1,3,2,6,-4,0
777913,7,top,3,3,3,2,6,-4,0
777913,7,bottom,1,0,0,2,6,-4,0
777913,7,bottom,2,0,1,2,6,-4,0
777913,7,bottom,2,1,2,2,6,-4,0
777913,7,bottom,3,1,0,2,6,-4,0
777913,8,top,1,1,3,2,6,-4,0
777913,8,top,2,1,1,2,6,-4,0
777913,8,top,3,1,3,2,6,-4,0
777913,8,bottom,1,0,0,2,6,-4,0
777913,8,bottom,1,2,2,3,6,-3,0
777913,8,bottom,1,0,0,3,6,-3,0
777913,8,bottom,1,4,1,3,6,-3,0
777913,8,bottom,2,1,2,3,6,-3,0
777913,8,bottom,3,3,2,3,6,-3,0
777913,9,top,1,2,2,3,6,-3,0
777913,9,top,1,0,0,3,6,-3,0
777913,9,top,1,1,2,3,8,-5,0
777913,9,top,1,4,1,3,8,-5,0
777913,9,top,3,0,0,3,8,-5,0
777913,9,bottom,1,2,2,3,8,-5,0
777913,9,bottom,2,1,3,3,8,-5,0
777913,9,bottom,3,0,0,3,8,-5,0
777906,1,top,1,2,3,0,0,0,0
777906,1,top,2,1,2,0,0,0,0
777906,1,top,3,1,3,0,0,0,0
777906,1,bottom,0,2,2,0,0,0,0
777906,1,bottom,1,1,3,0,0,0,0
777906,1,bottom,2,2,3,0,0,0,0
777906,1,bottom,3,2,0,0,0,0,0
777906,2,top,0,0,0,0,1,-1,0
777906,2,top,0,1,0,0,1,-1,0
777906,2,top,1,2,1,0,1,-1,0
777906,2,top,1,0,0,0,1,-1,0
777906,2,top,2,1,3,0,1,-1,0
777906,2,top,3,1,2,0,1,-1,0
777906,2,bottom,1,0,0,0,1,-1,0
777906,2,bottom,1,4,2,0,1,-1,0
777906,2,bottom,3,0,1,0,1,-1,0
777906,3,top,0,2,1,0,1,-1,0
777906,3,top,0,3,1,0,1,-1,0
777906,3,top,1,1,3,0,1,-1,0
777906,3,top,2,2,1,0,1,-1,0
777906,3,top,3,0,1,0,1,-1,0
777906,3,bottom,0,2,2,0,1,-1,0
777906,3,bottom,1,2,0,0,1,-1,0
777906,3,bottom,2,0,3,0,1,-1,0
777906,3,bottom,3,1,1,0,1,-1,0
777906,4,top,0,3,2,0,2,-2,0
777906,4,top,1,1,3,0,2,-2,0
777906,4,top,2,1,1,0,2,-2,0
777906,4,top,3,1,2,0,2,-2,0
777906,4,bottom,1,3,2,0,2,-2,0
777906,4,bottom,2,0,1,0,2,-2,0
777906,4,bottom,3,1,3,0,2,-2,0
777906,5,top,0,1,2,0,2,-2,0
777906,5,top,1,1,0,0,2,-2,0
777906,5,top,1,2,1,0,2,-2,0
777906,5,top,1,1,0,0,4,-4,0
777906,5,top,2,1,3,0,4,-4,0
777906,5,top,2,4,2,0,4,-4,0
777906,5,top,2,4,1,0,4,-4,0
777906,5,top,3,2,3,0,4,-4,0
777906,5,bottom,0,1,2,0,4,-4,0
777906,5,bottom,2,2,1,0,4,-4,0
777906,5,bottom,3,1,1,0,4,-4,0
777906,6,top,1,0,1,0,4,-4,0
777906,6,top,2,1,0,0,4,-4,0
777906,6,top,3,3,2,0,4,-4,0
777906,6,bottom,1,1,3,0,4,-4,0
777906,6,bottom,2,2,3,0,4,-4,0
777906,6,bottom,2,2,2,0,4,-4,0
777906,6,bottom,2,0,2,2,4,-2,0
777906,6,bottom,3,3,3,2,4,-2,0
777906,7,top,1,3,3,2,4,-2,0
777906,7,top,2,3,3,2,4,-2,0
777906,7,top,2,4,2,2,4,-2,0
777906,7,top,3,0,0,2,4,-2,0
777906,7,bottom,1,3,1,2,4,-2,0
777906,7,bottom,1,3,1,2,4,-2,0
777906,7,bottom,1,2,1,3,4,-1,0
777906,7,bottom,2,2,2,3,4,-1,0
777906,7,bottom,3,0,0,3,4,-1,0
777906,8,top,1,3,2,3,4,-1,0
777906,8,top,2,1,0,3,4,-1,0
777906,8,top,2,0,1,3,5,-2,0
777906,8,top,3,1,3,3,5,-2,0
777906,8,bottom,0,1,0,4,5,-1,0
777906,8,bottom,1,0,1,4,5,-1,0
777906,8,bottom,2,2,3,4,5,-1,0
777906,8,bottom,3,3,3,4,5,-1,0
777906,9,top,1,2,2,4,5,-1,0
777906,9,top,2,1,2,4,5,-1,0
777906,9,top,2,4,2,4,5,-1,0
777906,9,top,3,1,0,4,5,-1,0
777906,9,bottom,1,3,2,4,5,-1,0
777906,9,bottom,2,0,0,4,5,-1,0
777906,9,bottom,2,1,2,4,5,-1,0
777906,9,bottom,2,1,2,4,5,-1,0
777906,9,bottom,3,0,1,4,5,-1,0
777886,1,top,1,1,1,0,0,0,1
777886,1,top,1,1,2,0,0,0,1
777886,1,top,2,0,3,0,0,0,1
777886,1,top,3,1,3,0,0,0,1
777886,1,bottom,0,1,2,0,0,0,1
777886,1,bottom,1,2,0,0,0,0,1
777886,1,bottom,2,1,1,0,0,0,1
777886,1,bottom,3,3,3,0,0,0,1
777886,2,top,0,0,1,0,1,-1,1
777886,2,top,0,1,1,0,1,-1,1
777886,2,top,1,1,2,0,1,-1,1
777886,2,top,2,0,0,0,1,-1,1
777886,2,top,3,0,1,0,1,-1,1
777886,2,bottom,1,3,3,0,1,-1,1
777886,2,bottom,2,0,2,0,1,-1,1
777886,2,bottom,3,1,1,0,1,-1,1
777886,3,top,1,2,3,0,1,-1,1
777886,3,top,2,1,3,0,1,-1,1
777886,3,top,3,1,3,0,1,-1,1
777886,3,bottom,0,4,2,0,1,-1,1
777886,3,bottom,1,3,1,0,1,-1,1
777886,3,bottom,3,1,2,0,1,-1,1
777886,4,top,1,2,1,0,1,-1,1
777886,4,top,2,2,0,0,1,-1,1
777886,4,top,3,0,0,0,1,-1,1
777886,4,bottom,1,1,1,0,1,-1,1
777886,4,bottom,2,0,0,0,1,-1,1
777886,4,bottom,3,1,3,0,1,-1,1
777886,5,top,1,3,2,0,1,-1,1
777886,5,top,1,1,0,0,1,-1,1
777886,5,top,3,2,1,0,1,-1,1
777886,5,bottom,1,0,0,0,1,-1,1
777886,5,bottom,2,3,3,0,1,-1,1
777886,5,bottom,3,2,2,0,1,-1,1
777886,6,top,1,3,3,0,1,-1,1
777886,6,top,2,1,0,0,1,-1,1
777886,6,top,3,1,3,0,1,-1,1
777886,6,bottom,1,2,3,0,1,-1,1
777886,6,bottom,2,0,2,0,1,-1,1
777886,6,bottom,3,3,3,0,1,-1,1
777886,7,top,1,0,1,0,1,-1,1
777886,7,top,2,0,0,0,1,-1,1
777886,7,top,2,4,2,0,1,-1,1
777886,7,top,3,0,0,0,1,-1,1
777886,7,bottom,0,4,2,0,1,-1,1
777886,7,bottom,1,1,1,0,1,-1,1
777886,7,bottom,1,4,2,0,1,-1,1
777886,7,bottom,3,0,0,0,1,-1,1
777886,8,top,1,0,2,0,1,-1,1
777886,8,top,2,0,0,0,1,-1,1
777886,8,top,3,0,2,0,1,-1,1
777886,8,bottom,0,4,2,0,1,-1,1
777886,8,bottom,1,1,1,0,1,-1,1
777886,8,bottom,1,3,2,1,1,0,1
777886,8,bottom,2,2,3,1,1,0,1
777886,8,bottom,3,3,2,1,1,0,1
777886,9,top,0,4,0,1,1,0,1
777886,9,top,2,0,1,1,1,0,1
777886,9,top,3,1,2,1,1,0,1
777886,9,bottom,1,3,2,1,1,0,1
777886,9,bottom,1,1,0,1,1,0,1
777886,9,bottom,2,0,1,1,1,0,1
777886,9,bottom,2,4,0,1,1,0,1
777886,9,bottom,2,0,1,2,1,1,1
777871,1,top,0,1,0,0,0,0,0
777871,1,top,1,0,2,0,0,0,0
777871,1,top,1,0,0,0,0,0,0
777871,1,top,2,1,3,0,0,0,0
777871,1,top,2,1,1,0,2,-2,0
777871,1,top,3,1,0,0,2,-2,0
777871,1,bottom,0,0,0,0,2,-2,0
777871,1,bottom,0,1,0,0,2,-2,0
777871,1,bottom,1,2,0,0,2,-2,0
777871,1,bottom,3,1,0,0,2,-2,0
777871,2,top,0,1,1,0,2,-2,0
777871,2,top,0,4,2,0,2,-2,0
777871,2,top,1,0,2,0,2,-2,0
777871,2,top,2,1,1,0,2,-2,0
777871,2,top,3,2,2,0,2,-2,0
777871,2,bottom,1,1,2,0,2,-2,0
777871,2,bottom,2,2,3,0,2,-2,0
777871,2,bottom,3,0,0,0,2,-2,0
777871,3,top,1,2,1,0,2,-2,0
777871,3,top,1,1,1,0,2,-2,0
777871,3,top,3,0,0,0,2,-2,0
777871,3,bottom,1,1,1,0,2,-2,0
777871,3,bottom,2,2,1,0,2,-2,0
777871,3,bottom,3,2,3,0,2,-2,0
777871,4,top,1,0,1,0,2,-2,0
777871,4,top,1,2,2,0,2,-2,0
777871,4,top,2,1,0,0,2,-2,0
777871,4,top,3,0,1,0,2,-2,0
777871,4,bottom,0,4,0,0,2,-2,0
777871,4,bottom,0,0,2,0,2,-2,0
777871,4,bottom,0,3,1,1,2,-1,0
777871,4,bottom,1,3,3,1,2,-1,0
777871,4,bottom,2,2,0,1,2,-1,0
777871,4,bottom,2,0,0,2,2,0,0
777871,4,bottom,3,2,2,2,2,0,0
777871,5,top,1,1,1,2,2,0,0
777871,5,top,1,1,0,2,2,0,0
777871,5,top,2,1,3,2,2,0,0
777871,5,top,2,0,0,2,2,0,0
777871,5,top,3,2,3,2,2,0,0
777871,5,bottom,0,1,2,2,2,0,0
777871,5,bottom,0,4,2,2,2,0,0
777871,5,bottom,1,1,2,2,2,0,0
777871,5,bottom,2,0,0,2,2,0,0
777871,5,bottom,3,0,1,2,2,0,0
777871,6,top,1,2,1,2,2,0,0
777871,6,top,1,2,1,2,2,0,0
777871,6,top,2,0,0,2,2,0,0
777871,6,top,3,1,3,2,2,0,0
777871,6,bottom,1,0,3,2,2,0,0
777871,6,bottom,2,3,1,2,2,0,0
777871,6,bottom,3,3,3,2,2,0,0
777871,7,top,1,2,0,2,2,0,0
777871,7,top,1,4,1,2,2,0,0
777871,7,top,1,2,1,2,2,0,0
777871,7,top,2,1,3,2,2,0,0
777871,7,top,3,0,1,2,3,-1,0
777871,7,bottom,0,4,1,2,3,-1,0
777871,7,bottom,1,1,3,2,3,-1,0
777871,7,bottom,2,3,3,2,3,-1,0
777871,7,bottom,2,4,2,2,3,-1,0
777871,7,bottom,3,1,3,2,3,-1,0
777871,8,top,1,3,3,2,3,-1,0
777871,8,top,2,0,1,2,3,-1,0
777871,8,top,2,1,2,2,3,-1,0
777871,8,top,3,1,2,2,3,-1,0
777871,8,bottom,0,1,2,2,3,-1,0
777871,8,bottom,1,3,3,2,3,-1,0
777871,8,bottom,2,0,1,2,3,-1,0
777871,8,bottom,3,1,2,2,3,-1,0
777871,9,top,1,3,2,2,3,-1,0
777871,9,top,1,4,2,2,3,-1,0
777871,9,top,2,0,2,2,3,-1,0
777871,9,top,3,1,0,2,3,-1,0
777871,9,bottom,1,2,2,2,3,-1,0
777871,9,bottom,2,2,3,2,3,-1,0
777871,9,bottom,2,1,2,2,3,-1,0
777871,9,bottom,3,3,2,2,3,-1,0
777845,1,top,1,2,2,0,0,0,1
777845,1,top,1,1,2,0,0,0,1
777845,1,top,2,0,3,0,0,0,1
777845,1,top,3,1,3,0,0,0,1
777845,1,bottom,1,3,3,0,0,0,1
777845,1,bottom,1,0,1,1,0,1,1
777845,1,bottom,2,0,3,1,0,1,1
777845,1,bottom,3,3,3,1,0,1,1
777845,2,top,1,2,2,1,0,1,1
777845,2,top,2,3,2,1,0,1,1
777845,2,top,3,3,3,1,0,1,1
777845,2,bottom,1,1,2,1,0,1,1
777845,2,bottom,2,1,3,1,0,1,1
777845,2,bottom,3,1,3,1,0,1,1
777845,3,top,1,1,2,1,0,1,1
777845,3,top,2,0,1,1,0,1,1
777845,3,top,2,0,1,1,0,1,1
777845,3,top,3,1,1,1,0,1,1
777845,3,bottom,1,2,2,1,0,1,1
777845,3,bottom,2,0,1,1,0,1,1
777845,3,bottom,3,1,1,1,0,1,1
777845,4,top,1,2,2,1,0,1,1
777845,4,top,2,0,1,1,0,1,1
777845,4,top,2,4,1,1,0,1,1
777845,4,top,3,3,3,1,0,1,1
777845,4,bottom,1,0,1,1,0,1,1
777845,4,bottom,2,2,1,1,0,1,1
777845,4,bottom,3,0,2,1,0,1,1
777845,5,top,1,1,1,1,0,1,1
777845,5,top,1,0,1,1,0,1,1
777845,5,top,2,0,0,1,0,1,1
777845,5,top,3,1,3,1,0,1,1
777845,5,bottom,0,4,2,1,0,1,1
777845,5,bottom,0,0,1,3,0,3,1
777845,5,bottom,0,0,1,3,0,3,1
777845,5,bottom,1,1,0,3,0,3,1
777845,5,bottom,3,3,2,3,0,3,1
777845,6,top,1,3,2,3,0,3,1
777845,6,top,2,3,2,3,0,3,1
777845,6,top,2,2,1,3,0,3,1
777845,6,top,3,3,3,3,0,3,1
777845,6,bottom,1,1,2,3,0,3,1
777845,6,bottom,2,0,1,3,0,3,1
777845,6,bottom,3,0,0,3,0,3,1
777845,7,top,0,2,2,3,0,3,1
777845,7,top,2,1,0,3,0,3,1
777845,7,top,3,1,3,3,0,3,1
777845,7,bottom,1,0,2,3,0,3,1
777845,7,bottom,2,3,2,3,0,3,1
777845,7,bottom,3,3,3,3,0,3,1
777845,8,top,1,2,1,3,0,3,1
777845,8,top,2,2,2,3,0,3,1
777845,8,top,3,2,2,3,0,3,1
777845,8,bottom,1,3,3,3,0,3,1
777845,8,bottom,2,2,2,3,0,3,1
777845,8,bottom,2,4,2,3,0,3,1
777845,8,bottom,3,0,0,3,0,3,1
777845,9,top,1,0,2,3,0,3,1
777845,9,top,2,1,3,3,0,3,1
777845,9,top,3,0,1,3,0,3,1
777837,1,top,1,2,3,0,0,0,1
777837,1,top,1,2,2,0,0,0,1
777837,1,top,2,1,2,0,0,0,1
777837,1,top,3,1,3,0,0,0,1
777837,1,bottom,1,3,3,0,0,0,1
777837,1,bottom,2,1,1,0,0,0,1
777837,1,bottom,3,2,2,0,0,0,1
777837,2,top,1,0,0,0,0,0,1
777837,2,top,2,2,3,0,0,0,1
777837,2,top,3,1,3,0,0,0,1
777837,2,bottom,1,0,0,0,0,0,1
777837,2,bottom,2,3,1,0,0,0,1
777837,2,bottom,3,1,3,0,0,0,1
777837,3,top,1,1,2,0,0,0,1
777837,3,top,2,0,0,0,0,0,1
777837,3,top,3,0,3,0,0,0,1
777837,3,bottom,1,2,2,0,0,0,1
777837,3,bottom,2,0,1,0,0,0,1
777837,3,bottom,2,3,2,0,0,0,1
777837,3,bottom,3,2,1,0,0,0,1
777837,4,top,1,1,1,0,0,0,1
777837,4,top,1,1,0,0,0,0,1
777837,4,top,2,0,2,0,0,0,1
777837,4,top,3,3,3,0,0,0,1
777837,4,bottom,1,1,3,0,0,0,1
777837,4,bottom,2,0,3,0,0,0,1
777837,4,bottom,2,3,0,0,0,0,1
777837,4,bottom,3,1,2,0,0,0,1
777837,5,top,1,3,3,0,0,0,1
777837,5,top,2,0,2,0,0,0,1
777837,5,top,3,1,1,0,0,0,1
777837,5,bottom,0,3,2,0,0,0,1
777837,5,bottom,1,0,0,0,0,0,1
777837,5,bottom,2,2,1,0,0,0,1
777837,5,bottom,2,0,0,2,0,2,1
777837,5,bottom,2,0,1,2,0,2,1
777837,5,bottom,3,1,2,2,0,2,1
777837,6,top,1,2,2,2,0,2,1
777837,6,top,2,2,1,2,0,2,1
777837,6,top,2,1,2,2,0,2,1
777837,6,top,3,0,0,2,0,2,1
777837,6,bottom,1,0,2,2,0,2,1
777837,6,bottom,2,0,3,2,0,2,1
777837,6,bottom,2,4,2,2,0,2,1
777837,6,bottom,3,1,3,2,0,2,1
777837,7,top,1,1,3,2,0,2,1
777837,7,top,2,2,3,2,0,2,1
777837,7,top,3,1,2,2,0,2,1
777837,7,bottom,0,0,0,2,0,2,1
777837,7,bottom,0,0,2,2,0,2,1
777837,7,bottom,0,2,2,2,0,2,1
777837,7,bottom,1,1,2,3,0,3,1
777837,7,bottom,1,0,2,4,0,4,1
777837,7,bottom,2,2,3,4,0,4,1
777837,7,bottom,2,1,1,5,0,5,1
777837,7,bottom,2,4,2,5,0,5,1
777837,7,bottom,2,0,1,7,0,7,1
777837,7,bottom,3,2,0,7,0,7,1
777837,8,top,1,3,2,7,0,7,1
777837,8,top,2,3,3,7,0,7,1
777837,8,top,2,1,2,7,0,7,1
777837,8,top,2,0,1,7,0,7,1
777837,8,top,3,0,1,7,0,7,1
777837,8,bottom,0,1,1,7,0,7,1
777837,8,bottom,0,0,1,7,0,7,1
777837,8,bottom,0,0,1,8,0,8,1
777837,8,bottom,0,0,2,8,0,8,1
777837,8,bottom,0,0,0,12,0,12,1
777837,8,bottom,0,1,1,12,0,12,1
777837,8,bottom,1,3,2,12,0,12,1
777837,8,bottom,1,4,0,12,0,12,1
777837,8,bottom,1,0,0,13,0,13,1
777837,8,bottom,1,1,0,14,0,14,1
777837,8,bottom,2,2,1,14,0,14,1
777837,8,bottom,3,0,0,14,0,14,1
777837,9,top,0,3,2,14,0,14,1
777837,9,top,1,0,0,14,0,14,1
777837,9,top,2,0,1,14,0,14,1
777837,9,top,3,1,2,14,0,14,1
777816,1,top,1,2,3,0,0,0,1
777816,1,top,2,1,0,0,0,0,1
777816,1,top,3,2,1,0,0,0,1
777816,1,bottom,1,1,0,0,0,0,1
777816,1,bottom,2,2,3,0,0,0,1
777816,1,bottom,3,0,3,0,0,0,1
777816,2,top,0,0,0,0,0,0,1
777816,2,top,0,0,0,0,2,-2,1
777816,2,top,0,4,1,0,2,-2,1
777816,2,top,1,0,3,0,2,-2,1
777816,2,top,2,0,2,0,2,-2,1
777816,2,top,3,2,3,0,2,-2,1
777816,2,bottom,0,1,1,0,2,-2,1
777816,2,bottom,1,0,0,0,2,-2,1
777816,2,bottom,1,4,2,0,2,-2,1
777816,2,bottom,1,0,1,0,2,-2,1
777816,2,bottom,3,1,1,0,2,-2,1
777816,3,top,0,4,2,0,2,-2,1
777816,3,top,2,2,2,0,2,-2,1
777816,3,top,3,0,3,0,2,-2,1
777816,3,bottom,0,3,2,0,2,-2,1
777816,3,bottom,0,0,0,0,2,-2,1
777816,3,bottom,1,0,0,0,2,-2,1
777816,3,bottom,1,0,1,1,2,-1,1
777816,3,bottom,1,1,1,2,2,0,1
777816,3,bottom,2,1,2,2,2,0,1
777816,3,bottom,3,1,1,2,2,0,1
777816,4,top,0,2,1,2,2,0,1
777816,4,top,1,3,2,2,2,0,1
777816,4,top,1,4,1,2,2,0,1
777816,4,top,2,2,2,2,2,0,1
777816,4,top,3,1,1,2,2,0,1
777816,4,bottom,0,4,1,2,2,0,1
777816,4,bottom,1,0,2,2,2,0,1
777816,4,bottom,1,0,1,2,2,0,1
777816,4,bottom,1,0,0,3,2,1,1
777816,4,bottom,1,1,0,3,2,1,1
777816,4,bottom,2,2,1,4,2,2,1
777816,4,bottom,3,3,3,4,2,2,1
777816,5,top,1,3,3,4,2,2,1
777816,5,top,2,3,3,4,2,2,1
777816,5,top,3,2,3,4,2,2,1
777816,5,bottom,1,1,0,4,2,2,1
777816,5,bottom,1,4,1,4,2,2,1
777816,5,bottom,2,1,3,4,2,2,1
777816,5,bottom,3,0,0,4,2,2,1
777816,6,top,1,3,2,4,2,2,1
777816,6,top,2,1,2,4,2,2,1
777816,6,top,3,1,1,4,2,2,1
777816,6,bottom,1,2,3,4,2,2,1
777816,6,bottom,2,1,3,4,2,2,1
777816,6,bottom,3,0,0,4,2,2,1
777816,7,top,1,1,3,4,2,2,1
777816,7,top,2,3,2,4,2,2,1
777816,7,top,2,2,1,4,2,2,1
777816,7,top,3,0,2,4,2,2,1
777816,7,bottom,1,1,2,4,2,2,1
777816,7,bottom,1,3,2,4,2,2,1
777816,7,bottom,2,2,1,4,2,2,1
777816,7,bottom,3,2,2,4,2,2,1
777816,8,top,1,0,2,4,2,2,1
777816,8,top,2,0,0,4,2,2,1
777816,8,top,2,0,1,4,2,2,1
777816,8,top,3,1,0,4,2,2,1
777816,8,bottom,0,4,2,4,2,2,1
777816,8,bottom,1,2,1,4,2,2,1
777816,8,bottom,2,0,0,4,2,2,1
777816,8,bottom,3,2,2,4,2,2,1
777816,9,top,0,4,2,4,2,2,1
777816,9,top,0,1,1,4,4,0,1
777816,9,top,1,2,2,4,4,0,1
777816,9,top,2,3,3,4,4,0,1
777816,9,top,3,0,3,4,4,0,1
777816,9,bottom,1,1,1,4,4,0,1
777816,9,bottom,2,2,2,4,4,0,1
777816,9,bottom,2,4,2,4,4,0,1
777816,9,bottom,2,4,0,4,4,0,1
777816,9,bottom,3,0,1,4,4,0,1
777816,10,top,1,1,0,4,4,0,1
777816,10,top,2,3,3,4,4,0,1
777816,10,top,2,1,1,4,5,-1,1
777816,10,top,3,2,2,4,5,-1,1
777816,10,bottom,0,0,0,5,5,0,1
777816,10,bottom,1,0,1,5,5,0,1
777816,10,bottom,1,0,2,5,5,0,1
777816,10,bottom,2,2,3,5,5,0,1
777816,10,bottom,3,0,2,5,5,0,1
777816,11,top,1,0,2,5,5,0,1
777816,11,top,1,2,1,5,6,-1,1
777816,11,top,2,3,2,5,6,-1,1
777816,11,top,3,1,1,5,6,-1,1
777816,11,bottom,0,1,0,6,6,0,1
777816,11,bottom,0,4,0,6,6,0,1
777816,11,bottom,1,0,1,6,6,0,1
777816,11,bottom,1,3,2,7,6,1,1
777810,1,top,1,0,1,0,0,0,0
777810,1,top,2,0,0,0,0,0,0
777810,1,top,3,3,3,0,0,0,0
777810,1,bottom,1,1,3,0,0,0,0
777810,1,bottom,1,1,0,0,0,0,0
777810,1,bottom,2,2,2,0,0,0,0
777810,1,bottom,3,3,2,0,0,0,0
777810,2,top,1,3,1,0,0,0,0
777810,2,top,2,2,2,0,0,0,0
777810,2,top,3,1,0,0,0,0,0
777810,2,bottom,1,3,3,0,0,0,0
777810,2,bottom,1,0,1,0,0,0,0
777810,2,bottom,1,4,1,0,0,0,0
777810,2,bottom,2,0,0,0,0,0,0
777810,2,bottom,3,1,0,0,0,0,0
777810,3,top,1,1,0,0,0,0,0
777810,3,top,1,1,0,0,0,0,0
777810,3,top,2,3,1,0,0,0,0
777810,3,top,3,1,1,0,0,0,0
777810,3,bottom,1,1,1,0,0,0,0
777810,3,bottom,1,4,2,0,0,0,0
777810,3,bottom,1,2,1,2,0,2,0
777810,3,bottom,2,0,1,2,0,2,0
777810,3,bottom,2,1,2,2,0,2,0
777810,3,bottom,3,1,1,2,0,2,0
777810,4,top,1,1,1,2,0,2,0
777810,4,top,2,0,0,2,0,2,0
777810,4,top,2,4,1,2,0,2,0
777810,4,top,2,0,0,2,0,2,0
777810,4,top,3,2,3,2,0,2,0
777810,4,bottom,1,1,1,2,0,2,0
777810,4,bottom,1,2,0,3,0,3,0
777810,4,bottom,1,0,1,3,0,3,0
777810,4,bottom,2,3,2,3,0,3,0
777810,4,bottom,3,2,1,3,0,3,0
777810,5,top,0,0,2,3,0,3,0
777810,5,top,0,4,0,3,0,3,0
777810,5,top,1,3,3,3,0,3,0
777810,5,top,3,0,0,3,0,3,0
777810,5,bottom,1,3,2,3,0,3,0
777810,5,bottom,2,0,1,3,0,3,0
777810,5,bottom,3,2,3,3,0,3,0
777810,6,top,1,0,1,3,0,3,0
777810,6,top,2,2,0,3,0,3,0
777810,6,top,3,2,1,3,0,3,0
777810,6,bottom,1,1,3,3,0,3,0
777810,6,bottom,2,0,3,3,0,3,0
777810,6,bottom,3,1,3,3,0,3,0
777810,7,top,0,4,2,3,0,3,0
777810,7,top,0,4,2,3,0,3,0
777810,7,top,0,4,0,3,0,3,0
777810,7,top,2,1,1,3,1,2,0
777810,7,top,3,1,1,3,1,2,0
777810,7,bottom,1,1,1,3,1,2,0
777810,7,bottom,2,3,3,3,1,2,0
777810,7,bottom,2,1,1,3,1,2,0
777810,7,bottom,3,1,1,3,1,2,0
777810,8,top,1,0,0,3,1,2,0
777810,8,top,1,4,2,3,1,2,0
777810,8,top,2,2,2,3,1,2,0
777810,8,top,2,4,2,3,1,2,0
777810,8,top,3,1,2,3,1,2,0
777810,8,bottom,1,0,1,3,1,2,0
777810,8,bottom,2,1,2,3,1,2,0
777810,8,bottom,2,2,0,3,1,2,0
777810,8,bottom,3,0,0,3,1,2,0
777810,9,top,1,2,3,3,1,2,0
777810,9,top,2,0,1,3,1,2,0
777810,9,top,2,4,0,3,1,2,0
777810,9,top,3,0,3,3,1,2,0
777795,1,top,1,2,2,0,0,0,0
777795,1,top,2,0,1,0,0,0,0
777795,1,top,3,2,2,0,0,0,0
777795,1,bottom,1,0,0,0,0,0,0
777795,1,bottom,1,4,1,0,0,0,0
777795,1,bottom,1,3,2,0,0,0,0
777795,1,bottom,1,2,1,3,0,3,0
777795,1,bottom,2,2,2,3,0,3,0
777795,1,bottom,3,1,1,3,0,3,0
777795,2,top,1,2,1,3,0,3,0
777795,2,top,1,4,1,3,0,3,0
777795,2,top,1,4,2,3,0,3,0
777795,2,top,2,1,3,3,0,3,0
777795,2,top,2,1,1,3,0,3,0
777795,2,top,3,1,0,3,0,3,0
777795,2,bottom,1,2,3,3,0,3,0
777795,2,bottom,2,1,0,3,0,3,0
777795,2,bottom,3,1,1,3,0,3,0
777795,3,top,1,0,0,3,0,3,0
777795,3,top,2,2,0,3,0,3,0
777795,3,top,3,0,1,3,0,3,0
777795,3,bottom,1,1,1,3,0,3,0
777795,3,bottom,2,1,1,3,0,3,0
777795,3,bottom,3,0,1,3,0,3,0
777795,4,top,1,2,0,3,0,3,0
777795,4,top,2,0,3,3,0,3,0
777795,4,top,2,2,1,3,0,3,0
777795,4,top,3,1,3,3,0,3,0
777795,4,bottom,1,2,3,3,0,3,0
777795,4,bottom,2,3,2,3,0,3,0
777795,4,bottom,3,2,2,3,0,3,0
777795,5,top,0,4,1,3,0,3,0
777795,5,top,2,1,0,3,0,3,0
777795,5,top,3,0,1,3,0,3,0
777795,5,bottom,1,2,2,3,0,3,0
777795,5,bottom,2,2,2,3,0,3,0
777795,5,bottom,2,1,1,3,0,3,0
777795,5,bottom,3,0,2,3,0,3,0
777795,6,top,0,0,1,3,1,2,0
777795,6,top,1,2,3,3,1,2,0
777795,6,top,2,0,0,3,1,2,0
777795,6,top,2,1,2,3,1,2,0
777795,6,top,2,1,0,3,1,2,0
777795,6,top,3,0,1,3,1,2,0
777795,6,bottom,1,2,2,3,1,2,0
777795,6,bottom,2,3,3,3,1,2,0
777795,6,bottom,3,2,1,3,1,2,0
777795,7,top,1,0,0,3,1,2,0
777795,7,top,1,1,2,3,1,2,0
777795,7,top,3,2,2,3,1,2,0
777795,7,bottom,1,0,1,3,1,2,0
777795,7,bottom,2,1,0,3,1,2,0
777795,7,bottom,2,4,1,3,1,2,0
777795,7,bottom,3,0,3,3,1,2,0
777795,8,top,1,2,2,3,1,2,0
777795,8,top,2,1,1,3,1,2,0
777795,8,top,3,0,0,3,1,2,0
777795,8,bottom,1,2,2,3,1,2,0
777795,8,bottom,2,1,1,3,1,2,0
777795,8,bottom,3,2,0,3,1,2,0
777795,9,top,1,0,2,3,1,2,0
777795,9,top,1,4,2,3,1,2,0
777795,9,top,2,1,1,3,1,2,0
777795,9,top,2,4,2,3,1,2,0
777795,9,top,3,1,0,3,1,2,0
777775,1,top,1,0,1,0,0,0,0
777775,1,top,1,1,1,0,0,0,0
777775,1,top,2,3,3,0,0,0,0
777775,1,top,3,3,2,0,0,0,0
777775,1,bottom,1,2,1,0,0,0,0
777775,1,bottom,1,2,2,0,0,0,0
777775,1,bottom,1,1,0,2,0,2,0
777775,1,bottom,2,2,2,2,0,2,0
777775,1,bottom,2,0,1,2,0,2,0
777775,1,bottom,3,1,1,2,0,2,0
777775,2,top,1,2,3,2,0,2,0
777775,2,top,2,1,2,2,0,2,0
777775,2,top,2,1,0,2,0,2,0
777775,2,top,3,0,0,2,0,2,0
777775,2,bottom,1,3,2,2,0,2,0
777775,2,bottom,1,0,0,2,0,2,0
777775,2,bottom,1,4,2,2,0,2,0
777775,2,bottom,2,2,3,2,0,2,0
777775,2,bottom,3,1,1,2,0,2,0
777775,3,top,1,1,0,2,0,2,0
777775,3,top,2,0,0,2,0,2,0
777775,3,top,3,0,0,2,0,2,0
777775,3,bottom,0,1,1,2,0,2,0
777775,3,bottom,2,1,1,2,0,2,0
777775,3,bottom,3,0,0,2,0,2,0
777775,4,top,0,4,2,2,0,2,0
777775,4,top,1,2,2,2,0,2,0
777775,4,top,2,0,0,2,0,2,0
777775,4,top,3,0,1,2,0,2,0
777775,4,bottom,0,0,2,2,0,2,0
777775,4,bottom,0,4,1,2,0,2,0
777775,4,bottom,1,1,2,2,0,2,0
777775,4,bottom,2,0,1,2,0,2,0
777775,4,bottom,3,3,3,2,0,2,0
777775,5,top,1,0,3,2,0,2,0
777775,5,top,2,1,3,2,0,2,0
777775,5,top,2,1,2,2,0,2,0
777775,5,top,3,0,0,2,0,2,0
777775,5,bottom,0,3,2,2,0,2,0
777775,5,bottom,0,0,0,2,0,2,0
777775,5,bottom,0,1,1,3,0,3,0
777775,5,bottom,0,1,1,4,0,4,0
777775,5,bottom,0,0,2,5,0,5,0
777775,5,bottom,0,3,2,5,0,5,0
777775,5,bottom,0,4,2,6,0,6,0
777775,5,bottom,0,0,1,8,0,8,0
777775,5,bottom,0,1,0,9,0,9,0
777775,5,bottom,2,0,2,9,0,9,0
777775,5,bottom,3,0,1,9,0,9,0
777775,6,top,1,0,0,9,0,9,0
777775,6,top,2,2,2,9,0,9,0
777775,6,top,3,3,3,9,0,9,0
777775,6,bottom,1,1,0,9,0,9,0
777775,6,bottom,2,2,3,9,0,9,0
777775,6,bottom,3,0,0,9,0,9,0
777775,7,top,1,2,0,9,0,9,0
777775,7,top,2,3,2,9,0,9,0
777775,7,top,3,1,2,9,0,9,0
777775,7,bottom,0,4,2,9,0,9,0
777775,7,bottom,0,0,1,9,0,9,0
777775,7,bottom,1,1,0,10,0,10,0
777775,7,bottom,2,3,2,11,0,11,0
777775,7,bottom,2,2,2,11,0,11,0
777775,7,bottom,2,0,1,13,0,13,0
777775,7,bottom,2,1,1,13,0,13,0
777775,7,bottom,3,2,3,13,0,13,0
777775,8,top,1,0,1,13,0,13,0
777775,8,top,2,3,3,13,0,13,0
777775,8,top,3,0,0,13,0,13,0
777775,8,bottom,1,0,1,13,0,13,0
777775,8,bottom,2,1,0,13,0,13,0
777775,8,bottom,3,2,0,13,0,13,0
777775,9,top,0,2,2,13,0,13,0
777775,9,top,2,0,1,13,0,13,0
777775,9,top,3,3,3,13,0,13,0
777759,1,top,1,0,0,0,0,0,1
777759,1,top,2,2,2,0,0,0,1
777759,1,top,2,0,1,0,1,-1,1
777759,1,top,3,3,2,0,1,-1,1
777759,1,bottom,1,0,0,0,1,-1,1
777759,1,bottom,2,0,2,0,1,-1,1
777759,1,bottom,3,0,0,0,1,-1,1
777759,2,top,1,1,2,0,1,-1,1
777759,2,top,2,0,1,0,1,-1,1
777759,2,top,3,1,1,0,1,-1,1
777759,2,bottom,1,0,2,0,1,-1,1
777759,2,bottom,2,0,1,0,1,-1,1
777759,2,bottom,3,0,0,0,1,-1,1
777759,3,top,1,1,1,0,1,-1,1
777759,3,top,2,0,1,0,1,-1,1
777759,3,top,3,1,1,0,1,-1,1
777759,3,bottom,1,2,2,0,1,-1,1
777759,3,bottom,1,0,2,0,1,-1,1
777759,3,bottom,2,0,0,0,1,-1,1
777759,3,bottom,3,0,1,0,1,-1,1
777759,4,top,0,0,0,0,1,-1,1
777759,4,top,0,1,1,0,1,-1,1
777759,4,top,1,3,0,0,2,-2,1
777759,4,top,2,1,2,0,2,-2,1
777759,4,top,2,0,0,0,2,-2,1
777759,4,top,3,0,0,0,2,-2,1
777759,4,bottom,1,1,1,0,2,-2,1
777759,4,bottom,1,1,1,1,2,-1,1
777759,4,bottom,2,2,3,1,2,-1,1
777759,4,bottom,3,2,2,1,2,-1,1
777759,5,top,1,1,1,1,2,-1,1
777759,5,top,1,4,1,1,2,-1,1
777759,5,top,1,4,1,1,2,-1,1
777759,5,top,2,2,2,1,2,-1,1
777759,5,top,3,0,2,1,2,-1,1
777759,5,bottom,0,0,0,1,2,-1,1
777759,5,bottom,0,2,1,1,2,-1,1
777759,5,bottom,1,2,3,1,2,-1,1
777759,5,bottom,2,3,2,1,2,-1,1
777759,5,bottom,3,2,3,1,2,-1,1
777759,6,top,0,3,2,1,2,-1,1
777759,6,top,1,3,2,1,2,-1,1
777759,6,top,1,1,2,1,2,-1,1
777759,6,top,2,1,1,1,2,-1,1
777759,6,top,3,0,0,1,2,-1,1
777759,6,bottom,1,0,2,1,2,-1,1
777759,6,bottom,2,1,3,1,2,-1,1
777759,6,bottom,3,1,3,1,2,-1,1
777759,7,top,1,1,1,1,2,-1,1
777759,7,top,2,1,1,1,2,-1,1
777759,7,top,3,0,1,1,2,-1,1
777759,7,bottom,1,0,0,1,2,-1,1
777759,7,bottom,2,1,1,1,2,-1,1
777759,7,bottom,2,0,1,1,2,-1,1
777759,7,bottom,3,1,3,1,2,-1,1
777759,8,top,0,0,0,1,2,-1,1
777759,8,top,0,4,2,1,2,-1,1
777759,8,top,1,1,2,1,2,-1,1
777759,8,top,2,0,3,1,2,-1,1
777759,8,top,3,0,0,1,2,-1,1
777759,8,bottom,1,2,2,1,2,-1,1
777759,8,bottom,2,0,0,1,2,-1,1
777759,8,bottom,3,1,2,1,2,-1,1
777759,9,top,0,4,0,1,2,-1,1
777759,9,top,1,1,0,1,2,-1,1
777759,9,top,2,0,1,1,2,-1,1
777759,9,top,2,0,0,1,2,-1,1
777759,9,top,3,1,0,1,2,-1,1
777759,9,bottom,1,1,2,1,2,-1,1
777759,9,bottom,2,2,2,1,2,-1,1
777759,9,bottom,3,1,2,1,2,-1,1
777741,1,top,0,1,0,0,0,0,0
777741,1,top,1,3,1,0,0,0,0
777741,1,top,2,2,3,0,0,0,0
777741,1,top,3,1,1,0,0,0,0
777741,1,bottom,1,0,0,0,0,0,0
777741,1,bottom,1,0,1,0,0,0,0
777741,1,bottom,2,1,0,0,0,0,0
777741,1,bottom,3,2,3,0,0,0,0
777741,2,top,0,0,0,0,0,0,0
777741,2,top,0,4,1,0,0,0,0
777741,2,top,1,2,2,0,0,0,0
777741,2,top,2,2,3,0,0,0,0
777741,2,top,3,2,2,0,0,0,0
777741,2,bottom,1,2,3,0,0,0,0
777741,2,bottom,2,1,2,0,0,0,0
777741,2,bottom,3,3,3,0,0,0,0
777741,3,top,1,1,0,0,0,0,0
777741,3,top,2,0,2,0,0,0,0
777741,3,top,3,1,1,0,0,0,0
777741,3,bottom,1,0,1,0,0,0,0
777741,3,bottom,2,3,1,0,0,0,0
777741,3,bottom,3,2,2,0,0,0,0
777741,4,top,1,0,1,0,0,0,0
777741,4,top,1,4,2,0,0,0,0
777741,4,top,2,1,3,0,0,0,0
777741,4,top,3,1,3,0,0,0,0
777741,4,bottom,1,0,0,0,0,0,0
777741,4,bottom,2,1,3,0,0,0,0
777741,4,bottom,3,2,2,0,0,0,0
777741,5,top,0,1,2,0,0,0,0
777741,5,top,1,1,3,0,0,0,0
777741,5,top,2,3,3,0,0,0,0
777741,5,top,2,4,1,0,0,0,0
777741,5,top,3,0,1,0,0,0,0
777741,5,bottom,0,4,2,0,0,0,0
777741,5,bottom,1,0,3,0,0,0,0
777741,5,bottom,2,1,3,0,0,0,0
777741,5,bottom,2,1,1,0,0,0,0
777741,5,bottom,3,0,1,0,0,0,0
777741,6,top,0,0,2,0,0,0,0
777741,6,top,1,0,0,0,0,0,0
777741,6,top,2,0,2,0,0,0,0
777741,6,top,3,0,2,0,0,0,0
777741,6,bottom,0,2,2,0,0,0,0
777741,6,bottom,2,3,2,0,0,0,0
777741,6,bottom,3,2,2,0,0,0,0
777741,7,top,1,1,2,0,0,0,0
777741,7,top,1,4,2,0,0,0,0
777741,7,top,1,4,2,0,0,0,0
777741,7,top,2,0,0,0,0,0,0
777741,7,top,3,2,1,0,0,0,0
777741,7,bottom,1,3,3,0,0,0,0
777741,7,bottom,1,0,1,0,0,0,0
777741,7,bottom,2,0,0,0,0,0,0
777741,7,bottom,3,1,2,0,0,0,0
777741,8,top,1,2,1,0,0,0,0
777741,8,top,1,3,2,0,0,0,0
777741,8,top,2,0,0,0,0,0,0
777741,8,top,2,4,1,0,0,0,0
777741,8,top,3,0,0,0,0,0,0
777741,8,bottom,1,0,0,0,0,0,0
777741,8,bottom,1,1,0,0,0,0,0
777741,8,bottom,2,1,1,0,0,0,0
777741,8,bottom,2,4,0,0,0,0,0
777741,8,bottom,2,3,2,1,0,1,0
777741,8,bottom,3,1,3,2,0,2,0
777741,9,top,1,0,3,2,0,2,0
777741,9,top,2,2,2,2,0,2,0
777741,9,top,3,2,3,2,0,2,0
777724,1,top,0,4,0,0,0,0,1
777724,1,top,2,0,1,0,0,0,1
777724,1,top,3,2,2,0,0,0,1
777724,1,bottom,0,1,1,0,0,0,1
777724,1,bottom,1,2,2,0,0,0,1
777724,1,bottom,2,2,3,0,0,0,1
777724,1,bottom,3,3,3,0,0,0,1
777724,2,top,1,3,2,0,0,0,1
777724,2,top,1,0,0,0,0,0,1
777724,2,top,2,0,1,0,0,0,1
777724,2,top,3,1,2,0,0,0,1
777724,2,bottom,1,3,3,0,0,0,1
777724,2,bottom,2,0,1,0,0,0,1
777724,2,bottom,3,3,2,0,0,0,1
777724,3,top,1,2,3,0,0,0,1
777724,3,top,2,0,0,0,0,0,1
777724,3,top,3,1,3,0,0,0,1
777724,3,bottom,1,3,3,0,0,0,1
777724,3,bottom,2,0,0,0,0,0,1
777724,3,bottom,2,4,1,0,0,0,1
777724,3,bottom,3,1,3,0,0,0,1
777724,4,top,1,2,1,0,0,0,1
777724,4,top,1,4,1,0,0,0,1
777724,4,top,1,4,2,0,0,0,1
777724,4,top,2,3,1,0,0,0,1
777724,4,top,3,0,0,0,0,0,1
777724,4,bottom,1,0,1,0,0,0,1
777724,4,bottom,2,0,0,0,0,0,1
777724,4,bottom,3,0,1,0,0,0,1
777724,5,top,0,0,2,0,0,0,1
777724,5,top,1,0,0,0,0,0,1
777724,5,top,2,2,2,0,0,0,1
777724,5,top,3,2,3,0,0,0,1
777724,5,bottom,1,2,3,0,0,0,1
777724,5,bottom,2,2,3,0,0,0,1
777724,5,bottom,3,0,0,0,0,0,1
777724,6,top,1,1,0,0,0,0,1
777724,6,top,1,1,2,0,0,0,1
777724,6,top,2,0,3,0,0,0,1
777724,6,top,2,1,1,0,0,0,1
777724,6,top,3,0,3,0,0,0,1
777724,6,bottom,1,1,3,0,0,0,1
777724,6,bottom,1,4,2,0,0,0,1
777724,6,bottom,2,0,1,0,0,0,1
777724,6,bottom,3,2,0,0,0,0,1
777724,7,top,0,1,1,0,0,0,1
777724,7,top,1,0,3,0,0,0,1
777724,7,top,2,2,0,0,0,0,1
777724,7,top,3,3,3,0,0,0,1
777724,7,bottom,1,1,3,0,0,0,1
777724,7,bottom,1,4,1,0,0,0,1
777724,7,bottom,2,1,1,0,0,0,1
777724,7,bottom,3,3,3,0,0,0,1
777724,8,top,1,1,3,0,0,0,1
777724,8,top,1,3,2,0,0,0,1
777724,8,top,2,1,3,0,0,0,1
777724,8,top,3,1,0,0,0,0,1
777724,8,bottom,1,1,0,0,0,0,1
777724,8,bottom,2,1,3,0,0,0,1
777724,8,bottom,3,2,3,0,0,0,1
777724,9,top,0,3,1,0,0,0,1
777724,9,top,1,0,0,0,0,0,1
777724,9,top,2,1,1,0,0,0,1
777724,9,top,2,0,1,0,2,-2,1
777724,9,top,3,1,2,0,2,-2,1
777724,9,bottom,1,1,2,0,2,-2,1
777724,9,bottom,2,1,3,0,2,-2,1
777724,9,bottom,3,1,2,0,2,-2,1
777727,1,top,1,0,3,0,0,0,1
777727,1,top,2,0,1,0,0,0,1
777727,1,top,3,2,3,0,0,0,1
777727,1,bottom,1,0,0,0,0,0,1
777727,1,bottom,2,1,1,0,0,0,1
777727,1,bottom,3,2,2,0,0,0,1
777727,2,top,1,3,3,0,0,0,1
777727,2,top,2,2,3,0,0,0,1
777727,2,top,3,2,1,0,0,0,1
777727,2,bottom,0,3,2,0,0,0,1
777727,2,bottom,0,4,0,0,0,0,1
777727,2,bottom,0,0,0,3,0,3,1
777727,2,bottom,1,2,2,3,0,3,1
777727,2,bottom,1,3,2,3,0,3,1
777727,2,bottom,2,2,1,3,0,3,1
777727,2,bottom,2,0,1,4,0,4,1
777727,2,bottom,2,2,0,6,0,6,1
777727,2,bottom,2,0,0,6,0,6,1
777727,2,bottom,2,3,1,6,0,6,1
777727,2,bottom,2,4,2,6,0,6,1
777727,2,bottom,2,3,1,8,0,8,1
777727,2,bottom,3,0,1,8,0,8,1
777727,3,top,1,2,3,8,0,8,1
777727,3,top,2,1,3,8,0,8,1
777727,3,top,3,0,3,8,0,8,1
777727,3,bottom,0,4,2,8,0,8,1
777727,3,bottom,1,0,1,8,0,8,1
777727,3,bottom,1,0,0,10,0,10,1
777727,3,bottom,2,1,0,10,0,10,1
777727,3,bottom,2,1,1,11,0,11,1
777727,3,bottom,2,4,2,11,0,11,1
777727,3,bottom,3,1,3,11,0,11,1
777727,4,top,0,4,0,11,0,11,1
777727,4,top,2,0,1,11,0,11,1
777727,4,top,2,2,2,11,0,11,1
777727,4,top,3,0,3,11,0,11,1
777727,4,bottom,1,0,2,11,0,11,1
777727,4,bottom,2,1,1,11,0,11,1
777727,4,bottom,2,0,1,11,0,11,1
777727,4,bottom,2,4,0,11,0,11,1
777727,4,bottom,3,0,0,11,0,11,1
777727,5,top,1,2,0,11,0,11,1
777727,5,top,2,0,0,11,0,11,1
777727,5,top,3,1,2,11,0,11,1
777727,5,bottom,1,2,0,11,0,11,1
777727,5,bottom,2,0,0,11,0,11,1
777727,5,bottom,2,1,1,11,0,11,1
777727,5,bottom,3,2,3,11,0,11,1
777727,6,top,0,1,1,11,0,11,1
777727,6,top,0,4,1,11,0,11,1
777727,6,top,1,3,3,11,0,11,1
777727,6,top,2,1,2,11,0,11,1
777727,6,top,3,3,1,11,0,11,1
777727,6,bottom,0,1,0,11,0,11,1
777727,6,bottom,1,2,1,11,0,11,1
777727,6,bottom,2,1,0,11,0,11,1
777727,6,bottom,3,2,2,11,0,11,1
777727,7,top,1,2,3,11,0,11,1
777727,7,top,1,1,1,11,0,11,1
777727,7,top,2,1,2,11,0,11,1
777727,7,top,3,1,3,11,0,11,1
777727,7,bottom,0,0,0,11,0,11,1
777727,7,bottom,0,0,0,11,0,11,1
777727,7,bottom,1,1,3,11,0,11,1
777727,7,bottom,2,0,2,12,0,12,1
777727,7,bottom,3,0,2,12,0,12,1
777727,8,top,1,1,2,12,0,12,1
777727,8,top,2,3,3,12,0,12,1
777727,8,top,2,0,0,12,0,12,1
777727,8,top,3,3,2,12,0,12,1
777727,8,bottom,1,0,0,12,0,12,1
777727,8,bottom,1,1,1,12,0,12,1
777727,8,bottom,2,0,0,12,0,12,1
777727,8,bottom,2,1,0,12,0,12,1
777727,8,bottom,2,0,0,12,0,12,1
777727,8,bottom,3,0,1,12,0,12,1
777727,9,top,1,0,1,12,0,12,1
777727,9,top,2,1,3,12,0,12,1
777727,9,top,3,1,1,12,0,12,1
777716,1,top,1,1,2,0,0,0,1
777716,1,top,2,1,3,0,0,0,1
777716,1,top,3,0,0,0,0,0,1
777716,1,bottom,1,0,1,0,0,0,1
777716,1,bottom,1,0,1,0,0,0,1
777716,1,bottom,2,1,3,0,0,0,1
777716,1,bottom,2,4,1,0,0,0,1
777716,1,bottom,3,0,1,0,0,0,1
777716,2,top,0,1,1,0,1,-1,1
777716,2,top,0,4,1,0,1,-1,1
777716,2,top,1,2,3,0,1,-1,1
777716,2,top,3,1,1,0,1,-1,1
777716,2,bottom,0,0,1,0,1,-1,1
777716,2,bottom,0,4,0,0,1,-1,1
777716,2,bottom,0,0,0,1,1,0,1
777716,2,bottom,1,0,2,1,1,0,1
777716,2,bottom,1,4,1,1,1,0,1
777716,2,bottom,1,4,2,2,1,1,1
777716,2,bottom,2,2,2,3,1,2,1
777716,2,bottom,2,4,1,3,1,2,1
777716,2,bottom,3,2,3,3,1,2,1
777716,3,top,1,3,3,3,1,2,1
777716,3,top,2,0,3,3,1,2,1
777716,3,top,2,4,2,3,1,2,1
777716,3,top,2,1,2,3,2,1,1
777716,3,top,3,0,0,3,2,1,1
777716,3,bottom,0,1,1,4,2,2,1
777716,3,bottom,0,4,0,4,2,2,1
777716,3,bottom,0,1,2,5,2,3,1
777716,3,bottom,0,1,2,6,2,4,1
777716,3,bottom,1,0,0,6,2,4,1
777716,3,bottom,2,2,1,6,2,4,1
777716,3,bottom,3,1,1,6,2,4,1
777716,4,top,1,0,0,6,2,4,1
777716,4,top,1,1,0,6,3,3,1
777716,4,top,2,1,1,6,3,3,1
777716,4,top,3,1,3,6,3,3,1
777716,4,bottom,1,1,2,6,3,3,1
777716,4,bottom,1,1,0,6,3,3,1
777716,4,bottom,1,1,1,6,3,3,1
777716,4,bottom,3,0,0,6,3,3,1
777716,5,top,1,0,1,6,3,3,1
777716,5,top,1,1,0,6,3,3,1
777716,5,top,1,0,0,6,3,3,1
777716,5,top,2,1,3,6,3,3,1
777716,5,top,2,0,1,6,5,1,1
777716,5,top,2,2,2,6,5,1,1
777716,5,top,3,1,0,6,5,1,1
777716,5,bottom,0,4,2,6,5,1,1
777716,5,bottom,1,1,1,6,5,1,1
777716,5,bottom,2,0,0,6,5,1,1
777716,5,bottom,2,4,0,6,5,1,1
777716,5,bottom,2,3,1,7,5,2,1
777716,5,bottom,2,1,1,9,5,4,1
777716,5,bottom,3,2,0,9,5,4,1
777716,6,top,1,2,3,9,5,4,1
777716,6,top,2,0,0,9,5,4,1
777716,6,top,3,1,1,9,5,4,1
777716,6,bottom,1,2,1,9,5,4,1
777716,6,bottom,1,0,0,10,5,5,1
777716,6,bottom,2,3,1,10,5,5,1
777716,6,bottom,2,0,1,10,5,5,1
777716,6,bottom,2,1,0,11,5,6,1
777716,6,bottom,2,4,2,11,5,6,1
777716,6,bottom,3,0,2,11,5,6,1
777716,7,top,0,4,2,11,5,6,1
777716,7,top,1,2,0,11,5,6,1
777716,7,top,3,3,1,11,5,6,1
777716,7,bottom,1,1,0,11,5,6,1
777716,7,bottom,2,0,0,11,5,6,1
777716,7,bottom,2,3,2,11,5,6,1
777716,7,bottom,3,2,2,11,5,6,1
777716,8,top,1,3,1,11,5,6,1
777716,8,top,1,4,2,11,5,6,1
777716,8,top,3,0,0,11,5,6,1
777716,8,bottom,0,4,2,11,5,6,1
777716,8,bottom,1,3,3,11,5,6,1
777716,8,bottom,1,3,2,11,5,6,1
777716,8,bottom,2,0,3,11,5,6,1
777716,8,bottom,2,4,2,11,5,6,1
777716,8,bottom,3,2,2,11,5,6,1
777716,9,top,1,1,3,11,5,6,1
777716,9,top,2,0,1,11,5,6,1
777716,9,top,2,0,0,11,5,6,1
777716,9,top,2,1,2,11,6,5,1
777716,9,top,2,3,2,11,7,4,1
777716,9,top,3,1,0,11,7,4,1
777701,1,top,1,2,3,0,0,0,1
777701,1,top,1,1,2,0,0,0,1
777701,1,top,1,2,0,0,0,0,1
777701,1,top,1,1,2,0,3,-3,1
777701,1,top,2,0,2,0,3,-3,1
777701,1,top,3,1,0,0,3,-3,1
777701,1,bottom,1,2,3,0,3,-3,1
777701,1,bottom,1,2,1,0,3,-3,1
777701,1,bottom,1,2,1,2,3,-1,1
777701,1,bottom,1,4,2,2,3,-1,1
777701,1,bottom,1,4,1,2,3,-1,1
777701,1,bottom,2,1,2,2,3,-1,1
777701,1,bottom,2,1,2,4,3,1,1
777701,1,bottom,3,0,2,4,3,1,1
777701,2,top,0,4,2,4,3,1,1
777701,2,top,1,1,1,4,3,1,1
777701,2,top,1,0,0,4,5,-1,1
777701,2,top,1,2,2,4,5,-1,1
777701,2,top,1,0,1,4,5,-1,1
777701,2,top,1,0,2,4,5,-1,1
777701,2,top,2,2,1,4,5,-1,1
777701,2,top,3,1,0,4,5,-1,1
777701,2,bottom,1,2,2,4,5,-1,1
777701,2,bottom,1,2,0,5,5,0,1
777701,2,bottom,2,2,1,5,5,0,1
777701,2,bottom,3,0,1,5,5,0,1
777701,3,top,1,2,2,5,5,0,1
777701,3,top,2,1,3,5,5,0,1
777701,3,top,2,4,1,5,5,0,1
777701,3,top,3,3,2,5,5,0,1
777701,3,bottom,0,0,0,6,5,1,1
777701,3,bottom,1,2,0,6,5,1,1
777701,3,bottom,1,1,1,6,5,1,1
777701,3,bottom,3,0,0,6,5,1,1
777701,4,top,1,2,3,6,5,1,1
777701,4,top,2,1,0,6,5,1,1
777701,4,top,3,0,1,6,5,1,1
777701,4,bottom,1,1,2,6,5,1,1
777701,4,bottom,2,1,1,6,5,1,1
777701,4,bottom,3,0,0,6,5,1,1
777701,5,top,1,1,2,6,5,1,1
777701,5,top,2,2,3,6,5,1,1
777701,5,top,3,1,2,6,5,1,1
777701,5,bottom,1,2,2,6,5,1,1
777701,5,bottom,2,0,1,6,5,1,1
777701,5,bottom,2,0,0,7,5,2,1
777701,5,bottom,3,1,2,7,5,2,1
777701,6,top,1,1,1,7,5,2,1
777701,6,top,1,0,1,7,5,2,1
777701,6,top,3,1,1,7,5,2,1
777701,6,bottom,0,1,0,7,5,2,1
777701,6,bottom,1,1,1,7,5,2,1
777701,6,bottom,1,2,2,8,5,3,1
777701,6,bottom,3,0,0,8,5,3,1
777701,7,top,0,3,2,8,5,3,1
777701,7,top,1,2,1,8,5,3,1
777701,7,top,1,4,0,8,5,3,1
777701,7,top,2,4,2,8,5,3,1
777701,7,top,3,2,3,8,5,3,1
777701,7,bottom,1,1,0,8,5,3,1
777701,7,bottom,2,2,2,8,5,3,1
777701,7,bottom,3,0,1,8,5,3,1
777701,8,top,1,1,0,8,5,3,1
777701,8,top,2,2,2,8,5,3,1
777701,8,top,3,3,3,8,5,3,1
777701,8,bottom,1,3,1,8,5,3,1
777701,8,bottom,2,1,0,8,5,3,1
777701,8,bottom,3,0,3,8,5,3,1
777701,9,top,1,2,3,8,5,3,1
777701,9,top,1,4,1,8,5,3,1
777701,9,top,2,0,2,8,5,3,1
777701,9,top,2,0,1,8,7,1,1
777701,9,top,2,0,0,8,7,1,1
777701,9,top,3,0,1,8,7,1,1
777685,1,top,0,4,2,0,0,0,1
777685,1,top,0,0,2,0,0,0,1
777685,1,top,1,2,3,0,0,0,1
777685,1,top,2,2,2,0,1,-1,1
777685,1,top,3,2,3,0,1,-1,1
777685,1,bottom,1,2,3,0,1,-1,1
777685,1,bottom,1,2,0,0,1,-1,1
777685,1,bottom,2,0,2,0,1,-1,1
777685,1,bottom,3,0,2,0,1,-1,1
777685,2,top,0,3,2,0,1,-1,1
777685,2,top,1,0,3,0,1,-1,1
777685,2,top,1,0,0,0,1,-1,1
777685,2,top,2,1,3,0,1,-1,1
777685,2,top,3,2,1,0,1,-1,1
777685,2,bottom,1,1,0,0,1,-1,1
777685,2,bottom,2,2,2,0,1,-1,1
777685,2,bottom,2,3,2,0,1,-1,1
777685,2,bottom,3,1,3,0,1,-1,1
777685,3,top,0,0,0,0,1,-1,1
777685,3,top,1,2,0,0,1,-1,1
777685,3,top,2,3,3,0,1,-1,1
777685,3,top,2,4,0,0,1,-1,1
777685,3,top,3,3,3,0,1,-1,1
777685,3,bottom,1,2,0,0,1,-1,1
777685,3,bottom,1,1,0,0,1,-1,1
777685,3,bottom,2,1,1,0,1,-1,1
777685,3,bottom,3,1,1,0,1,-1,1
777685,4,top,1,2,2,0,1,-1,1
777685,4,top,2,0,0,0,1,-1,1
777685,4,top,2,2,1,0,1,-1,1
777685,4,top,3,0,3,0,1,-1,1
777685,4,bottom,1,0,0,0,1,-1,1
777685,4,bottom,2,3,2,0,1,-1,1
777685,4,bottom,2,2,2,0,1,-1,1
777685,4,bottom,3,2,3,0,1,-1,1
777685,5,top,0,0,0,0,1,-1,1
777685,5,top,0,2,2,0,1,-1,1
777685,5,top,1,0,0,0,1,-1,1
777685,5,top,2,0,2,0,1,-1,1
777685,5,top,2,2,2,0,3,-3,1
777685,5,top,3,1,1,0,3,-3,1
777685,5,bottom,0,0,0,0,3,-3,1
777685,5,bottom,1,1,2,0,3,-3,1
777685,5,bottom,2,2,2,0,3,-3,1
777685,5,bottom,2,3,2,0,3,-3,1
777685,5,bottom,2,1,2,1,3,-2,1
777685,5,bottom,3,0,1,2,3,-1,1
777685,6,top,1,2,2,2,3,-1,1
777685,6,top,2,2,3,2,3,-1,1
777685,6,top,3,2,3,2,3,-1,1
777685,6,bottom,1,1,3,2,3,-1,1
777685,6,bottom,2,0,1,2,3,-1,1
777685,6,bottom,3,0,0,2,3,-1,1
777685,7,top,0,0,1,2,3,-1,1
777685,7,top,0,0,0,2,3,-1,1
777685,7,top,1,0,3,2,3,-1,1
777685,7,top,2,1,3,2,3,-1,1
777685,7,top,2,4,1,2,3,-1,1
777685,7,top,3,1,0,2,3,-1,1
777685,7,bottom,1,2,1,2,3,-1,1
777685,7,bottom,1,0,0,2,3,-1,1
777685,7,bottom,2,1,0,2,3,-1,1
777685,7,bottom,3,3,3,2,3,-1,1
777685,8,top,0,0,2,2,3,-1,1
777685,8,top,0,2,0,2,3,-1,1
777685,8,top,1,1,0,2,3,-1,1
777685,8,top,2,0,1,2,4,-2,1
777685,8,top,3,0,3,2,4,-2,1
777685,8,bottom,0,2,2,2,4,-2,1
777685,8,bottom,0,3,2,2,4,-2,1
777685,8,bottom,0,0,0,5,4,1,1
777685,8,bottom,0,2,1,5,4,1,1
777685,8,bottom,0,4,2,5,4,1,1
777685,8,bottom,0,3,2,6,4,2,1
777685,8,bottom,1,2,3,6,4,2,1
777685,8,bottom,2,0,0,6,4,2,1
777685,8,bottom,2,0,1,8,4,4,1
777685,8,bottom,3,0,0,8,4,4,1
777685,9,top,1,0,3,8,4,4,1
777685,9,top,2,2,3,8,4,4,1
777685,9,top,3,1,1,8,4,4,1
777665,1,top,0,4,0,0,0,0,0
777665,1,top,0,1,2,0,2,-2,0
777665,1,top,0,0,2,0,3,-3,0
777665,1,top,1,1,3,0,3,-3,0
777665,1,top,1,0,0,0,3,-3,0
777665,1,top,1,1,1,0,3,-3,0
777665,1,top,1,0,2,0,4,-4,0
777665,1,top,1,1,0,0,4,-4,0
777665,1,top,2,3,3,0,4,-4,0
777665,1,top,2,1,2,0,6,-6,0
777665,1,top,3,1,2,0,6,-6,0
777665,1,bottom,1,2,1,0,6,-6,0
777665,1,bottom,2,2,3,0,6,-6,0
777665,1,bottom,2,4,2,0,6,-6,0
777665,1,bottom,3,1,0,0,6,-6,0
777665,2,top,0,4,2,0,6,-6,0
777665,2,top,1,2,2,0,6,-6,0
777665,2,top,1,0,0,0,6,-6,0
777665,2,top,2,0,2,0,7,-7,0
777665,2,top,3,1,1,0,7,-7,0
777665,2,bottom,1,1,3,0,7,-7,0
777665,2,bottom,2,0,1,0,7,-7,0
777665,2,bottom,2,3,2,0,7,-7,0
777665,2,bottom,3,0,1,0,7,-7,0
777665,3,top,0,4,2,0,7,-7,0
777665,3,top,1,1,0,0,7,-7,0
777665,3,top,2,0,1,0,7,-7,0
777665,3,top,3,1,2,0,7,-7,0
777665,3,bottom,1,0,1,0,7,-7,0
777665,3,bottom,2,3,1,0,7,-7,0
777665,3,bottom,2,4,2,0,7,-7,0
777665,3,bottom,3,3,1,0,7,-7,0
777665,4,top,1,0,0,0,7,-7,0
777665,4,top,2,0,1,0,7,-7,0
777665,4,top,3,3,2,0,7,-7,0
777665,4,bottom,1,1,3,0,7,-7,0
777665,4,bottom,2,1,2,0,7,-7,0
777665,4,bottom,3,2,1,0,7,-7,0
777665,5,top,1,0,3,0,7,-7,0
777665,5,top,2,0,1,0,7,-7,0
777665,5,top,3,0,0,0,7,-7,0
777665,5,bottom,0,1,0,1,7,-6,0
777665,5,bottom,1,1,2,1,7,-6,0
777665,5,bottom,1,4,2,1,7,-6,0
777665,5,bottom,1,1,1,1,7,-6,0
777665,5,bottom,2,2,0,1,7,-6,0
777665,5,bottom,2,4,1,1,7,-6,0
777665,5,bottom,3,0,1,1,7,-6,0
777665,6,top,1,0,0,1,7,-6,0
777665,6,top,2,0,3,1,7,-6,0
777665,6,top,2,0,1,1,7,-6,0
777665,6,top,2,4,0,1,7,-6,0
777665,6,top,3,2,3,1,7,-6,0
777665,6,bottom,0,0,1,1,7,-6,0
777665,6,bottom,1,0,0,1,7,-6,0
777665,6,bottom,2,1,3,1,7,-6,0
777665,6,bottom,3,0,1,1,7,-6,0
777665,7,top,0,1,2,1,7,-6,0
777665,7,top,1,0,0,1,7,-6,0
777665,7,top,2,3,3,1,7,-6,0
777665,7,top,3,3,3,1,7,-6,0
777665,7,bottom,1,0,1,1,7,-6,0
777665,7,bottom,2,2,3,1,7,-6,0
777665,7,bottom,3,0,1,1,7,-6,0
777665,8,top,1,0,1,1,7,-6,0
777665,8,top,2,2,2,1,7,-6,0
777665,8,top,2,3,2,1,8,-7,0
777665,8,top,3,0,1,1,8,-7,0
777665,8,bottom,1,1,3,1,8,-7,0
777665,8,bottom,1,4,0,1,8,-7,0
777665,8,bottom,1,3,2,3,8,-5,0
777665,8,bottom,1,4,2,3,8,-5,0
777665,8,bottom,3,0,1,3,8,-5,0
777665,9,top,1,0,3,3,8,-5,0
777665,9,top,1,1,2,3,8,-5,0
777665,9,top,2,2,3,3,8,-5,0
777665,9,top,3,3,3,3,8,-5,0
777665,9,bottom,1,1,3,3,8,-5,0
777665,9,bottom,2,0,2,3,8,-5,0
777665,9,bottom,3,1,0,3,8,-5,0
777651,1,top,1,0,2,0,0,0,1
777651,1,top,2,0,3,0,0,0,1
777651,1,top,3,0,1,0,0,0,1
777651,1,bottom,1,1,2,0,0,0,1
777651,1,bottom,2,1,1,0,0,0,1
777651,1,bottom,3,2,3,0,0,0,1
777651,2,top,1,2,0,0,0,0,1
777651,2,top,2,2,2,0,0,0,1
777651,2,top,2,0,0,0,1,-1,1
777651,2,top,3,1,1,0,1,-1,1
777651,2,bottom,1,3,2,0,1,-1,1
777651,2,bottom,2,0,0,0,1,-1,1
777651,2,bottom,3,1,2,0,1,-1,1
777651,3,top,1,1,3,0,1,-1,1
777651,3,top,1,3,1,0,1,-1,1
777651,3,top,2,1,0,0,1,-1,1
777651,3,top,3,2,2,0,1,-1,1
777651,3,bottom,1,1,1,0,1,-1,1
777651,3,bottom,2,3,3,0,1,-1,1
777651,3,bottom,2,0,1,0,1,-1,1
777651,3,bottom,3,1,0,0,1,-1,1
777651,4,top,1,3,3,0,1,-1,1
777651,4,top,1,0,0,0,1,-1,1
777651,4,top,3,0,0,0,1,-1,1
777651,4,bottom,1,0,2,0,1,-1,1
777651,4,bottom,2,0,2,0,1,-1,1
777651,4,bottom,3,1,2,0,1,-1,1
777651,5,top,1,0,1,0,1,-1,1
777651,5,top,1,4,1,0,1,-1,1
777651,5,top,1,1,1,0,1,-1,1
777651,5,top,1,4,2,0,1,-1,1
777651,5,top,2,3,2,0,1,-1,1
777651,5,top,3,1,1,0,1,-1,1
777651,5,bottom,1,3,2,0,1,-1,1
777651,5,bottom,2,2,2,0,1,-1,1
777651,5,bottom,3,0,0,0,1,-1,1
777651,6,top,1,3,3,0,1,-1,1
777651,6,top,2,1,3,0,1,-1,1
777651,6,top,3,2,0,0,1,-1,1
777651,6,bottom,1,3,1,0,1,-1,1
777651,6,bottom,1,1,1,0,1,-1,1
777651,6,bottom,1,3,0,1,1,0,1
777651,6,bottom,2,2,2,1,1,0,1
777651,6,bottom,3,0,3,1,1,0,1
777651,7,top,1,3,2,1,1,0,1
777651,7,top,2,1,3,1,1,0,1
777651,7,top,3,0,0,1,1,0,1
777651,7,bottom,1,1,1,1,1,0,1
777651,7,bottom,2,2,1,1,1,0,1
777651,7,bottom,3,0,2,1,1,0,1
777651,8,top,1,2,2,1,1,0,1
777651,8,top,2,1,1,1,1,0,1
777651,8,top,3,2,3,1,1,0,1
777651,8,bottom,1,1,2,1,1,0,1
777651,8,bottom,2,2,2,1,1,0,1
777651,8,bottom,3,1,2,1,1,0,1
777651,9,top,1,0,1,1,1,0,1
777651,9,top,2,1,3,1,1,0,1
777651,9,top,2,0,0,1,1,0,1
777651,9,top,3,3,2,1,1,0,1
777651,9,bottom,1,2,2,1,1,0,1
777651,9,bottom,1,0,0,1,1,0,1
777651,9,bottom,2,3,3,1,1,0,1
777651,9,bottom,2,1,2,2,1,1,1
777637,1,top,1,0,3,0,0,0,1
777637,1,top,2,2,1,0,0,0,1
777637,1,top,3,1,3,0,0,0,1
777637,1,bottom,0,2,1,0,0,0,1
777637,1,bottom,1,2,2,0,0,0,1
777637,1,bottom,2,0,1,0,0,0,1
777637,1,bottom,3,0,3,0,0,0,1
777637,2,top,1,0,0,0,0,0,1
777637,2,top,2,2,0,0,0,0,1
777637,2,top,2,0,0,0,0,0,1
777637,2,top,3,2,0,0,0,0,1
777637,2,bottom,1,1,1,0,0,0,1
777637,2,bottom,1,1,1,0,0,0,1
777637,2,bottom,1,0,0,1,0,1,1
777637,2,bottom,2,3,2,1,0,1,1
777637,2,bottom,2,1,1,2,0,2,1
777637,2,bottom,2,0,0,4,0,4,1
777637,2,bottom,3,1,0,4,0,4,1
777637,3,top,0,4,2,4,0,4,1
777637,3,top,1,3,2,4,0,4,1
777637,3,top,2,1,0,4,0,4,1
777637,3,top,3,0,1,4,0,4,1
777637,3,bottom,1,1,3,4,0,4,1
777637,3,bottom,1,0,0,4,0,4,1
777637,3,bottom,1,2,2,4,0,4,1
777637,3,bottom,1,4,2,4,0,4,1
777637,3,bottom,1,0,1,6,0,6,1
777637,3,bottom,1,4,1,6,0,6,1
777637,3,bottom,1,2,1,8,0,8,1
777637,3,bottom,3,3,2,8,0,8,1
777637,4,top,1,0,1,8,0,8,1
777637,4,top,2,0,3,8,0,8,1
777637,4,top,2,4,2,8,0,8,1
777637,4,top,2,1,1,8,0,8,1
777637,4,top,3,3,1,8,0,8,1
777637,4,bottom,1,1,1,8,0,8,1
777637,4,bottom,2,1,1,8,0,8,1
777637,4,bottom,2,2,1,8,0,8,1
777637,4,bottom,2,1,2,8,0,8,1
777637,4,bottom,3,2,3,8,0,8,1
777637,5,top,1,0,2,8,0,8,1
777637,5,top,2,0,0,8,0,8,1
777637,5,top,3,0,3,8,0,8,1
777637,5,bottom,1,3,3,8,0,8,1
777637,5,bottom,2,3,2,8,0,8,1
777637,5,bottom,3,0,1,8,0,8,1
777637,6,top,0,1,1,8,0,8,1
777637,6,top,1,3,3,8,0,8,1
777637,6,top,1,1,0,8,1,7,1
777637,6,top,2,2,0,8,1,7,1
777637,6,top,2,1,0,8,1,7,1
777637,6,top,3,1,1,8,1,7,1
777637,6,bottom,1,1,2,8,1,7,1
777637,6,bottom,2,0,0,8,1,7,1
777637,6,bottom,2,0,1,8,1,7,1
777637,6,bottom,2,3,2,9,1,8,1
777637,6,bottom,3,0,0,9,1,8,1
777637,7,top,1,1,3,9,1,8,1
777637,7,top,2,2,2,9,1,8,1
777637,7,top,3,2,2,9,1,8,1
777637,7,bottom,1,0,0,9,1,8,1
777637,7,bottom,2,0,1,9,1,8,1
777637,7,bottom,3,1,0,9,1,8,1
777637,8,top,1,2,1,9,1,8,1
777637,8,top,2,0,3,9,1,8,1
777637,8,top,3,3,3,9,1,8,1
777637,8,bottom,1,3,2,9,1,8,1
777637,8,bottom,1,0,1,9,1,8,1
777637,8,bottom,2,0,1,9,1,8,1
777637,8,bottom,3,0,1,9,1,8,1
777637,9,top,1,0,1,9,1,8,1
777637,9,top,2,1,2,9,1,8,1
777637,9,top,3,3,1,9,1,8,1
777615,1,top,1,1,3,0,0,0,1
777615,1,top,2,1,1,0,0,0,1
777615,1,top,3,0,0,0,0,0,1
777615,1,bottom,1,2,0,0,0,0,1
777615,1,bottom,1,2,0,1,0,1,1
777615,1,bottom,2,0,0,1,0,1,1
777615,1,bottom,3,1,1,1,0,1,1
777615,2,top,1,0,0,1,0,1,1
777615,2,top,2,0,1,1,0,1,1
777615,2,top,3,1,2,1,0,1,1
777615,2,bottom,0,3,2,1,0,1,1
777615,2,bottom,0,3,2,1,0,1,1
777615,2,bottom,1,2,2,2,0,2,1
777615,2,bottom,2,2,3,2,0,2,1
777615,2,bottom,2,1,1,3,0,3,1
777615,2,bottom,3,0,0,3,0,3,1
777615,3,top,1,3,2,3,0,3,1
777615,3,top,2,0,3,3,0,3,1
777615,3,top,2,4,2,3,0,3,1
777615,3,top,3,1,3,3,0,3,1
777615,3,bottom,1,0,0,3,0,3,1
777615,3,bottom,2,2,2,3,0,3,1
777615,3,bottom,3,2,3,3,0,3,1
777615,4,top,0,1,1,3,0,3,1
777615,4,top,0,0,0,3,2,1,1
777615,4,top,1,2,1,3,2,1,1
777615,4,top,2,3,3,3,2,1,1
777615,4,top,3,0,1,3,2,1,1
777615,4,bottom,1,1,2,3,2,1,1
777615,4,bottom,1,1,2,3,2,1,1
777615,4,bottom,2,0,1,3,2,1,1
777615,4,bottom,3,1,3,3,2,1,1
777615,5,top,0,1,0,3,2,1,1
777615,5,top,1,0,1,3,2,1,1
777615,5,top,1,1,2,3,2,1,1
777615,5,top,1,0,1,3,4,-1,1
777615,5,top,2,0,0,3,4,-1,1
777615,5,top,3,1,2,3,4,-1,1
777615,5,bottom,1,3,2,3,4,-1,1
777615,5,bottom,1,4,2,3,4,-1,1
777615,5,bottom,2,2,1,3,4,-1,1
777615,5,bottom,3,2,2,3,4,-1,1
777615,6,top,1,1,0,3,4,-1,1
777615,6,top,1,0,1,3,5,-2,1
777615,6,top,2,1,2,3,5,-2,1
777615,6,top,3,0,0,3,5,-2,1
777615,6,bottom,1,0,3,3,5,-2,1
777615,6,bottom,2,1,3,3,5,-2,1
777615,6,bottom,2,4,1,3,5,-2,1
777615,6,bottom,3,2,2,3,5,-2,1
777615,7,top,1,0,1,3,5,-2,1
777615,7,top,2,0,2,3,5,-2,1
777615,7,top,2,0,2,3,5,-2,1
777615,7,top,3,1,0,3,5,-2,1
777615,7,bottom,1,3,3,3,5,-2,1
777615,7,bottom,2,1,2,3,5,-2,1
777615,7,bottom,3,1,2,3,5,-2,1
777615,8,top,0,1,0,3,5,-2,1
777615,8,top,1,0,0,3,5,-2,1
777615,8,top,1,3,2,3,6,-3,1
777615,8,top,2,1,0,3,6,-3,1
777615,8,top,3,1,1,3,6,-3,1
777615,8,bottom,0,4,2,3,6,-3,1
777615,8,bottom,0,3,1,3,6,-3,1
777615,8,bottom,1,3,3,3,6,-3,1
777615,8,bottom,2,2,3,3,6,-3,1
777615,8,bottom,2,3,2,4,6,-2,1
777615,8,bottom,3,3,2,4,6,-2,1
777615,9,top,1,1,0,4,6,-2,1
777615,9,top,2,0,1,4,6,-2,1
777615,9,top,3,3,1,4,6,-2,1
777615,9,bottom,1,1,3,4,6,-2,1
777615,9,bottom,2,1,3,4,6,-2,1
777615,9,bottom,2,4,2,4,6,-2,1
777615,9,bottom,3,0,3,4,6,-2,1
777600,1,top,1,2,2,0,0,0,1
777600,1,top,1,1,0,0,0,0,1
777600,1,top,2,2,1,0,0,0,1
777600,1,top,2,4,2,0,0,0,1
777600,1,top,2,1,2,0,1,-1,1
777600,1,top,3,1,0,0,1,-1,1
777600,1,bottom,0,4,1,0,1,-1,1
777600,1,bottom,1,0,0,0,1,-1,1
777600,1,bottom,3,2,2,0,1,-1,1
777600,2,top,1,0,0,0,1,-1,1
777600,2,top,2,1,1,0,1,-1,1
777600,2,top,2,2,1,0,2,-2,1
777600,2,top,3,2,0,0,2,-2,1
777600,2,bottom,1,0,2,0,2,-2,1
777600,2,bottom,2,1,0,0,2,-2,1
777600,2,bottom,3,1,3,0,2,-2,1
777600,3,top,1,0,1,0,2,-2,1
777600,3,top,2,3,3,0,2,-2,1
777600,3,top,3,0,0,0,2,-2,1
777600,3,bottom,1,0,2,0,2,-2,1
777600,3,bottom,2,2,3,0,2,-2,1
777600,3,bottom,3,3,2,0,2,-2,1
777600,4,top,0,0,1,0,2,-2,1
777600,4,top,1,0,0,0,2,-2,1
777600,4,top,2,2,2,0,2,-2,1
777600,4,top,3,1,3,0,2,-2,1
777600,4,bottom,1,1,1,0,2,-2,1
777600,4,bottom,1,3,2,0,2,-2,1
777600,4,bottom,1,1,1,0,2,-2,1
777600,4,bottom,1,4,2,0,2,-2,1
777600,4,bottom,1,1,2,1,2,-1,1
777600,4,bottom,1,4,2,2,2,0,1
777600,4,bottom,3,0,1,2,2,0,1
777600,5,top,1,1,1,2,2,0,1
777600,5,top,2,0,1,2,2,0,1
777600,5,top,3,3,2,2,2,0,1
777600,5,bottom,1,2,3,2,2,0,1
777600,5,bottom,1,2,1,2,2,0,1
777600,5,bottom,2,1,1,2,2,0,1
777600,5,bottom,3,0,3,2,2,0,1
777600,6,top,1,0,1,2,2,0,1
777600,6,top,2,1,2,2,2,0,1
777600,6,top,2,4,2,2,2,0,1
777600,6,top,3,0,0,2,2,0,1
777600,6,bottom,1,1,3,2,2,0,1
777600,6,bottom,1,1,2,3,2,1,1
777600,6,bottom,2,1,2,3,2,1,1
777600,6,bottom,3,2,1,3,2,1,1
777600,7,top,0,1,0,3,2,1,1
777600,7,top,1,2,3,3,2,1,1
777600,7,top,1,0,2,3,2,1,1
777600,7,top,2,2,3,3,2,1,1
777600,7,top,3,1,0,3,2,1,1
777600,7,bottom,1,1,0,3,2,1,1
777600,7,bottom,1,0,0,3,2,1,1
777600,7,bottom,2,0,0,3,2,1,1
777600,7,bottom,2,0,1,3,2,1,1
777600,7,bottom,2,4,0,3,2,1,1
777600,7,bottom,3,2,2,3,2,1,1
777600,8,top,0,0,1,3,2,1,1
777600,8,top,0,2,2,3,4,-1,1
777600,8,top,1,1,3,3,4,-1,1
777600,8,top,2,0,1,3,4,-1,1
777600,8,top,3,2,1,3,4,-1,1
777600,8,bottom,1,1,3,3,4,-1,1
777600,8,bottom,2,1,1,3,4,-1,1
777600,8,bottom,3,0,2,3,4,-1,1
777600,9,top,1,2,3,3,4,-1,1
777600,9,top,1,1,2,3,4,-1,1
777600,9,top,2,1,0,3,4,-1,1
777600,9,top,2,1,1,3,5,-2,1
777600,9,top,3,3,1,3,5,-2,1
777600,9,bottom,0,1,2,4,5,-1,1
777600,9,bottom,1,1,3,4,5,-1,1
777600,9,bottom,2,2,2,4,5,-1,1
777600,9,bottom,3,1,1,4,5,-1,1
777585,1,top,1,2,3,0,0,0,0
777585,1,top,1,4,2,0,0,0,0
777585,1,top,2,2,3,0,0,0,0
777585,1,top,3,1,3,0,0,0,0
777585,1,bottom,0,4,2,0,0,0,0
777585,1,bottom,1,1,3,0,0,0,0
777585,1,bottom,1,4,2,0,0,0,0
777585,1,bottom,2,1,3,0,0,0,0
777585,1,bottom,3,0,0,0,0,0,0
777585,2,top,1,0,3,0,0,0,0
777585,2,top,2,1,2,0,0,0,0
777585,2,top,2,2,2,0,0,0,0
777585,2,top,2,1,1,0,1,-1,0
777585,2,top,3,3,1,0,1,-1,0
777585,2,bottom,0,4,2,0,1,-1,0
777585,2,bottom,0,1,0,0,1,-1,0
777585,2,bottom,0,2,2,0,1,-1,0
777585,2,bottom,1,0,0,1,1,0,0
777585,2,bottom,1,4,0,1,1,0,0
777585,2,bottom,2,1,2,2,1,1,0
777585,2,bottom,3,1,2,2,1,1,0
777585,3,top,0,4,2,2,1,1,0
777585,3,top,0,0,0,2,1,1,0
777585,3,top,1,1,2,2,1,1,0
777585,3,top,1,2,2,2,2,0,0
777585,3,top,1,0,2,2,3,-1,0
777585,3,top,2,0,3,2,3,-1,0
777585,3,top,3,0,0,2,3,-1,0
777585,3,bottom,1,1,1,2,3,-1,0
777585,3,bottom,2,3,2,2,3,-1,0
777585,3,bottom,2,2,2,2,3,-1,0
777585,3,bottom,2,4,0,2,3,-1,0
777585,3,bottom,3,2,1,2,3,-1,0
777585,4,top,1,0,3,2,3,-1,0
777585,4,top,2,0,0,2,3,-1,0
777585,4,top,3,3,2,2,3,-1,0
777585,4,bottom,0,2,1,3,3,0,0
777585,4,bottom,0,3,2,4,3,1,0
777585,4,bottom,1,3,2,4,3,1,0
777585,4,bottom,2,2,2,4,3,1,0
777585,4,bottom,3,1,2,4,3,1,0
777585,5,top,1,2,2,4,3,1,0
777585,5,top,1,4,2,4,3,1,0
777585,5,top,3,0,2,4,3,1,0
777585,5,bottom,1,0,0,4,3,1,0
777585,5,bottom,1,4,2,4,3,1,0
777585,5,bottom,1,0,1,4,3,1,0
777585,5,bottom,1,2,0,5,3,2,0
777585,5,bottom,1,4,2,5,3,2,0
777585,5,bottom,2,2,3,5,3,2,0
777585,5,bottom,2,4,2,6,3,3,0
777585,5,bottom,3,2,2,6,3,3,0
777585,6,top,1,1,3,6,3,3,0
777585,6,top,2,0,2,6,3,3,0
777585,6,top,3,3,2,6,3,3,0
777585,6,bottom,1,0,0,6,3,3,0
777585,6,bottom,1,0,1,6,3,3,0
777585,6,bottom,1,0,2,6,3,3,0
777585,6,bottom,1,3,2,6,3,3,0
777585,6,bottom,3,0,2,6,3,3,0
777585,7,top,1,3,2,6,3,3,0
777585,7,top,2,2,2,6,3,3,0
777585,7,top,3,3,2,6,3,3,0
777585,7,bottom,1,1,3,6,3,3,0
777585,7,bottom,2,0,0,6,3,3,0
777585,7,bottom,2,1,2,6,3,3,0
777585,7,bottom,3,1,2,6,3,3,0
777585,8,top,1,0,0,6,3,3,0
777585,8,top,2,2,2,6,3,3,0
777585,8,top,3,0,1,6,3,3,0
777585,8,bottom,1,3,3,6,3,3,0
777585,8,bottom,1,1,0,6,3,3,0
777585,8,bottom,1,0,0,6,3,3,0
777585,8,bottom,2,0,3,6,3,3,0
777585,8,bottom,3,3,3,6,3,3,0
777585,9,top,1,2,3,6,3,3,0
777585,9,top,1,0,2,6,3,3,0
777585,9,top,2,1,1,6,3,3,0
777585,9,top,3,2,0,6,3,3,0
777581,1,top,1,1,2,0,0,0,1
777581,1,top,2,0,1,0,0,0,1
777581,1,top,2,0,0,0,0,0,1
777581,1,top,2,1,0,0,0,0,1
777581,1,top,2,1,1,0,1,-1,1
777581,1,top,3,1,1,0,1,-1,1
777581,1,bottom,1,0,2,0,1,-1,1
777581,1,bottom,2,2,1,0,1,-1,1
777581,1,bottom,3,1,2,0,1,-1,1
777581,2,top,1,2,2,0,1,-1,1
777581,2,top,1,0,0,0,1,-1,1
777581,2,top,2,2,2,0,1,-1,1
777581,2,top,2,1,2,0,2,-2,1
777581,2,top,3,1,0,0,2,-2,1
777581,2,bottom,0,4,2,0,2,-2,1
777581,2,bottom,1,0,0,0,2,-2,1
777581,2,bottom,3,0,0,0,2,-2,1
777581,3,top,1,3,3,0,2,-2,1
777581,3,top,1,2,2,0,2,-2,1
777581,3,top,1,1,2,0,2,-2,1
777581,3,top,2,3,3,0,2,-2,1
777581,3,top,3,1,0,0,2,-2,1
777581,3,bottom,1,1,3,0,2,-2,1
777581,3,bottom,1,3,2,0,2,-2,1
777581,3,bottom,2,2,1,0,2,-2,1
777581,3,bottom,3,0,1,0,2,-2,1
777581,4,top,1,1,1,0,2,-2,1
777581,4,top,2,0,0,0,2,-2,1
777581,4,top,3,1,0,0,2,-2,1
777581,4,bottom,1,2,0,0,2,-2,1
777581,4,bottom,2,1,0,0,2,-2,1
777581,4,bottom,2,4,2,0,2,-2,1
777581,4,bottom,2,3,1,0,2,-2,1
777581,4,bottom,3,1,1,0,2,-2,1
777581,5,top,1,1,0,0,2,-2,1
777581,5,top,2,2,3,0,2,-2,1
777581,5,top,3,2,1,0,2,-2,1
777581,5,bottom,1,1,1,0,2,-2,1
777581,5,bottom,2,1,0,0,2,-2,1
777581,5,bottom,3,0,1,0,2,-2,1
777581,6,top,1,1,2,0,2,-2,1
777581,6,top,2,0,1,0,2,-2,1
777581,6,top,2,4,1,0,2,-2,1
777581,6,top,3,0,0,0,2,-2,1
777581,6,bottom,1,1,0,0,2,-2,1
777581,6,bottom,2,2,1,0,2,-2,1
777581,6,bottom,2,2,2,0,2,-2,1
777581,6,bottom,3,1,2,0,2,-2,1
777581,7,top,0,0,0,0,2,-2,1
777581,7,top,2,0,1,0,2,-2,1
777581,7,top,2,2,1,0,2,-2,1
777581,7,top,3,1,1,0,2,-2,1
777581,7,bottom,1,1,1,0,2,-2,1
777581,7,bottom,2,1,0,0,2,-2,1
777581,7,bottom,2,1,2,0,2,-2,1
777581,7,bottom,3,0,3,0,2,-2,1
777581,8,top,0,3,2,0,3,-3,1
777581,8,top,1,0,0,0,3,-3,1
777581,8,top,1,1,1,0,3,-3,1
777581,8,top,3,1,1,0,3,-3,1
777581,8,bottom,0,4,2,0,3,-3,1
777581,8,bottom,1,3,3,0,3,-3,1
777581,8,bottom,1,1,0,0,3,-3,1
777581,8,bottom,2,2,3,0,3,-3,1
777581,8,bottom,2,1,0,1,3,-2,1
777581,8,bottom,2,1,0,4,3,1,1
777581,8,bottom,3,1,0,4,3,1,1
777581,9,top,1,3,2,4,3,1,1
777581,9,top,1,2,1,4,4,0,1
777581,9,top,2,2,3,4,4,0,1
777581,9,top,2,1,0,4,4,0,1
777581,9,top,3,1,3,4,4,0,1
777581,9,bottom,1,1,0,4,4,0,1
777581,9,bottom,2,0,3,4,4,0,1
777581,9,bottom,3,0,3,4,4,0,1
777581,10,top,0,1,1,4,5,-1,1
777581,10,top,0,4,2,4,5,-1,1
777581,10,top,1,0,0,4,5,-1,1
777581,10,top,1,4,0,4,5,-1,1
777581,10,top,3,0,1,4,5,-1,1
777581,10,bottom,1,1,3,4,5,-1,1
777581,10,bottom,2,0,1,4,5,-1,1
777581,10,bottom,3,0,2,4,5,-1,1
777558,1,top,0,0,1,0,0,0,1
777558,1,top,1,0,1,0,0,0,1
777558,1,top,1,0,0,0,0,0,1
777558,1,top,2,1,2,0,0,0,1
777558,1,top,2,3,1,0,3,-3,1
777558,1,top,3,2,2,0,3,-3,1
777558,1,bottom,1,1,3,0,3,-3,1
777558,1,bottom,1,0,1,0,3,-3,1
777558,1,bottom,2,2,1,0,3,-3,1
777558,1,bottom,3,0,2,0,3,-3,1
777558,2,top,1,2,1,0,3,-3,1
777558,2,top,2,2,1,0,3,-3,1
777558,2,top,3,2,3,0,3,-3,1
777558,2,bottom,1,0,1,0,3,-3,1
777558,2,bottom,1,2,0,0,3,-3,1
777558,2,bottom,1,4,0,0,3,-3,1
777558,2,bottom,3,2,2,0,3,-3,1
777558,3,top,1,2,2,0,3,-3,1
777558,3,top,2,1,3,0,3,-3,1
777558,3,top,3,1,2,0,3,-3,1
777558,3,bottom,1,0,0,0,3,-3,1
777558,3,bottom,2,1,1,0,3,-3,1
777558,3,bottom,3,3,3,0,3,-3,1
777558,4,top,0,3,2,0,3,-3,1
777558,4,top,1,1,2,0,3,-3,1
777558,4,top,1,0,0,0,3,-3,1
777558,4,top,1,1,0,0,4,-4,1
777558,4,top,3,1,1,0,4,-4,1
777558,4,bottom,0,1,0,0,4,-4,1
777558,4,bottom,1,2,3,0,4,-4,1
777558,4,bottom,1,1,0,0,4,-4,1
777558,4,bottom,1,1,1,1,4,-3,1
777558,4,bottom,1,1,2,4,4,0,1
777558,4,bottom,2,0,0,4,4,0,1
777558,4,bottom,2,0,0,4,4,0,1
777558,4,bottom,3,0,1,4,4,0,1
777558,5,top,0,2,2,4,4,0,1
777558,5,top,0,1,0,4,4,0,1
777558,5,top,0,1,1,4,5,-1,1
777558,5,top,1,0,0,4,5,-1,1
777558,5,top,2,2,2,4,6,-2,1
777558,5,top,2,2,1,4,6,-2,1
777558,5,top,3,0,0,4,6,-2,1
777558,5,bottom,1,0,0,4,6,-2,1
777558,5,bottom,2,0,1,4,6,-2,1
777558,5,bottom,3,3,2,4,6,-2,1
777558,6,top,1,0,0,4,6,-2,1
777558,6,top,2,1,0,4,6,-2,1
777558,6,top,3,0,1,4,6,-2,1
777558,6,bottom,1,1,2,4,6,-2,1
777558,6,bottom,2,0,0,4,6,-2,1
777558,6,bottom,3,0,1,4,6,-2,1
777558,7,top,1,2,2,4,6,-2,1
777558,7,top,1,0,0,4,6,-2,1
777558,7,top,1,2,0,4,8,-4,1
777558,7,top,1,1,0,4,8,-4,1
777558,7,top,3,1,1,4,8,-4,1
777558,7,bottom,1,1,1,4,8,-4,1
777558,7,bottom,1,4,1,4,8,-4,1
777558,7,bottom,2,1,0,4,8,-4,1
777558,7,bottom,3,0,1,4,8,-4,1
777558,8,top,1,1,1,4,8,-4,1
777558,8,top,1,1,1,4,8,-4,1
777558,8,top,2,1,1,4,8,-4,1
777558,8,top,3,1,3,4,8,-4,1
777558,8,bottom,1,2,3,4,8,-4,1
777558,8,bottom,2,2,1,4,8,-4,1
777558,8,bottom,2,0,1,4,8,-4,1
777558,8,bottom,2,0,0,6,8,-2,1
777558,8,bottom,2,0,1,6,8,-2,1
777558,8,bottom,3,0,1,6,8,-2,1
777558,9,top,0,2,2,6,8,-2,1
777558,9,top,1,2,3,6,8,-2,1
777558,9,top,1,0,2,6,8,-2,1
777558,9,top,2,1,3,6,8,-2,1
777558,9,top,2,0,2,6,9,-3,1
777558,9,top,3,1,0,6,10,-4,1
777558,9,bottom,1,0,1,6,10,-4,1
777558,9,bottom,1,1,1,6,10,-4,1
777558,9,bottom,1,2,0,6,10,-4,1
777558,9,bottom,2,1,2,6,10,-4,1
777558,9,bottom,2,0,0,9,10,-1,1
777558,9,bottom,3,0,0,9,10,-1,1
777545,1,top,1,1,3,0,0,0,1
777545,1,top,1,0,0,0,0,0,1
777545,1,top,2,2,2,0,0,0,1
777545,1,top,3,2,0,0,0,0,1
777545,1,bottom,1,1,3,0,0,0,1
777545,1,bottom,1,3,2,0,0,0,1
777545,1,bottom,2,1,1,0,0,0,1
777545,1,bottom,2,2,2,1,0,1,1
777545,1,bottom,3,0,1,1,0,1,1
777545,2,top,0,1,0,1,0,1,1
777545,2,top,1,0,1,1,0,1,1
777545,2,top,2,2,2,1,0,1,1
777545,2,top,3,1,3,1,0,1,1
777545,2,bottom,1,2,1,1,0,1,1
777545,2,bottom,2,0,1,1,0,1,1
777545,2,bottom,2,1,2,2,0,2,1
777545,2,bottom,3,2,2,2,0,2,1
777545,3,top,0,2,2,2,0,2,1
777545,3,top,0,2,2,2,1,1,1
777545,3,top,1,3,2,2,1,1,1
777545,3,top,1,2,1,2,1,1,1
777545,3,top,2,0,1,2,2,0,1
777545,3,top,2,0,1,2,2,0,1
777545,3,top,3,1,3,2,2,0,1
777545,3,bottom,1,1,3,2,2,0,1
777545,3,bottom,2,1,2,2,2,0,1
777545,3,bottom,2,4,1,2,2,0,1
777545,3,bottom,2,1,0,2,2,0,1
777545,3,bottom,3,2,3,2,2,0,1
777545,4,top,0,0,0,2,2,0,1
777545,4,top,0,4,1,2,2,0,1
777545,4,top,1,2,0,2,2,0,1
777545,4,top,2,0,1,2,3,-1,1
777545,4,top,2,0,1,2,4,-2,1
777545,4,top,3,1,3,2,4,-2,1
777545,4,bottom,1,0,2,2,4,-2,1
777545,4,bottom,2,1,3,2,4,-2,1
777545,4,bottom,3,0,1,2,4,-2,1
777545,5,top,1,0,0,2,4,-2,1
777545,5,top,1,1,0,2,5,-3,1
777545,5,top,2,2,0,2,5,-3,1
777545,5,top,3,3,2,2,5,-3,1
777545,5,bottom,0,1,0,2,5,-3,1
777545,5,bottom,1,0,0,2,5,-3,1
777545,5,bottom,2,1,2,2,5,-3,1
777545,5,bottom,3,2,3,2,5,-3,1
777545,6,top,1,1,3,2,5,-3,1
777545,6,top,2,1,2,2,5,-3,1
777545,6,top,2,4,0,2,5,-3,1
777545,6,top,3,1,2,2,5,-3,1
777545,6,bottom,0,0,0,2,5,-3,1
777545,6,bottom,1,0,1,2,5,-3,1
777545,6,bottom,2,1,2,2,5,-3,1
777545,6,bottom,3,1,3,2,5,-3,1
777545,7,top,0,1,1,2,5,-3,1
777545,7,top,0,1,1,2,5,-3,1
777545,7,top,2,0,1,2,5,-3,1
777545,7,top,3,1,1,2,5,-3,1
777545,7,bottom,1,3,2,2,5,-3,1
777545,7,bottom,1,2,2,2,5,-3,1
777545,7,bottom,2,0,3,2,5,-3,1
777545,7,bottom,3,0,2,2,5,-3,1
777545,8,top,0,4,2,2,5,-3,1
777545,8,top,1,0,0,2,5,-3,1
777545,8,top,2,1,3,2,5,-3,1
777545,8,top,3,2,1,2,5,-3,1
777545,8,bottom,1,2,3,2,5,-3,1
777545,8,bottom,2,3,3,2,5,-3,1
777545,8,bottom,2,4,2,2,5,-3,1
777545,8,bottom,2,1,2,2,5,-3,1
777545,8,bottom,3,2,3,2,5,-3,1
777545,9,top,1,2,0,2,5,-3,1
777545,9,top,2,0,1,2,5,-3,1
777545,9,top,3,0,2,2,5,-3,1
777545,9,bottom,1,1,0,2,5,-3,1
777545,9,bottom,2,1,0,2,5,-3,1
777545,9,bottom,3,2,3,2,5,-3,1
777531,1,top,1,0,0,0,0,0,0
777531,1,top,2,2,3,0,0,0,0
777531,1,top,2,2,0,0,0,0,0
777531,1,top,3,0,0,0,0,0,0
777531,1,bottom,1,1,1,0,0,0,0
777531,1,bottom,1,4,2,0,0,0,0
777531,1,bottom,1,1,0,0,0,0,0
777531,1,bottom,2,3,2,0,0,0,0
777531,1,bottom,3,3,3,0,0,0,0
777531,2,top,0,2,2,0,0,0,0
777531,2,top,1,0,3,0,0,0,0
777531,2,top,2,2,3,0,0,0,0
777531,2,top,3,1,1,0,0,0,0
777531,2,bottom,0,4,2,0,0,0,0
777531,2,bottom,1,1,3,0,0,0,0
777531,2,bottom,1,1,2,0,0,0,0
777531,2,bottom,2,1,2,1,0,1,0
777531,2,bottom,2,4,2,1,0,1,0
777531,2,bottom,2,1,0,4,0,4,0
777531,2,bottom,3,0,2,4,0,4,0
777531,3,top,1,0,1,4,0,4,0
777531,3,top,2,2,3,4,0,4,0
777531,3,top,3,0,1,4,0,4,0
777531,3,bottom,0,4,1,4,0,4,0
777531,3,bottom,1,0,1,4,0,4,0
777531,3,bottom,2,2,3,4,0,4,0
777531,3,bottom,3,0,0,4,0,4,0
777531,4,top,0,0,2,4,0,4,0
777531,4,top,2,1,1,4,0,4,0
777531,4,top,3,1,1,4,0,4,0
777531,4,bottom,1,2,3,4,0,4,0
777531,4,bottom,2,0,0,4,0,4,0
777531,4,bottom,3,1,0,4,0,4,0
777531,5,top,1,1,3,4,0,4,0
777531,5,top,1,1,2,4,0,4,0
777531,5,top,2,3,3,4,0,4,0
777531,5,top,3,1,0,4,0,4,0
777531,5,bottom,1,3,3,4,0,4,0
777531,5,bottom,2,1,3,4,0,4,0
777531,5,bottom,3,2,3,4,0,4,0
777531,6,top,1,0,0,4,0,4,0
777531,6,top,2,0,1,4,0,4,0
777531,6,top,3,2,2,4,0,4,0
777531,6,bottom,1,0,1,4,0,4,0
777531,6,bottom,1,1,0,4,0,4,0
777531,6,bottom,1,2,1,4,0,4,0
777531,6,bottom,1,1,0,5,0,5,0
777531,6,bottom,2,0,3,5,0,5,0
777531,6,bottom,3,0,0,5,0,5,0
777531,7,top,1,0,1,5,0,5,0
777531,7,top,1,2,0,5,0,5,0
777531,7,top,2,1,2,5,0,5,0
777531,7,top,2,4,1,5,0,5,0
777531,7,top,3,1,2,5,0,5,0
777531,7,bottom,1,0,3,5,0,5,0
777531,7,bottom,2,2,1,5,0,5,0
777531,7,bottom,3,2,3,5,0,5,0
777531,8,top,0,4,0,5,0,5,0
777531,8,top,1,1,2,5,0,5,0
777531,8,top,1,4,1,5,0,5,0
777531,8,top,2,0,1,5,0,5,0
777531,8,top,3,1,1,5,0,5,0
777531,8,bottom,0,2,2,5,0,5,0
777531,8,bottom,0,0,0,6,0,6,0
777531,8,bottom,0,4,1,6,0,6,0
777531,8,bottom,1,1,2,6,0,6,0
777531,8,bottom,2,3,2,7,0,7,0
777531,8,bottom,2,0,1,8,0,8,0
777531,8,bottom,3,2,1,8,0,8,0
777531,9,top,1,0,0,8,0,8,0
777531,9,top,1,1,1,8,0,8,0
777531,9,top,2,0,3,8,0,8,0
777531,9,top,3,1,1,8,0,8,0
777509,1,top,1,2,3,0,0,0,0
777509,1,top,2,0,1,0,0,0,0
777509,1,top,3,2,0,0,0,0,0
777509,1,bottom,1,0,2,0,0,0,0
777509,1,bottom,2,3,2,0,0,0,0
777509,1,bottom,3,3,2,0,0,0,0
777509,2,top,1,1,3,0,0,0,0
777509,2,top,1,2,0,0,0,0,0
777509,2,top,2,2,3,0,0,0,0
777509,2,top,2,0,0,0,1,-1,0
777509,2,top,3,0,1,0,1,-1,0
777509,2,bottom,1,1,0,0,1,-1,0
777509,2,bottom,2,3,3,0,1,-1,0
777509,2,bottom,3,0,3,0,1,-1,0
777509,3,top,1,0,3,0,1,-1,0
777509,3,top,2,1,1,0,1,-1,0
777509,3,top,2,0,1,0,1,-1,0
777509,3,top,3,2,2,0,1,-1,0
777509,3,bottom,1,0,1,0,1,-1,0
777509,3,bottom,2,1,3,0,1,-1,0
777509,3,bottom,2,0,0,0,1,-1,0
777509,3,bottom,3,1,2,0,1,-1,0
777509,4,top,1,1,2,0,1,-1,0
777509,4,top,1,1,0,0,1,-1,0
777509,4,top,2,0,0,0,1,-1,0
777509,4,top,3,0,3,0,1,-1,0
777509,4,bottom,1,2,3,0,1,-1,0
777509,4,bottom,2,2,1,0,1,-1,0
777509,4,bottom,2,4,2,0,1,-1,0
777509,4,bottom,2,4,1,0,1,-1,0
777509,4,bottom,2,3,2,0,1,-1,0
777509,4,bottom,2,4,2,1,1,0,0
777509,4,bottom,2,2,1,2,1,1,0
777509,4,bottom,3,2,2,2,1,1,0
777509,5,top,1,1,2,2,1,1,0
777509,5,top,1,3,2,2,1,1,0
777509,5,top,2,2,2,2,1,1,0
777509,5,top,2,1,0,2,2,0,0
777509,5,top,3,2,2,2,2,0,0
777509,5,bottom,0,1,2,2,2,0,0
777509,5,bottom,1,3,2,2,2,0,0
777509,5,bottom,2,2,1,2,2,0,0
777509,5,bottom,3,1,1,2,2,0,0
777509,6,top,1,0,1,2,2,0,0
777509,6,top,2,0,2,2,2,0,0
777509,6,top,3,1,0,2,2,0,0
777509,6,bottom,1,2,3,2,2,0,0
777509,6,bottom,1,4,2,2,2,0,0
777509,6,bottom,2,0,1,2,2,0,0
777509,6,bottom,2,0,1,2,2,0,0
777509,6,bottom,3,0,1,2,2,0,0
777509,7,top,1,3,1,2,2,0,0
777509,7,top,2,2,2,2,2,0,0
777509,7,top,3,1,1,2,2,0,0
777509,7,bottom,1,0,2,2,2,0,0
777509,7,bottom,1,4,2,2,2,0,0
777509,7,bottom,2,2,3,2,2,0,0
777509,7,bottom,3,1,2,2,2,0,0
777509,8,top,1,1,0,2,2,0,0
777509,8,top,2,3,0,2,2,0,0
777509,8,top,3,3,3,2,2,0,0
777509,8,bottom,1,3,1,2,2,0,0
777509,8,bottom,1,2,0,3,2,1,0
777509,8,bottom,2,2,2,3,2,1,0
777509,8,bottom,3,2,2,3,2,1,0
777509,9,top,1,2,3,3,2,1,0
777509,9,top,2,0,0,3,2,1,0
777509,9,top,3,0,0,3,2,1,0
777499,1,top,1,1,1,0,0,0,0
777499,1,top,2,3,2,0,0,0,0
777499,1,top,3,0,1,0,0,0,0
777499,1,bottom,0,0,0,0,0,0,0
777499,1,bottom,0,0,0,1,0,1,0
777499,1,bottom,1,0,3,1,0,1,0
777499,1,bottom,3,0,0,1,0,1,0
777499,2,top,1,1,3,1,0,1,0
777499,2,top,2,2,3,1,0,1,0
777499,2,top,2,0,2,1,0,1,0
777499,2,top,3,2,3,1,0,1,0
777499,2,bottom,1,2,3,1,0,1,0
777499,2,bottom,2,1,3,1,0,1,0
777499,2,bottom,3,3,2,1,0,1,0
777499,3,top,1,1,3,1,0,1,0
777499,3,top,2,3,3,1,0,1,0
777499,3,top,3,2,3,1,0,1,0
777499,3,bottom,0,1,1,1,0,1,0
777499,3,bottom,1,3,3,1,0,1,0
777499,3,bottom,2,1,2,1,0,1,0
777499,3,bottom,2,4,0,1,0,1,0
777499,3,bottom,2,3,2,2,0,2,0
777499,3,bottom,3,0,0,2,0,2,0
777499,4,top,1,2,3,2,0,2,0
777499,4,top,2,2,1,2,0,2,0
777499,4,top,3,3,2,2,0,2,0
777499,4,bottom,0,2,2,2,0,2,0
777499,4,bottom,0,3,2,2,0,2,0
777499,4,bottom,1,2,2,2,0,2,0
777499,4,bottom,1,0,2,4,0,4,0
777499,4,bottom,2,1,3,4,0,4,0
777499,4,bottom,3,3,2,4,0,4,0
777499,5,top,0,2,2,4,0,4,0
777499,5,top,0,0,0,4,0,4,0
777499,5,top,1,0,0,4,1,3,0
777499,5,top,2,2,3,4,1,3,0
777499,5,top,2,2,2,4,2,2,0
777499,5,top,3,0,1,4,2,2,0
777499,5,bottom,1,0,1,4,2,2,0
777499,5,bottom,1,1,1,4,2,2,0
777499,5,bottom,1,0,0,6,2,4,0
777499,5,bottom,2,2,0,6,2,4,0
777499,5,bottom,2,0,1,6,2,4,0
777499,5,bottom,2,1,2,6,2,4,0
777499,5,bottom,3,3,2,6,2,4,0
777499,6,top,1,1,1,6,2,4,0
777499,6,top,2,1,3,6,2,4,0
777499,6,top,3,3,2,6,2,4,0
777499,6,bottom,0,0,0,6,2,4,0
777499,6,bottom,1,3,2,6,2,4,0
777499,6,bottom,2,0,3,6,2,4,0
777499,6,bottom,2,4,0,6,2,4,0
777499,6,bottom,2,4,2,6,2,4,0
777499,6,bottom,2,1,1,10,2,8,0
777499,6,bottom,2,4,1,10,2,8,0
777499,6,bottom,3,0,2,10,2,8,0
777499,7,top,1,0,1,10,2,8,0
777499,7,top,1,1,1,10,2,8,0
777499,7,top,1,1,1,10,2,8,0
777499,7,top,1,0,1,10,3,7,0
777499,7,top,2,1,1,10,3,7,0
777499,7,top,2,0,1,10,4,6,0
777499,7,top,3,0,0,10,4,6,0
777499,7,bottom,1,3,2,10,4,6,0
777499,7,bottom,1,1,1,10,4,6,0
777499,7,bottom,1,0,1,10,4,6,0
777499,7,bottom,1,1,1,10,4,6,0
777499,7,bottom,2,1,2,11,4,7,0
777499,7,bottom,2,4,2,11,4,7,0
777499,7,bottom,3,2,2,11,4,7,0
777499,8,top,0,4,2,11,4,7,0
777499,8,top,1,0,1,11,4,7,0
777499,8,top,2,1,2,11,4,7,0
777499,8,top,3,1,3,11,4,7,0
777499,8,bottom,1,2,1,11,4,7,0
777499,8,bottom,1,0,0,11,4,7,0
777499,8,bottom,1,0,2,11,4,7,0
777499,8,bottom,3,0,0,11,4,7,0
777499,9,top,0,4,2,11,4,7,0
777499,9,top,2,1,0,11,4,7,0
777499,9,top,3,1,0,11,4,7,0
777479,1,top,1,1,3,0,0,0,1
777479,1,top,2,0,1,0,0,0,1
777479,1,top,3,3,2,0,0,0,1
777479,1,bottom,1,3,2,0,0,0,1
777479,1,bottom,1,2,0,0,0,0,1
777479,1,bottom,1,1,2,1,0,1,1
777479,1,bottom,2,0,0,1,0,1,1
777479,1,bottom,3,1,2,1,0,1,1
777479,2,top,1,0,0,1,0,1,1
777479,2,top,2,0,2,1,0,1,1
777479,2,top,2,0,0,1,0,1,1
777479,2,top,3,2,3,1,0,1,1
777479,2,bottom,1,1,1,1,0,1,1
777479,2,bottom,2,2,0,1,0,1,1
777479,2,bottom,2,1,1,1,0,1,1
777479,2,bottom,3,1,0,1,0,1,1
777479,3,top,1,1,3,1,0,1,1
777479,3,top,2,2,2,1,0,1,1
777479,3,top,2,0,1,1,0,1,1
777479,3,top,3,1,1,1,0,1,1
777479,3,bottom,1,2,2,1,0,1,1
777479,3,bottom,2,3,3,1,0,1,1
777479,3,bottom,2,0,0,2,0,2,1
777479,3,bottom,3,2,1,2,0,2,1
777479,4,top,1,1,3,2,0,2,1
777479,4,top,1,0,0,2,0,2,1
777479,4,top,1,1,0,2,0,2,1
777479,4,top,2,1,3,2,0,2,1
777479,4,top,2,1,0,2,1,1,1
777479,4,top,3,0,2,2,1,1,1
777479,4,bottom,1,2,2,2,1,1,1
777479,4,bottom,1,2,0,2,1,1,1
777479,4,bottom,2,2,3,2,1,1,1
777479,4,bottom,2,4,2,2,1,1,1
777479,4,bottom,2,2,2,2,1,1,1
777479,4,bottom,3,1,0,2,1,1,1
777479,5,top,1,3,2,2,1,1,1
777479,5,top,1,4,2,2,1,1,1
777479,5,top,1,1,0,2,2,0,1
777479,5,top,2,0,2,2,2,0,1
777479,5,top,2,1,0,2,3,-1,1
777479,5,top,2,2,2,2,3,-1,1
777479,5,top,3,1,2,2,3,-1,1
777479,5,bottom,1,2,1,2,3,-1,1
777479,5,bottom,2,0,3,2,3,-1,1
777479,5,bottom,3,1,1,2,3,-1,1
777479,6,top,1,0,2,2,3,-1,1
777479,6,top,2,2,2,2,3,-1,1
777479,6,top,3,2,2,2,3,-1,1
777479,6,bottom,0,0,1,2,3,-1,1
777479,6,bottom,1,0,1,2,3,-1,1
777479,6,bottom,2,3,2,2,3,-1,1
777479,6,bottom,3,0,3,2,3,-1,1
777479,7,top,0,4,2,2,3,-1,1
777479,7,top,1,1,0,2,3,-1,1
777479,7,top,1,4,2,2,3,-1,1
777479,7,top,2,1,3,2,3,-1,1
777479,7,top,2,1,2,2,4,-2,1
777479,7,top,3,1,2,2,4,-2,1
777479,7,bottom,1,3,1,2,4,-2,1
777479,7,bottom,1,0,0,2,4,-2,1
777479,7,bottom,2,0,1,2,4,-2,1
777479,7,bottom,2,0,1,3,4,-1,1
777479,7,bottom,3,1,0,3,4,-1,1
777479,8,top,1,2,2,3,4,-1,1
777479,8,top,2,2,3,3,4,-1,1
777479,8,top,2,1,0,3,4,-1,1
777479,8,top,2,4,2,3,4,-1,1
777479,8,top,3,3,1,3,4,-1,1
777479,8,bottom,1,3,3,3,4,-1,1
777479,8,bottom,2,0,3,3,4,-1,1
777479,8,bottom,2,0,0,3,4,-1,1
777479,8,bottom,3,1,3,3,4,-1,1
777479,9,top,0,4,1,3,4,-1,1
777479,9,top,1,0,2,3,4,-1,1
777479,9,top,3,0,1,3,4,-1,1
777479,9,bottom,1,2,3,3,4,-1,1
777479,9,bottom,1,1,2,4,4,0,1
777479,9,bottom,1,2,2,5,4,1,1
777462,1,top,1,1,0,0,0,0,1
777462,1,top,2,0,3,0,0,0,1
777462,1,top,3,1,2,0,0,0,1
777462,1,bottom,0,1,0,1,0,1,1
777462,1,bottom,1,3,1,1,0,1,1
777462,1,bottom,1,4,2,1,0,1,1
777462,1,bottom,3,3,3,1,0,1,1
777462,2,top,1,1,3,1,0,1,1
777462,2,top,1,1,2,1,0,1,1
777462,2,top,2,2,3,1,0,1,1
777462,2,top,3,2,2,1,0,1,1
777462,2,bottom,1,1,0,1,0,1,1
777462,2,bottom,1,0,1,1,0,1,1
777462,2,bottom,2,2,1,1,0,1,1
777462,2,bottom,3,2,2,1,0,1,1
777462,3,top,1,1,3,1,0,1,1
777462,3,top,2,3,3,1,0,1,1
777462,3,top,2,4,1,1,0,1,1
777462,3,top,3,0,2,1,0,1,1
777462,3,bottom,0,1,2,1,0,1,1
777462,3,bottom,1,2,1,1,0,1,1
777462,3,bottom,1,2,2,1,0,1,1
777462,3,bottom,1,4,0,1,0,1,1
777462,3,bottom,2,1,3,1,0,1,1
777462,3,bottom,2,2,1,2,0,2,1
777462,3,bottom,3,0,3,2,0,2,1
777462,4,top,0,0,0,2,0,2,1
777462,4,top,1,1,2,2,0,2,1
777462,4,top,1,0,1,2,0,2,1
777462,4,top,2,1,3,2,0,2,1
777462,4,top,3,1,1,2,0,2,1
777462,4,bottom,1,0,2,2,0,2,1
777462,4,bottom,2,2,2,2,0,2,1
777462,4,bottom,3,2,2,2,0,2,1
777462,5,top,1,0,0,2,0,2,1
777462,5,top,2,1,3,2,0,2,1
777462,5,top,3,1,3,2,0,2,1
777462,5,bottom,0,1,2,2,0,2,1
777462,5,bottom,0,1,2,2,0,2,1
777462,5,bottom,0,4,2,2,0,2,1
777462,5,bottom,1,0,0,2,0,2,1
777462,5,bottom,2,1,3,2,0,2,1
777462,5,bottom,3,0,0,2,0,2,1
777462,6,top,0,1,1,2,0,2,1
777462,6,top,1,0,0,2,1,1,1
777462,6,top,2,2,3,2,1,1,1
777462,6,top,3,1,0,2,1,1,1
777462,6,bottom,1,0,1,2,1,1,1
777462,6,bottom,1,2,2,2,1,1,1
777462,6,bottom,2,0,0,2,1,1,1
777462,6,bottom,2,2,2,2,1,1,1
777462,6,bottom,2,0,0,3,1,2,1
777462,6,bottom,2,2,2,5,1,4,1
777462,6,bottom,2,4,0,5,1,4,1
777462,6,bottom,3,2,3,5,1,4,1
777462,7,top,1,2,2,5,1,4,1
777462,7,top,2,3,2,5,1,4,1
777462,7,top,3,1,0,5,1,4,1
777462,7,bottom,0,1,0,5,1,4,1
777462,7,bottom,0,2,2,5,1,4,1
777462,7,bottom,0,4,2,5,1,4,1
777462,7,bottom,1,0,0,6,1,5,1
777462,7,bottom,2,1,0,7,1,6,1
777462,7,bottom,2,4,2,7,1,6,1
777462,7,bottom,2,2,0,8,1,7,1
777462,7,bottom,3,2,1,8,1,7,1
777462,8,top,1,0,3,8,1,7,1
777462,8,top,2,0,0,8,1,7,1
777462,8,top,2,2,2,8,1,7,1
777462,8,top,2,2,0,8,1,7,1
777462,8,top,3,1,3,8,1,7,1
777462,8,bottom,1,1,0,8,1,7,1
777462,8,bottom,1,1,1,8,1,7,1
777462,8,bottom,3,0,0,8,1,7,1
777462,9,top,1,0,0,8,1,7,1
777462,9,top,1,3,2,8,1,7,1
777462,9,top,2,1,1,8,1,7,1
777462,9,top,3,2,3,8,1,7,1
777448,1,top,1,1,1,0,0,0,0
777448,1,top,2,0,1,0,0,0,0
777448,1,top,3,3,3,0,0,0,0
777448,1,bottom,1,0,1,0,0,0,0
777448,1,bottom,2,0,0,0,0,0,0
777448,1,bottom,3,1,3,0,0,0,0
777448,2,top,0,2,0,0,0,0,0
777448,2,top,0,0,1,0,2,-2,0
777448,2,top,1,2,3,0,2,-2,0
777448,2,top,1,4,0,0,2,-2,0
777448,2,top,2,0,1,0,2,-2,0
777448,2,top,3,0,0,0,2,-2,0
777448,2,bottom,0,0,0,1,2,-1,0
777448,2,bottom,0,4,2,1,2,-1,0
777448,2,bottom,1,1,2,1,2,-1,0
777448,2,bottom,2,1,0,1,2,-1,0
777448,2,bottom,3,1,3,1,2,-1,0
777448,3,top,1,1,3,1,2,-1,0
777448,3,top,1,1,1,1,2,-1,0
777448,3,top,1,4,1,1,2,-1,0
777448,3,top,2,1,1,1,2,-1,0
777448,3,top,2,0,0,1,4,-3,0
777448,3,top,3,1,3,1,4,-3,0
777448,3,bottom,1,2,2,1,4,-3,0
777448,3,bottom,2,0,1,1,4,-3,0
777448,3,bottom,3,2,0,1,4,-3,0
777448,4,top,1,3,2,1,4,-3,0
777448,4,top,2,0,1,1,4,-3,0
777448,4,top,3,1,1,1,4,-3,0
777448,4,bottom,1,0,1,1,4,-3,0
777448,4,bottom,2,2,2,1,4,-3,0
777448,4,bottom,3,2,2,1,4,-3,0
777448,5,top,1,2,1,1,4,-3,0
777448,5,top,1,2,1,1,4,-3,0
777448,5,top,1,0,0,1,6,-5,0
777448,5,top,1,4,0,1,6,-5,0
777448,5,top,1,2,2,1,6,-5,0
777448,5,top,1,1,2,1,6,-5,0
777448,5,top,2,0,1,1,7,-6,0
777448,5,top,3,2,3,1,7,-6,0
777448,5,bottom,0,4,1,1,7,-6,0
777448,5,bottom,2,1,1,1,7,-6,0
777448,5,bottom,3,2,3,1,7,-6,0
777448,6,top,0,4,2,1,7,-6,0
777448,6,top,0,1,2,1,7,-6,0
777448,6,top,0,1,1,1,8,-7,0
777448,6,top,1,3,2,1,9,-8,0
777448,6,top,2,1,0,1,9,-8,0
777448,6,top,3,1,0,1,9,-8,0
777448,6,bottom,1,2,3,1,9,-8,0
777448,6,bottom,1,4,2,1,9,-8,0
777448,6,bottom,2,3,2,1,9,-8,0
777448,6,bottom,3,3,2,1,9,-8,0
777448,7,top,1,1,0,1,9,-8,0
777448,7,top,2,2,2,1,9,-8,0
777448,7,top,3,2,0,1,9,-8,0
777448,7,bottom,0,3,2,2,9,-7,0
777448,7,bottom,1,0,1,2,9,-7,0
777448,7,bottom,1,1,2,2,9,-7,0
777448,7,bottom,2,2,2,2,9,-7,0
777448,7,bottom,3,0,2,2,9,-7,0
777448,8,top,1,0,3,2,9,-7,0
777448,8,top,2,0,1,2,9,-7,0
777448,8,top,3,0,0,2,9,-7,0
777448,8,bottom,0,3,1,3,9,-6,0
777448,8,bottom,1,1,3,3,9,-6,0
777448,8,bottom,1,3,1,3,9,-6,0
777448,8,bottom,1,1,1,4,9,-5,0
777448,8,bottom,1,2,0,5,9,-4,0
777448,8,bottom,3,0,0,5,9,-4,0
777448,9,top,0,4,2,5,9,-4,0
777448,9,top,2,3,3,5,9,-4,0
777448,9,top,3,3,3,5,9,-4,0
777448,9,bottom,1,3,3,5,9,-4,0
777448,9,bottom,2,0,2,5,9,-4,0
777448,9,bottom,3,0,3,5,9,-4,0
777435,1,top,1,3,2,0,0,0,0
777435,1,top,1,0,0,0,1,-1,0
777435,1,top,2,1,0,0,1,-1,0
777435,1,top,3,1,0,0,1,-1,0
777435,1,bottom,1,3,2,0,1,-1,0
777435,1,bottom,2,0,1,0,1,-1,0
777435,1,bottom,3,1,3,0,1,-1,0
777435,2,top,1,3,3,0,1,-1,0
777435,2,top,1,0,0,0,1,-1,0
777435,2,top,2,2,3,0,1,-1,0
777435,2,top,2,2,0,0,2,-2,0
777435,2,top,2,0,0,0,2,-2,0
777435,2,top,2,4,2,0,2,-2,0
777435,2,top,3,1,0,0,3,-3,0
777435,2,bottom,1,1,2,0,3,-3,0
777435,2,bottom,2,3,1,0,3,-3,0
777435,2,bottom,3,2,1,0,3,-3,0
777435,3,top,0,4,2,0,3,-3,0
777435,3,top,1,3,3,0,3,-3,0
777435,3,top,1,1,0,0,5,-5,0
777435,3,top,1,4,2,0,5,-5,0
777435,3,top,2,1,3,0,5,-5,0
777435,3,top,2,4,2,0,5,-5,0
777435,3,top,2,2,2,0,7,-7,0
777435,3,top,3,2,3,0,7,-7,0
777435,3,bottom,1,1,1,0,7,-7,0
777435,3,bottom,2,1,2,0,7,-7,0
777435,3,bottom,3,1,3,0,7,-7,0
777435,4,top,1,0,2,0,7,-7,0
777435,4,top,2,0,3,0,7,-7,0
777435,4,top,3,1,3,0,7,-7,0
777435,4,bottom,0,1,2,0,7,-7,0
777435,4,bottom,1,2,3,0,7,-7,0
777435,4,bottom,3,0,1,0,7,-7,0
777435,5,top,1,0,0,0,7,-7,0
777435,5,top,2,1,3,0,7,-7,0
777435,5,top,3,1,3,0,7,-7,0
777435,5,bottom,0,0,0,0,7,-7,0
777435,5,bottom,1,1,2,0,7,-7,0
777435,5,bottom,1,2,1,0,7,-7,0
777435,5,bottom,1,0,0,0,7,-7,0
777435,5,bottom,3,0,0,0,7,-7,0
777435,6,top,0,3,2,0,7,-7,0
777435,6,top,1,2,3,0,7,-7,0
777435,6,top,2,1,1,0,7,-7,0
777435,6,top,3,1,2,0,7,-7,0
777435,6,bottom,1,0,1,0,7,-7,0
777435,6,bottom,1,2,1,0,7,-7,0
777435,6,bottom,2,1,0,0,7,-7,0
777435,6,bottom,3,3,1,0,7,-7,0
777435,7,top,1,2,2,0,7,-7,0
777435,7,top,1,2,2,0,7,-7,0
777435,7,top,2,1,2,0,7,-7,0
777435,7,top,3,0,0,0,7,-7,0
777435,7,bottom,1,1,0,0,7,-7,0
777435,7,bottom,2,0,2,0,7,-7,0
777435,7,bottom,3,0,3,0,7,-7,0
777435,8,top,1,3,3,0,7,-7,0
777435,8,top,1,4,1,0,7,-7,0
777435,8,top,2,0,2,0,7,-7,0
777435,8,top,3,0,3,0,7,-7,0
777435,8,bottom,1,2,3,0,7,-7,0
777435,8,bottom,1,4,1,0,7,-7,0
777435,8,bottom,2,0,2,0,7,-7,0
777435,8,bottom,2,1,1,1,7,-6,0
777435,8,bottom,2,4,2,1,7,-6,0
777435,8,bottom,3,1,2,1,7,-6,0
777435,9,top,1,0,1,1,7,-6,0
777435,9,top,2,0,1,1,7,-6,0
777435,9,top,2,2,0,1,7,-6,0
777435,9,top,3,2,3,1,7,-6,0
777435,9,bottom,1,2,2,1,7,-6,0
777435,9,bottom,2,2,3,1,7,-6,0
777435,9,bottom,2,0,0,1,7,-6,0
777435,9,bottom,3,0,1,1,7,-6,0
777418,1,top,0,2,2,0,0,0,1
777418,1,top,1,0,0,0,0,0,1
777418,1,top,2,0,0,0,0,0,1
777418,1,top,2,4,2,0,0,0,1
777418,1,top,3,0,2,0,0,0,1
777418,1,bottom,0,0,0,1,0,1,1
777418,1,bottom,1,1,2,1,0,1,1
777418,1,bottom,2,2,2,1,0,1,1
777418,1,bottom,3,1,1,1,0,1,1
777418,2,top,1,2,3,1,0,1,1
777418,2,top,2,2,2,1,0,1,1
777418,2,top,3,0,0,1,0,1,1
777418,2,bottom,0,0,0,1,0,1,1
777418,2,bottom,0,0,1,2,0,2,1
777418,2,bottom,1,3,2,2,0,2,1
777418,2,bottom,1,1,0,3,0,3,1
777418,2,bottom,1,0,0,3,0,3,1
777418,2,bottom,2,0,0,3,0,3,1
777418,2,bottom,2,0,0,4,0,4,1
777418,2,bottom,3,3,3,4,0,4,1
777418,3,top,1,1,1,4,0,4,1
777418,3,top,2,0,3,4,0,4,1
777418,3,top,2,2,1,4,0,4,1
777418,3,top,3,1,0,4,0,4,1
777418,3,bottom,1,1,2,4,0,4,1
777418,3,bottom,2,3,2,4,0,4,1
777418,3,bottom,3,0,1,4,0,4,1
777418,4,top,1,1,0,4,0,4,1
777418,4,top,2,0,0,4,0,4,1
777418,4,top,3,3,1,4,0,4,1
777418,4,bottom,1,2,2,4,0,4,1
777418,4,bottom,2,2,2,4,0,4,1
777418,4,bottom,3,0,0,4,0,4,1
777418,5,top,0,4,2,4,0,4,1
777418,5,top,1,1,1,4,0,4,1
777418,5,top,3,0,0,4,0,4,1
777418,5,bottom,1,2,2,4,0,4,1
777418,5,bottom,1,1,2,4,0,4,1
777418,5,bottom,2,0,0,4,0,4,1
777418,5,bottom,2,0,2,4,0,4,1
777418,5,bottom,3,0,3,4,0,4,1
777418,6,top,1,3,2,4,0,4,1
777418,6,top,1,3,2,4,0,4,1
777418,6,top,1,0,0,4,1,3,1
777418,6,top,3,0,1,4,1,3,1
777418,6,bottom,1,1,1,4,1,3,1
777418,6,bottom,2,1,0,4,1,3,1
777418,6,bottom,2,4,2,4,1,3,1
777418,6,bottom,3,0,0,4,1,3,1
777418,7,top,1,2,1,4,1,3,1
777418,7,top,2,0,1,4,1,3,1
777418,7,top,3,2,3,4,1,3,1
777418,7,bottom,1,1,0,4,1,3,1
777418,7,bottom,2,0,1,4,1,3,1
777418,7,bottom,2,1,0,5,1,4,1
777418,7,bottom,3,2,1,5,1,4,1
777418,8,top,1,3,3,5,1,4,1
777418,8,top,2,0,3,5,1,4,1
777418,8,top,2,4,0,5,1,4,1
777418,8,top,3,3,1,5,1,4,1
777418,8,bottom,0,1,1,5,1,4,1
777418,8,bottom,0,0,2,5,1,4,1
777418,8,bottom,1,2,2,5,1,4,1
777418,8,bottom,1,0,1,7,1,6,1
777418,8,bottom,2,2,2,7,1,6,1
777418,8,bottom,3,1,2,7,1,6,1
777418,9,top,1,1,0,7,1,6,1
777418,9,top,2,0,2,7,1,6,1
777418,9,top,3,3,3,7,1,6,1
777408,1,top,1,1,1,0,0,0,0
777408,1,top,2,3,1,0,0,0,0
777408,1,top,3,1,0,0,0,0,0
777408,1,bottom,1,1,1,0,0,0,0
777408,1,bottom,2,0,1,0,0,0,0
777408,1,bottom,2,4,2,0,0,0,0
777408,1,bottom,3,0,0,0,0,0,0
777408,2,top,1,3,3,0,0,0,0
777408,2,top,2,0,3,0,0,0,0
777408,2,top,3,2,3,0,0,0,0
777408,2,bottom,1,0,0,0,0,0,0
777408,2,bottom,1,0,1,0,0,0,0
777408,2,bottom,2,1,0,0,0,0,0
777408,2,bottom,3,0,2,0,0,0,0
777408,3,top,1,1,3,0,0,0,0
777408,3,top,2,1,1,0,0,0,0
777408,3,top,3,1,3,0,0,0,0
777408,3,bottom,1,2,3,0,0,0,0
777408,3,bottom,2,0,3,0,0,0,0
777408,3,bottom,3,3,3,0,0,0,0
777408,4,top,0,1,2,0,0,0,0
777408,4,top,1,3,3,0,0,0,0
777408,4,top,1,0,0,0,0,0,0
777408,4,top,1,4,1,0,0,0,0
777408,4,top,2,1,0,0,1,-1,0
777408,4,top,3,0,1,0,1,-1,0
777408,4,bottom,1,0,1,0,1,-1,0
777408,4,bottom,2,3,2,0,1,-1,0
777408,4,bottom,3,2,0,0,1,-1,0
777408,5,top,1,2,0,0,1,-1,0
777408,5,top,1,2,2,0,1,-1,0
777408,5,top,3,1,1,0,1,-1,0
777408,5,bottom,1,0,0,0,1,-1,0
777408,5,bottom,1,1,2,0,1,-1,0
777408,5,bottom,1,0,1,0,1,-1,0
777408,5,bottom,2,0,0,0,1,-1,0
777408,5,bottom,2,2,1,1,1,0,0
777408,5,bottom,2,4,2,1,1,0,0
777408,5,bottom,3,1,0,1,1,0,0
777408,6,top,1,2,3,1,1,0,0
777408,6,top,2,2,2,1,1,0,0
777408,6,top,3,1,0,1,1,0,0
777408,6,bottom,1,0,2,1,1,0,0
777408,6,bottom,1,4,0,1,1,0,0
777408,6,bottom,1,0,0,1,1,0,0
777408,6,bottom,2,1,3,1,1,0,0
777408,6,bottom,3,0,1,1,1,0,0
777408,7,top,1,1,1,1,1,0,0
777408,7,top,2,1,3,1,1,0,0
777408,7,top,3,0,3,1,1,0,0
777408,7,bottom,0,1,2,1,1,0,0
777408,7,bottom,0,0,1,2,1,1,0
777408,7,bottom,1,0,0,2,1,1,0
777408,7,bottom,1,4,2,2,1,1,0
777408,7,bottom,2,3,2,2,1,1,0
777408,7,bottom,3,2,3,2,1,1,0
777408,8,top,0,4,2,2,1,1,0
777408,8,top,1,0,3,2,1,1,0
777408,8,top,2,0,3,2,1,1,0
777408,8,top,2,2,2,2,1,1,0
777408,8,top,2,4,2,2,1,1,0
777408,8,top,2,1,2,2,2,0,0
777408,8,top,2,1,2,2,4,-2,0
777408,8,top,3,1,2,2,4,-2,0
777408,8,bottom,1,0,0,2,4,-2,0
777408,8,bottom,2,0,2,2,4,-2,0
777408,8,bottom,3,2,2,2,4,-2,0
777408,9,top,1,0,0,2,4,-2,0
777408,9,top,2,0,3,2,4,-2,0
777408,9,top,2,2,2,2,4,-2,0
777408,9,top,2,4,1,2,4,-2,0
777408,9,top,2,4,1,2,4,-2,0
777408,9,top,3,2,1,2,4,-2,0
777408,9,bottom,0,1,1,2,4,-2,0
777408,9,bottom,2,1,2,2,4,-2,0
777408,9,bottom,3,2,3,2,4,-2,0
777384,1,top,0,3,1,0,0,0,1
777384,1,top,0,1,2,0,1,-1,1
777384,1,top,1,3,2,0,1,-1,1
777384,1,top,1,0,1,0,2,-2,1
777384,1,top,2,0,1,0,2,-2,1
777384,1,top,3,2,3,0,2,-2,1
777384,1,bottom,0,0,1,0,2,-2,1
777384,1,bottom,0,0,1,0,2,-2,1
777384,1,bottom,2,0,1,0,2,-2,1
777384,1,bottom,3,3,3,0,2,-2,1
777384,2,top,0,2,2,0,2,-2,1
777384,2,top,1,1,2,0,2,-2,1
777384,2,top,3,1,3,0,2,-2,1
777384,2,bottom,1,2,3,0,2,-2,1
777384,2,bottom,2,2,3,0,2,-2,1
777384,2,bottom,2,0,1,0,2,-2,1
777384,2,bottom,3,3,2,0,2,-2,1
777384,3,top,1,1,2,0,2,-2,1
777384,3,top,2,0,2,0,2,-2,1
777384,3,top,2,0,0,0,2,-2,1
777384,3,top,3,1,1,0,2,-2,1
777384,3,bottom,1,0,0,0,2,-2,1
777384,3,bottom,1,1,0,0,2,-2,1
777384,3,bottom,2,2,3,0,2,-2,1
777384,3,bottom,3,0,2,0,2,-2,1
777384,4,top,0,2,1,0,2,-2,1
777384,4,top,1,1,3,0,2,-2,1
777384,4,top,2,1,1,0,2,-2,1
777384,4,top,2,0,0,0,3,-3,1
777384,4,top,3,1,2,0,3,-3,1
777384,4,bottom,1,2,3,0,3,-3,1
777384,4,bottom,1,4,2,0,3,-3,1
777384,4,bottom,1,0,0,0,3,-3,1
777384,4,bottom,2,0,0,0,3,-3,1
777384,4,bottom,3,0,1,0,3,-3,1
777384,5,top,1,0,2,0,3,-3,1
777384,5,top,1,4,1,0,3,-3,1
777384,5,top,2,2,3,0,3,-3,1
777384,5,top,2,1,0,0,4,-4,1
777384,5,top,3,0,1,0,4,-4,1
777384,5,bottom,0,4,1,0,4,-4,1
777384,5,bottom,2,0,1,0,4,-4,1
777384,5,bottom,2,4,2,0,4,-4,1
777384,5,bottom,3,1,2,0,4,-4,1
777384,6,top,1,1,1,0,4,-4,1
777384,6,top,1,4,2,0,4,-4,1
777384,6,top,1,0,1,0,4,-4,1
777384,6,top,2,2,1,0,4,-4,1
777384,6,top,3,0,3,0,4,-4,1
777384,6,bottom,1,0,2,0,4,-4,1
777384,6,bottom,1,2,0,1,4,-3,1
777384,6,bottom,2,1,1,1,4,-3,1
777384,6,bottom,3,1,3,1,4,-3,1
777384,7,top,1,0,0,1,4,-3,1
777384,7,top,1,3,2,1,4,-3,1
777384,7,top,2,2,2,1,4,-3,1
777384,7,top,2,2,2,1,4,-3,1
777384,7,top,2,4,2,1,4,-3,1
777384,7,top,2,1,2,1,6,-5,1
777384,7,top,3,1,1,1,6,-5,1
777384,7,bottom,0,4,0,1,6,-5,1
777384,7,bottom,1,1,3,1,6,-5,1
777384,7,bottom,1,4,1,1,6,-5,1
777384,7,bottom,1,1,1,4,6,-2,1
777384,7,bottom,2,2,2,4,6,-2,1
777384,7,bottom,3,1,3,4,6,-2,1
777384,8,top,0,0,2,4,6,-2,1
777384,8,top,1,0,1,4,6,-2,1
777384,8,top,1,0,1,4,6,-2,1
777384,8,top,2,2,2,4,6,-2,1
777384,8,top,2,4,1,4,6,-2,1
777384,8,top,2,1,2,4,10,-6,1
777384,8,top,3,1,3,4,10,-6,1
777384,8,bottom,0,1,1,4,10,-6,1
777384,8,bottom,0,4,2,4,10,-6,1
777384,8,bottom,1,2,2,4,10,-6,1
777384,8,bottom,2,0,0,5,10,-5,1
777384,8,bottom,2,4,2,5,10,-5,1
777384,8,bottom,3,2,3,5,10,-5,1
777384,9,top,1,0,0,5,10,-5,1
777384,9,top,1,4,2,5,10,-5,1
777384,9,top,2,2,2,5,10,-5,1
777384,9,top,3,3,3,5,10,-5,1
777384,9,bottom,1,1,0,5,10,-5,1
777384,9,bottom,2,3,3,5,10,-5,1
777384,9,bottom,2,0,0,6,10,-4,1
777384,9,bottom,3,0,0,6,10,-4,1
777368,1,top,1,0,0,0,0,0,0
777368,1,top,2,2,3,0,0,0,0
777368,1,top,3,0,1,0,0,0,0
777368,1,bottom,0,4,2,0,0,0,0
777368,1,bottom,1,3,3,0,0,0,0
777368,1,bottom,1,1,2,1,0,1,0
777368,1,bottom,2,0,3,1,0,1,0
777368,1,bottom,3,0,3,1,0,1,0
777368,2,top,1,3,2,1,0,1,0
777368,2,top,2,0,0,1,0,1,0
777368,2,top,3,0,1,1,0,1,0
777368,2,bottom,0,0,0,1,0,1,0
777368,2,bottom,2,2,1,1,0,1,0
777368,2,bottom,3,0,0,1,0,1,0
777368,3,top,1,0,0,1,0,1,0
777368,3,top,2,0,3,1,0,1,0
777368,3,top,2,2,2,1,0,1,0
777368,3,top,3,0,0,1,0,1,0
777368,3,bottom,1,0,0,1,0,1,0
777368,3,bottom,2,0,1,1,0,1,0
777368,3,bottom,2,4,1,1,0,1,0
777368,3,bottom,3,1,0,1,0,1,0
777368,4,top,1,0,1,1,0,1,0
777368,4,top,1,3,2,1,1,0,0
777368,4,top,2,1,1,1,1,0,0
777368,4,top,2,3,1,1,1,0,0
777368,4,top,3,1,2,1,1,0,0
777368,4,bottom,1,0,0,1,1,0,0
777368,4,bottom,1,0,1,1,1,0,0
777368,4,bottom,2,2,2,1,1,0,0
777368,4,bottom,2,4,2,1,1,0,0
777368,4,bottom,2,1,1,3,1,2,0
777368,4,bottom,3,1,0,3,1,2,0
777368,5,top,0,4,1,3,1,2,0
777368,5,top,1,1,2,3,1,2,0
777368,5,top,3,2,0,3,1,2,0
777368,5,bottom,1,2,2,3,1,2,0
777368,5,bottom,1,1,1,3,1,2,0
777368,5,bottom,2,1,2,3,1,2,0
777368,5,bottom,3,2,3,3,1,2,0
777368,6,top,1,0,1,3,1,2,0
777368,6,top,1,1,1,3,1,2,0
777368,6,top,1,4,0,3,1,2,0
777368,6,top,1,4,2,3,1,2,0
777368,6,top,1,1,1,3,3,0,0
777368,6,top,1,0,2,3,3,0,0
777368,6,top,2,1,0,3,4,-1,0
777368,6,top,3,1,1,3,4,-1,0
777368,6,bottom,0,2,0,4,4,0,0
777368,6,bottom,1,0,1,4,4,0,0
777368,6,bottom,2,2,2,4,4,0,0
777368,6,bottom,3,2,3,4,4,0,0
777368,7,top,1,0,3,4,4,0,0
777368,7,top,2,1,0,4,4,0,0
777368,7,top,3,1,1,4,4,0,0
777368,7,bottom,1,0,1,4,4,0,0
777368,7,bottom,2,2,2,4,4,0,0
777368,7,bottom,3,2,2,4,4,0,0
777368,8,top,0,2,1,4,4,0,0
777368,8,top,0,2,1,4,4,0,0
777368,8,top,1,1,2,4,4,0,0
777368,8,top,1,4,0,4,4,0,0
777368,8,top,2,1,3,4,4,0,0
777368,8,top,3,3,3,4,4,0,0
777368,8,bottom,1,2,2,4,4,0,0
777368,8,bottom,1,4,2,4,4,0,0
777368,8,bottom,3,1,2,4,4,0,0
777368,9,top,1,0,2,4,4,0,0
777368,9,top,1,1,2,4,4,0,0
777368,9,top,2,0,3,4,4,0,0
777368,9,top,3,1,0,4,4,0,0
777368,9,bottom,1,3,3,4,4,0,0
777368,9,bottom,2,0,0,4,4,0,0
777368,9,bottom,2,0,2,4,4,0,0
777368,9,bottom,3,1,1,4,4,0,0
777368,10,top,1,2,3,4,4,0,0
777368,10,top,1,4,1,4,4,0,0
777368,10,top,2,0,0,4,4,0,0
777368,10,top,3,3,2,4,4,0,0
777368,10,bottom,0,4,0,4,4,0,0
777368,10,bottom,0,0,0,4,4,0,0
777368,10,bottom,0,1,0,5,4,1,0
777354,1,top,1,1,3,0,0,0,1
777354,1,top,2,2,2,0,0,0,1
777354,1,top,3,1,1,0,0,0,1
777354,1,bottom,0,2,2,0,0,0,1
777354,1,bottom,1,0,2,0,0,0,1
777354,1,bottom,2,0,0,0,0,0,1
777354,1,bottom,3,3,3,0,0,0,1
777354,2,top,1,3,3,0,0,0,1
777354,2,top,2,1,1,0,0,0,1
777354,2,top,3,0,3,0,0,0,1
777354,2,bottom,0,4,2,0,0,0,1
777354,2,bottom,1,1,1,0,0,0,1
777354,2,bottom,2,0,1,0,0,0,1
777354,2,bottom,3,0,3,0,0,0,1
777354,3,top,0,2,2,0,0,0,1
777354,3,top,0,2,0,0,0,0,1
777354,3,top,0,2,0,0,0,0,1
777354,3,top,1,1,3,0,0,0,1
777354,3,top,1,3,2,0,2,-2,1
777354,3,top,1,3,2,0,3,-3,1
777354,3,top,2,2,3,0,3,-3,1
777354,3,top,3,0,0,0,3,-3,1
777354,3,bottom,1,0,2,0,3,-3,1
777354,3,bottom,2,0,1,0,3,-3,1
777354,3,bottom,3,1,3,0,3,-3,1
777354,4,top,1,1,2,0,3,-3,1
777354,4,top,2,1,0,0,3,-3,1
777354,4,top,3,0,1,0,3,-3,1
777354,4,bottom,0,1,0,0,3,-3,1
777354,4,bottom,1,2,3,0,3,-3,1
777354,4,bottom,2,2,2,0,3,-3,1
777354,4,bottom,3,1,2,0,3,-3,1
777354,5,top,0,1,2,0,3,-3,1
777354,5,top,1,0,0,0,3,-3,1
777354,5,top,2,3,3,0,3,-3,1
777354,5,top,3,3,3,0,3,-3,1
777354,5,bottom,1,1,2,0,3,-3,1
777354,5,bottom,2,1,0,0,3,-3,1
777354,5,bottom,3,0,0,0,3,-3,1
777354,6,top,1,1,2,0,3,-3,1
777354,6,top,2,0,2,0,3,-3,1
777354,6,top,3,0,1,0,3,-3,1
777354,6,bottom,1,0,1,0,3,-3,1
777354,6,bottom,1,0,0,0,3,-3,1
777354,6,bottom,2,2,2,0,3,-3,1
777354,6,bottom,3,2,2,0,3,-3,1
777354,7,top,1,2,3,0,3,-3,1
777354,7,top,2,3,2,0,3,-3,1
777354,7,top,3,0,0,0,3,-3,1
777354,7,bottom,1,1,0,0,3,-3,1
777354,7,bottom,2,0,1,0,3,-3,1
777354,7,bottom,3,1,3,0,3,-3,1
777354,8,top,1,0,1,0,3,-3,1
777354,8,top,1,4,0,0,3,-3,1
777354,8,top,3,2,2,0,3,-3,1
777354,8,bottom,1,1,3,0,3,-3,1
777354,8,bottom,2,0,2,0,3,-3,1
777354,8,bottom,3,1,2,0,3,-3,1
777354,9,top,0,0,0,0,3,-3,1
777354,9,top,0,4,0,0,3,-3,1
777354,9,top,1,2,3,0,3,-3,1
777354,9,top,1,4,2,0,3,-3,1
777354,9,top,1,0,0,0,6,-6,1
777354,9,top,2,0,1,0,6,-6,1
777354,9,top,3,1,1,0,6,-6,1
777354,9,bottom,1,2,2,0,6,-6,1
777354,9,bottom,1,4,2,0,6,-6,1
777354,9,bottom,2,2,3,0,6,-6,1
777354,9,bottom,3,2,1,0,6,-6,1
777345,1,top,1,0,0,0,0,0,1
777345,1,top,2,3,3,0,0,0,1
777345,1,top,2,3,1,0,0,0,1
777345,1,top,2,4,2,0,0,0,1
777345,1,top,2,0,0,0,1,-1,1
777345,1,top,3,3,2,0,1,-1,1
777345,1,bottom,1,0,1,0,1,-1,1
777345,1,bottom,2,2,2,0,1,-1,1
777345,1,bottom,2,3,2,0,1,-1,1
777345,1,bottom,3,0,3,0,1,-1,1
777345,2,top,0,4,2,0,1,-1,1
777345,2,top,0,0,1,0,1,-1,1
777345,2,top,1,2,2,0,1,-1,1
777345,2,top,1,2,1,0,2,-2,1
777345,2,top,2,0,0,0,2,-2,1
777345,2,top,3,1,1,0,2,-2,1
777345,2,bottom,0,0,1,0,2,-2,1
777345,2,bottom,2,0,2,0,2,-2,1
777345,2,bottom,3,0,0,0,2,-2,1
777345,3,top,1,1,0,0,2,-2,1
777345,3,top,1,1,1,0,2,-2,1
777345,3,top,2,0,0,0,2,-2,1
777345,3,top,2,3,1,0,3,-3,1
777345,3,top,2,0,0,0,3,-3,1
777345,3,top,3,1,0,0,3,-3,1
777345,3,bottom,1,2,3,0,3,-3,1
777345,3,bottom,2,3,3,0,3,-3,1
777345,3,bottom,3,1,1,0,3,-3,1
777345,4,top,1,1,2,0,3,-3,1
777345,4,top,2,2,0,0,3,-3,1
777345,4,top,3,3,2,0,3,-3,1
777345,4,bottom,1,0,3,0,3,-3,1
777345,4,bottom,2,3,3,0,3,-3,1
777345,4,bottom,3,0,1,0,3,-3,1
777345,5,top,1,0,0,0,3,-3,1
777345,5,top,1,1,0,0,3,-3,1
777345,5,top,2,3,2,0,3,-3,1
777345,5,top,3,0,0,0,3,-3,1
777345,5,bottom,1,1,3,0,3,-3,1
777345,5,bottom,1,0,2,0,3,-3,1
777345,5,bottom,1,4,0,0,3,-3,1
777345,5,bottom,2,1,3,0,3,-3,1
777345,5,bottom,3,1,1,0,3,-3,1
777345,6,top,0,4,2,0,3,-3,1
777345,6,top,1,1,2,0,3,-3,1
777345,6,top,2,1,2,0,3,-3,1
777345,6,top,3,0,0,0,3,-3,1
777345,6,bottom,0,1,0,0,3,-3,1
777345,6,bottom,1,1,1,0,3,-3,1
777345,6,bottom,3,1,2,0,3,-3,1
777345,7,top,0,2,1,0,3,-3,1
777345,7,top,0,4,0,0,3,-3,1
777345,7,top,0,3,2,0,4,-4,1
777345,7,top,1,0,2,0,4,-4,1
777345,7,top,2,2,2,0,4,-4,1
777345,7,top,2,4,0,0,4,-4,1
777345,7,top,2,4,1,0,5,-5,1
777345,7,top,3,1,0,0,5,-5,1
777345,7,bottom,1,0,3,0,5,-5,1
777345,7,bottom,2,2,2,0,5,-5,1
777345,7,bottom,3,0,1,0,5,-5,1
777345,8,top,1,1,2,0,5,-5,1
777345,8,top,1,4,2,0,5,-5,1
777345,8,top,1,2,1,0,5,-5,1
777345,8,top,1,4,2,0,5,-5,1
777345,8,top,1,1,0,0,6,-6,1
777345,8,top,2,2,1,0,7,-7,1
777345,8,top,2,0,1,0,7,-7,1
777345,8,top,2,0,1,0,9,-9,1
777345,8,top,3,2,3,0,9,-9,1
777345,8,bottom,0,4,2,0,9,-9,1
777345,8,bottom,1,3,2,0,9,-9,1
777345,8,bottom,3,1,2,0,9,-9,1
777345,9,top,0,1,2,0,9,-9,1
777345,9,top,2,2,0,0,9,-9,1
777345,9,top,2,1,0,0,9,-9,1
777345,9,top,3,2,1,0,9,-9,1
777345,9,bottom,1,2,2,0,9,-9,1
777345,9,bottom,2,1,2,0,9,-9,1
777345,9,bottom,3,0,0,0,9,-9,1
777323,1,top,1,0,2,0,0,0,0
777323,1,top,2,2,3,0,0,0,0
777323,1,top,3,1,2,0,0,0,0
777323,1,bottom,1,0,3,0,0,0,0
777323,1,bottom,2,1,2,0,0,0,0
777323,1,bottom,2,3,2,0,0,0,0
777323,1,bottom,2,0,0,0,0,0,0
777323,1,bottom,2,0,0,3,0,3,0
777323,1,bottom,2,4,2,3,0,3,0
777323,1,bottom,2,0,1,3,0,3,0
777323,1,bottom,2,1,1,3,0,3,0
777323,1,bottom,3,0,0,3,0,3,0
777323,2,top,1,2,2,3,0,3,0
777323,2,top,1,2,2,3,0,3,0
777323,2,top,2,1,1,3,0,3,0
777323,2,top,3,2,2,3,0,3,0
777323,2,bottom,1,1,0,3,0,3,0
777323,2,bottom,1,2,0,3,0,3,0
777323,2,bottom,1,4,0,3,0,3,0
777323,2,bottom,2,2,3,3,0,3,0
777323,2,bottom,2,1,2,4,0,4,0
777323,2,bottom,2,0,0,6,0,6,0
777323,2,bottom,3,0,3,6,0,6,0
777323,3,top,1,2,3,6,0,6,0
777323,3,top,1,1,1,6,0,6,0
777323,3,top,2,1,3,6,0,6,0
777323,3,top,2,2,1,6,1,5,0
777323,3,top,3,0,0,6,1,5,0
777323,3,bottom,0,4,0,6,1,5,0
777323,3,bottom,0,0,2,6,1,5,0
777323,3,bottom,0,4,2,6,1,5,0
777323,3,bottom,1,1,0,6,1,5,0
777323,3,bottom,1,4,2,7,1,6,0
777323,3,bottom,2,3,1,8,1,7,0
777323,3,bottom,3,3,3,9,1,8,0
777323,4,top,0,2,1,9,1,8,0
777323,4,top,1,0,0,9,1,8,0
777323,4,top,1,4,1,9,1,8,0
777323,4,top,2,2,1,9,1,8,0
777323,4,top,3,2,3,9,1,8,0
777323,4,bottom,1,1,0,9,1,8,0
777323,4,bottom,1,0,0,9,1,8,0
777323,4,bottom,2,2,1,9,1,8,0
777323,4,bottom,3,0,0,9,1,8,0
777323,5,top,1,0,2,9,1,8,0
777323,5,top,1,2,1,9,1,8,0
777323,5,top,2,0,0,9,1,8,0
777323,5,top,3,1,2,9,1,8,0
777323,5,bottom,1,2,3,9,1,8,0
777323,5,bottom,1,3,2,9,1,8,0
777323,5,bottom,1,3,2,9,1,8,0
777323,5,bottom,2,0,0,9,1,8,0
777323,5,bottom,3,0,0,9,1,8,0
777323,6,top,1,1,1,9,1,8,0
777323,6,top,2,0,0,9,1,8,0
777323,6,top,3,0,1,9,1,8,0
777323,6,bottom,0,1,2,9,1,8,0
777323,6,bottom,1,2,0,9,1,8,0
777323,6,bottom,1,2,1,10,1,9,0
777323,6,bottom,1,0,1,12,1,11,0
777323,6,bottom,1,4,1,12,1,11,0
777323,6,bottom,2,3,3,12,1,11,0
777323,6,bottom,3,1,1,12,1,11,0
777323,7,top,0,1,2,12,1,11,0
777323,7,top,1,0,1,12,1,11,0
777323,7,top,2,1,2,12,1,11,0
777323,7,top,2,1,2,12,1,11,0
777323,7,top,3,0,3,12,1,11,0
777323,7,bottom,0,0,2,12,1,11,0
777323,7,bottom,1,0,3,12,1,11,0
777323,7,bottom,2,3,2,12,1,11,0
777323,7,bottom,2,2,0,14,1,13,0
777323,7,bottom,2,0,0,14,1,13,0
777323,7,bottom,3,0,0,14,1,13,0
777323,8,top,1,1,1,14,1,13,0
777323,8,top,2,2,3,14,1,13,0
777323,8,top,3,0,1,14,1,13,0
777323,8,bottom,0,2,1,14,1,13,0
777323,8,bottom,0,1,1,14,1,13,0
777323,8,bottom,1,1,1,15,1,14,0
777323,8,bottom,2,1,2,15,1,14,0
777323,8,bottom,3,1,0,15,1,14,0
777323,9,top,0,4,0,15,1,14,0
777323,9,top,1,1,0,15,1,14,0
777323,9,top,1,4,2,15,1,14,0
777323,9,top,2,1,3,15,1,14,0
777323,9,top,3,0,1,15,1,14,0
777310,1,top,1,1,3,0,0,0,1
777310,1,top,1,1,1,0,1,-1,1
777310,1,top,1,0,0,0,2,-2,1
777310,1,top,2,0,0,0,2,-2,1
777310,1,top,3,2,0,0,2,-2,1
777310,1,bottom,1,1,0,0,2,-2,1
777310,1,bottom,2,1,2,0,2,-2,1
777310,1,bottom,3,2,2,0,2,-2,1
777310,2,top,1,1,0,0,2,-2,1
777310,2,top,2,1,1,0,2,-2,1
777310,2,top,3,2,0,0,2,-2,1
777310,2,bottom,0,0,1,1,2,-1,1
777310,2,bottom,0,3,0,1,2,-1,1
777310,2,bottom,1,2,1,1,2,-1,1
777310,2,bottom,1,2,2,2,2,0,1
777310,2,bottom,2,2,1,2,2,0,1
777310,2,bottom,3,0,3,2,2,0,1
777310,3,top,1,0,3,2,2,0,1
777310,3,top,2,1,1,2,2,0,1
777310,3,top,3,1,3,2,2,0,1
777310,3,bottom,1,0,1,2,2,0,1
777310,3,bottom,1,2,2,2,2,0,1
777310,3,bottom,2,2,3,2,2,0,1
777310,3,bottom,3,0,2,2,2,0,1
777310,4,top,1,2,2,2,2,0,1
777310,4,top,2,1,2,2,2,0,1
777310,4,top,2,1,0,2,2,0,1
777310,4,top,2,4,2,2,2,0,1
777310,4,top,2,3,2,2,3,-1,1
777310,4,top,2,4,2,2,3,-1,1
777310,4,top,2,4,2,2,4,-2,1
777310,4,top,3,1,2,2,4,-2,1
777310,4,bottom,1,2,1,2,4,-2,1
777310,4,bottom,2,2,3,2,4,-2,1
777310,4,bottom,3,2,2,2,4,-2,1
777310,5,top,0,2,0,2,4,-2,1
777310,5,top,1,0,1,2,4,-2,1
777310,5,top,2,1,0,2,4,-2,1
777310,5,top,2,4,2,2,4,-2,1
777310,5,top,2,2,2,2,5,-3,1
777310,5,top,3,0,3,2,5,-3,1
777310,5,bottom,1,2,3,2,5,-3,1
777310,5,bottom,1,1,1,2,5,-3,1
777310,5,bottom,1,2,2,3,5,-2,1
777310,5,bottom,1,1,2,3,5,-2,1
777310,5,bottom,2,2,0,3,5,-2,1
777310,5,bottom,3,2,1,3,5,-2,1
777310,6,top,0,3,2,3,5,-2,1
777310,6,top,1,0,0,3,5,-2,1
777310,6,top,2,0,0,3,5,-2,1
777310,6,top,3,0,1,3,5,-2,1
777310,6,bottom,1,2,3,3,5,-2,1
777310,6,bottom,1,1,1,3,5,-2,1
777310,6,bottom,2,0,2,3,5,-2,1
777310,6,bottom,2,1,0,3,5,-2,1
777310,6,bottom,3,0,2,3,5,-2,1
777310,7,top,1,0,2,3,5,-2,1
777310,7,top,2,1,3,3,5,-2,1
777310,7,top,3,1,0,3,5,-2,1
777310,7,bottom,1,1,0,3,5,-2,1
777310,7,bottom,2,2,3,3,5,-2,1
777310,7,bottom,3,1,0,3,5,-2,1
777310,8,top,1,2,1,3,5,-2,1
777310,8,top,2,2,2,3,5,-2,1
777310,8,top,3,2,2,3,5,-2,1
777310,8,bottom,0,4,0,3,5,-2,1
777310,8,bottom,1,1,2,3,5,-2,1
777310,8,bottom,2,2,1,3,5,-2,1
777310,8,bottom,3,2,1,3,5,-2,1
777310,9,top,1,1,3,3,5,-2,1
777310,9,top,2,2,3,3,5,-2,1
777310,9,top,3,0,2,3,5,-2,1
777310,9,bottom,1,2,3,3,5,-2,1
777310,9,bottom,2,2,3,3,5,-2,1
777310,9,bottom,3,0,3,3,5,-2,1
777295,1,top,1,1,3,0,0,0,1
777295,1,top,2,0,1,0,0,0,1
777295,1,top,3,1,3,0,0,0,1
777295,1,bottom,1,0,0,0,0,0,1
777295,1,bottom,2,2,1,0,0,0,1
777295,1,bottom,2,2,0,0,0,0,1
777295,1,bottom,3,3,2,0,0,0,1
777295,2,top,1,0,1,0,0,0,1
777295,2,top,2,3,3,0,0,0,1
777295,2,top,3,3,2,0,0,0,1
777295,2,bottom,1,2,3,0,0,0,1
777295,2,bottom,1,2,2,0,0,0,1
777295,2,bottom,2,1,0,0,0,0,1
777295,2,bottom,3,1,3,0,0,0,1
777295,3,top,1,3,3,0,0,0,1
777295,3,top,2,1,0,0,0,0,1
777295,3,top,3,0,1,0,0,0,1
777295,3,bottom,0,0,2,0,0,0,1
777295,3,bottom,1,3,0,0,0,0,1
777295,3,bottom,1,4,1,0,0,0,1
777295,3,bottom,2,2,1,0,0,0,1
777295,3,bottom,3,2,1,0,0,0,1
777295,4,top,0,0,0,0,0,0,1
777295,4,top,1,2,3,0,0,0,1
777295,4,top,2,3,3,0,0,0,1
777295,4,top,2,0,0,0,2,-2,1
777295,4,top,3,2,3,0,2,-2,1
777295,4,bottom,1,3,3,0,2,-2,1
777295,4,bottom,2,2,0,0,2,-2,1
777295,4,bottom,2,4,2,0,2,-2,1
777295,4,bottom,2,1,1,0,2,-2,1
777295,4,bottom,3,1,3,0,2,-2,1
777295,5,top,1,3,2,0,2,-2,1
777295,5,top,1,0,0,0,2,-2,1
777295,5,top,2,2,1,0,2,-2,1
777295,5,top,3,0,0,0,2,-2,1
777295,5,bottom,0,1,0,0,2,-2,1
777295,5,bottom,1,0,0,0,2,-2,1
777295,5,bottom,2,2,0,1,2,-1,1
777295,5,bottom,2,4,1,1,2,-1,1
777295,5,bottom,3,0,1,1,2,-1,1
777295,6,top,0,1,2,1,2,-1,1
777295,6,top,1,0,1,1,2,-1,1
777295,6,top,1,4,0,1,2,-1,1
777295,6,top,2,1,3,1,2,-1,1
777295,6,top,2,2,1,1,3,-2,1
777295,6,top,3,2,1,1,3,-2,1
777295,6,bottom,0,2,2,1,3,-2,1
777295,6,bottom,0,0,2,1,3,-2,1
777295,6,bottom,0,1,1,2,3,-1,1
777295,6,bottom,1,3,3,2,3,-1,1
777295,6,bottom,1,2,2,3,3,0,1
777295,6,bottom,1,0,2,3,3,0,1
777295,6,bottom,2,1,1,5,3,2,1
777295,6,bottom,3,0,1,5,3,2,1
777295,7,top,1,1,3,5,3,2,1
777295,7,top,1,4,2,5,3,2,1
777295,7,top,2,2,3,5,3,2,1
777295,7,top,3,1,3,5,3,2,1
777295,7,bottom,1,1,1,5,3,2,1
777295,7,bottom,1,0,1,5,3,2,1
777295,7,bottom,3,1,3,5,3,2,1
777295,8,top,0,2,1,5,4,1,1
777295,8,top,0,4,0,5,4,1,1
777295,8,top,1,0,0,5,4,1,1
777295,8,top,1,4,0,5,4,1,1
777295,8,top,2,1,2,5,4,1,1
777295,8,top,3,1,0,5,4,1,1
777295,8,bottom,1,2,1,5,4,1,1
777295,8,bottom,2,0,0,5,4,1,1
777295,8,bottom,3,0,0,5,4,1,1
777295,9,top,1,3,2,5,4,1,1
777295,9,top,2,0,3,5,4,1,1
777295,9,top,2,3,2,5,4,1,1
777295,9,top,3,0,2,5,4,1,1
777283,1,top,0,1,1,0,0,0,1
777283,1,top,1,1,0,0,0,0,1
777283,1,top,1,4,1,0,0,0,1
777283,1,top,2,0,1,0,0,0,1
777283,1,top,2,4,2,0,0,0,1
777283,1,top,2,1,2,0,2,-2,1
777283,1,top,3,1,1,0,2,-2,1
777283,1,bottom,1,1,2,0,2,-2,1
777283,1,bottom,1,4,1,0,2,-2,1
777283,1,bottom,2,1,0,0,2,-2,1
777283,1,bottom,3,1,2,0,2,-2,1
777283,2,top,1,3,2,0,2,-2,1
777283,2,top,2,1,3,0,2,-2,1
777283,2,top,3,0,1,0,2,-2,1
777283,2,bottom,1,1,3,0,2,-2,1
777283,2,bottom,2,2,1,0,2,-2,1
777283,2,bottom,3,1,2,0,2,-2,1
777283,3,top,1,1,1,0,2,-2,1
777283,3,top,1,1,0,0,2,-2,1
777283,3,top,1,4,2,0,2,-2,1
777283,3,top,2,1,3,0,2,-2,1
777283,3,top,3,1,1,0,2,-2,1
777283,3,bottom,1,1,1,0,2,-2,1
777283,3,bottom,2,1,2,0,2,-2,1
777283,3,bottom,3,2,2,0,2,-2,1
777283,4,top,1,3,2,0,2,-2,1
777283,4,top,2,0,2,0,2,-2,1
777283,4,top,2,1,0,0,2,-2,1
777283,4,top,2,1,2,0,2,-2,1
777283,4,top,3,2,2,0,2,-2,1
777283,4,bottom,0,2,2,1,2,-1,1
777283,4,bottom,1,0,1,1,2,-1,1
777283,4,bottom,2,2,1,1,2,-1,1
777283,4,bottom,2,3,2,1,2,-1,1
777283,4,bottom,2,4,1,1,2,-1,1
777283,4,bottom,2,1,0,4,2,2,1
777283,4,bottom,3,2,2,4,2,2,1
777283,5,top,0,0,2,4,2,2,1
777283,5,top,0,4,2,4,2,2,1
777283,5,top,1,1,3,4,2,2,1
777283,5,top,2,0,0,4,2,2,1
777283,5,top,3,1,0,4,2,2,1
777283,5,bottom,1,3,2,4,2,2,1
777283,5,bottom,2,0,0,4,2,2,1
777283,5,bottom,3,1,0,4,2,2,1
777283,6,top,1,2,3,4,2,2,1
777283,6,top,1,0,0,4,2,2,1
777283,6,top,3,0,1,4,2,2,1
777283,6,bottom,1,0,0,4,2,2,1
777283,6,bottom,2,3,2,4,2,2,1
777283,6,bottom,3,1,3,4,2,2,1
777283,7,top,0,1,0,4,2,2,1
777283,7,top,0,4,0,4,2,2,1
777283,7,top,1,3,2,4,2,2,1
777283,7,top,1,0,1,4,3,1,1
777283,7,top,1,0,0,4,4,0,1
777283,7,top,2,0,1,4,4,0,1
777283,7,top,3,1,3,4,4,0,1
777283,7,bottom,1,2,1,4,4,0,1
777283,7,bottom,1,0,1,4,4,0,1
777283,7,bottom,1,4,1,4,4,0,1
777283,7,bottom,1,3,3,4,4,0,1
777283,7,bottom,1,1,1,5,4,1,1
777283,7,bottom,1,2,1,9,4,5,1
777283,7,bottom,2,1,1,9,4,5,1
777283,7,bottom,3,3,3,9,4,5,1
777283,8,top,0,4,2,9,4,5,1
777283,8,top,2,0,1,9,4,5,1
777283,8,top,3,2,1,9,4,5,1
777283,8,bottom,0,4,2,9,4,5,1
777283,8,bottom,1,2,3,9,4,5,1
777283,8,bottom,1,4,2,9,4,5,1
777283,8,bottom,2,1,3,9,4,5,1
777283,8,bottom,2,1,2,9,4,5,1
777283,8,bottom,2,4,2,10,4,6,1
777283,8,bottom,2,1,0,12,4,8,1
777283,8,bottom,3,3,3,12,4,8,1
777283,9,top,0,4,0,12,4,8,1
777283,9,top,1,3,2,12,4,8,1
777283,9,top,1,0,1,12,4,8,1
777283,9,top,2,1,0,12,5,7,1
777283,9,top,3,2,2,12,5,7,1
777274,1,top,1,2,1,0,0,0,1
777274,1,top,2,3,2,0,0,0,1
777274,1,top,2,0,2,0,0,0,1
777274,1,top,3,3,3,0,0,0,1
777274,1,bottom,0,0,1,0,0,0,1
777274,1,bottom,0,2,2,0,0,0,1
777274,1,bottom,0,4,2,0,0,0,1
777274,1,bottom,0,0,1,2,0,2,1
777274,1,bottom,0,0,0,5,0,5,1
777274,1,bottom,1,0,0,5,0,5,1
777274,1,bottom,1,4,2,5,0,5,1
777274,1,bottom,1,0,0,7,0,7,1
777274,1,bottom,2,0,0,7,0,7,1
777274,1,bottom,2,0,2,7,0,7,1
777274,1,bottom,3,1,3,7,0,7,1
777274,2,top,1,1,3,7,0,7,1
777274,2,top,1,0,1,7,0,7,1
777274,2,top,2,2,3,7,0,7,1
777274,2,top,3,1,1,7,0,7,1
777274,2,bottom,0,1,0,7,0,7,1
777274,2,bottom,0,4,1,7,0,7,1
777274,2,bottom,1,1,1,7,0,7,1
777274,2,bottom,3,3,1,7,0,7,1
777274,3,top,1,1,0,7,0,7,1
777274,3,top,2,2,2,7,0,7,1
777274,3,top,2,3,1,7,0,7,1
777274,3,top,3,0,1,7,0,7,1
777274,3,bottom,0,3,2,7,0,7,1
777274,3,bottom,1,3,1,7,0,7,1
777274,3,bottom,2,1,3,7,0,7,1
777274,3,bottom,2,1,1,8,0,8,1
777274,3,bottom,3,1,3,8,0,8,1
777274,4,top,1,1,0,8,0,8,1
777274,4,top,2,3,1,8,0,8,1
777274,4,top,3,1,2,8,0,8,1
777274,4,bottom,1,1,0,8,0,8,1
777274,4,bottom,2,3,2,8,0,8,1
777274,4,bottom,2,4,2,8,0,8,1
777274,4,bottom,2,2,0,8,0,8,1
777274,4,bottom,3,3,3,8,0,8,1
777274,5,top,0,1,1,8,0,8,1
777274,5,top,0,0,1,8,0,8,1
777274,5,top,0,2,0,8,1,7,1
777274,5,top,0,0,2,8,2,6,1
777274,5,top,0,0,0,8,3,5,1
777274,5,top,1,0,1,8,3,5,1
777274,5,top,1,2,2,8,6,2,1
777274,5,top,2,3,3,8,6,2,1
777274,5,top,2,3,1,8,6,2,1
777274,5,top,3,0,0,8,6,2,1
777274,5,bottom,1,0,0,8,6,2,1
777274,5,bottom,2,2,3,8,6,2,1
777274,5,bottom,3,2,2,8,6,2,1
777274,6,top,1,2,1,8,6,2,1
777274,6,top,1,4,2,8,6,2,1
777274,6,top,1,2,1,8,6,2,1
777274,6,top,1,4,0,8,6,2,1
777274,6,top,2,1,2,8,7,1,1
777274,6,top,3,3,1,8,7,1,1
777274,6,bottom,0,1,0,8,7,1,1
777274,6,bottom,2,0,1,8,7,1,1
777274,6,bottom,2,4,1,8,7,1,1
777274,6,bottom,3,0,3,8,7,1,1
777274,7,top,0,4,2,8,7,1,1
777274,7,top,1,2,3,8,7,1,1
777274,7,top,1,2,0,8,7,1,1
777274,7,top,3,0,1,8,7,1,1
777274,7,bottom,1,0,0,8,7,1,1
777274,7,bottom,2,0,3,8,7,1,1
777274,7,bottom,2,0,0,9,7,2,1
777274,7,bottom,3,0,0,9,7,2,1
777274,8,top,1,1,1,9,7,2,1
777274,8,top,1,4,2,9,7,2,1
777274,8,top,1,2,2,9,9,0,1
777274,8,top,2,1,3,9,9,0,1
777274,8,top,2,4,0,9,9,0,1
777274,8,top,2,2,2,9,9,0,1
777274,8,top,3,2,2,9,9,0,1
777274,8,bottom,1,2,3,9,9,0,1
777274,8,bottom,1,4,1,9,9,0,1
777274,8,bottom,1,4,0,9,9,0,1
777274,8,bottom,2,0,0,9,9,0,1
777274,8,bottom,2,3,2,11,9,2,1
777274,8,bottom,3,1,2,11,9,2,1
777274,9,top,1,2,3,11,9,2,1
777274,9,top,2,0,1,11,9,2,1
777274,9,top,2,0,1,11,9,2,1
777274,9,top,3,1,2,11,9,2,1
777260,1,top,1,2,2,0,0,0,1
777260,1,top,2,2,3,0,0,0,1
777260,1,top,2,2,2,0,0,0,1
777260,1,top,2,0,1,0,0,0,1
777260,1,top,3,3,3,0,0,0,1
777260,1,bottom,1,1,1,0,0,0,1
777260,1,bottom,1,4,1,0,0,0,1
777260,1,bottom,2,2,3,0,0,0,1
777260,1,bottom,2,1,0,1,0,1,1
777260,1,bottom,3,0,0,1,0,1,1
777260,2,top,0,1,1,1,0,1,1
777260,2,top,1,2,2,1,0,1,1
777260,2,top,2,1,1,1,0,1,1
777260,2,top,3,3,3,1,0,1,1
777260,2,bottom,1,0,0,1,0,1,1
777260,2,bottom,2,0,1,1,0,1,1
777260,2,bottom,2,4,2,1,0,1,1
777260,2,bottom,3,3,2,1,0,1,1
777260,3,top,0,1,1,1,1,0,1
777260,3,top,0,0,0,1,1,0,1
777260,3,top,2,1,0,1,1,0,1
777260,3,top,3,0,3,1,1,0,1
777260,3,bottom,0,0,1,1,1,0,1
777260,3,bottom,0,2,1,3,1,2,1
777260,3,bottom,1,3,1,3,1,2,1
777260,3,bottom,1,1,2,3,1,2,1
777260,3,bottom,2,1,1,3,1,2,1
777260,3,bottom,3,2,1,3,1,2,1
777260,4,top,1,2,3,3,1,2,1
777260,4,top,1,0,0,3,1,2,1
777260,4,top,1,0,1,3,2,1,1
777260,4,top,1,0,0,3,2,1,1
777260,4,top,2,0,3,3,2,1,1
777260,4,top,2,4,2,3,3,0,1
777260,4,top,3,2,3,3,3,0,1
777260,4,bottom,0,4,2,3,3,0,1
777260,4,bottom,0,3,2,3,3,0,1
777260,4,bottom,1,0,0,3,3,0,1
777260,4,bottom,1,3,2,5,3,2,1
777260,4,bottom,2,1,2,5,3,2,1
777260,4,bottom,3,1,2,5,3,2,1
777260,5,top,0,4,2,5,3,2,1
777260,5,top,1,1,1,5,3,2,1
777260,5,top,2,2,2,5,3,2,1
777260,5,top,2,0,0,5,3,2,1
777260,5,top,3,1,1,5,3,2,1
777260,5,bottom,0,0,1,6,3,3,1
777260,5,bottom,1,0,0,6,3,3,1
777260,5,bottom,2,0,0,6,3,3,1
777260,5,bottom,2,4,2,6,3,3,1
777260,5,bottom,3,1,3,6,3,3,1
777260,6,top,1,2,3,6,3,3,1
777260,6,top,2,2,3,6,3,3,1
777260,6,top,2,4,2,6,3,3,1
777260,6,top,3,0,1,6,3,3,1
777260,6,bottom,1,1,2,6,3,3,1
777260,6,bottom,2,0,0,6,3,3,1
777260,6,bottom,2,2,2,6,3,3,1
777260,6,bottom,3,2,3,6,3,3,1
777260,7,top,0,1,2,6,3,3,1
777260,7,top,0,3,1,6,3,3,1
777260,7,top,0,2,2,6,4,2,1
777260,7,top,1,2,3,6,4,2,1
777260,7,top,2,0,0,6,5,1,1
777260,7,top,2,4,2,6,5,1,1
777260,7,top,3,0,0,6,5,1,1
777260,7,bottom,1,3,3,6,5,1,1
777260,7,bottom,1,3,2,6,5,1,1
777260,7,bottom,2,1,2,6,5,1,1
777260,7,bottom,3,1,1,6,5,1,1
777260,8,top,1,1,3,6,5,1,1
777260,8,top,2,3,1,6,5,1,1
777260,8,top,2,4,0,6,5,1,1
777260,8,top,3,3,3,6,5,1,1
777260,8,bottom,1,1,3,6,5,1,1
777260,8,bottom,2,1,2,6,5,1,1
777260,8,bottom,2,1,2,6,5,1,1
777260,8,bottom,2,2,2,8,5,3,1
777260,8,bottom,3,1,3,8,5,3,1
777260,9,top,1,0,0,8,5,3,1
777260,9,top,1,3,2,8,5,3,1
777260,9,top,2,0,2,8,5,3,1
777260,9,top,3,2,1,8,5,3,1
777242,1,top,1,0,1,0,0,0,1
777242,1,top,2,2,2,0,0,0,1
777242,1,top,2,4,2,0,0,0,1
777242,1,top,3,3,3,0,0,0,1
777242,1,bottom,1,0,2,0,0,0,1
777242,1,bottom,2,3,2,0,0,0,1
777242,1,bottom,3,0,2,0,0,0,1
777242,2,top,1,2,1,0,0,0,1
777242,2,top,2,0,1,0,0,0,1
777242,2,top,3,0,0,0,0,0,1
777242,2,bottom,1,1,2,0,0,0,1
777242,2,bottom,2,1,0,0,0,0,1
777242,2,bottom,3,1,3,0,0,0,1
777242,3,top,1,2,2,0,0,0,1
777242,3,top,2,1,3,0,0,0,1
777242,3,top,3,0,3,0,0,0,1
777242,3,bottom,1,0,2,0,0,0,1
777242,3,bottom,2,1,2,0,0,0,1
777242,3,bottom,3,3,3,0,0,0,1
777242,4,top,1,3,1,0,0,0,1
777242,4,top,2,1,3,0,0,0,1
777242,4,top,3,0,1,0,0,0,1
777242,4,bottom,1,1,0,0,0,0,1
777242,4,bottom,1,3,1,0,0,0,1
777242,4,bottom,2,1,1,0,0,0,1
777242,4,bottom,3,1,2,0,0,0,1
777242,5,top,0,2,2,0,0,0,1
777242,5,top,1,3,3,0,0,0,1
777242,5,top,2,0,1,0,0,0,1
777242,5,top,3,1,2,0,0,0,1
777242,5,bottom,1,2,1,0,0,0,1
777242,5,bottom,2,1,2,0,0,0,1
777242,5,bottom,3,0,0,0,0,0,1
777242,6,top,1,0,3,0,0,0,1
777242,6,top,2,2,2,0,0,0,1
777242,6,top,3,0,2,0,0,0,1
777242,6,bottom,0,1,1,0,0,0,1
777242,6,bottom,1,0,0,0,0,0,1
777242,6,bottom,1,1,2,1,0,1,1
777242,6,bottom,1,3,2,1,0,1,1
777242,6,bottom,1,1,2,2,0,2,1
777242,6,bottom,1,1,2,3,0,3,1
777242,6,bottom,3,2,2,3,0,3,1
777242,7,top,0,2,2,3,0,3,1
777242,7,top,0,1,1,3,0,3,1
777242,7,top,0,1,1,3,3,0,1
777242,7,top,1,2,2,3,3,0,1
777242,7,top,2,0,2,3,3,0,1
777242,7,top,3,2,3,3,3,0,1
777242,7,bottom,1,0,0,3,3,0,1
777242,7,bottom,2,1,3,3,3,0,1
777242,7,bottom,3,1,0,3,3,0,1
777242,8,top,1,3,3,3,3,0,1
777242,8,top,1,4,2,3,3,0,1
777242,8,top,2,0,3,3,3,0,1
777242,8,top,2,4,0,3,3,0,1
777242,8,top,2,4,1,3,3,0,1
777242,8,top,3,1,3,3,3,0,1
777242,8,bottom,1,1,3,3,3,0,1
777242,8,bottom,2,3,2,3,3,0,1
777242,8,bottom,3,3,3,3,3,0,1
777242,9,top,0,2,1,3,3,0,1
777242,9,top,1,0,2,3,3,0,1
777242,9,top,1,1,0,3,3,0,1
777242,9,top,3,2,0,3,3,0,1
777242,9,bottom,1,1,3,3,3,0,1
777242,9,bottom,2,0,1,3,3,0,1
777242,9,bottom,3,3,3,3,3,0,1
777242,10,top,1,3,2,3,3,0,1
777242,10,top,1,1,0,3,3,0,1
777242,10,top,2,2,1,3,3,0,1
777242,10,top,3,0,3,3,3,0,1
777242,10,bottom,0,4,0,3,3,0,1
777242,10,bottom,0,0,0,4,3,1,1
777231,1,top,0,2,2,0,0,0,1
777231,1,top,1,0,0,0,0,0,1
777231,1,top,1,0,1,0,0,0,1
777231,1,top,1,0,2,0,0,0,1
777231,1,top,1,4,2,0,1,-1,1
777231,1,top,3,2,2,0,1,-1,1
777231,1,bottom,0,0,1,0,1,-1,1
777231,1,bottom,1,0,2,0,1,-1,1
777231,1,bottom,1,0,0,0,1,-1,1
777231,1,bottom,2,0,1,0,1,-1,1
777231,1,bottom,2,1,0,1,1,0,1
777231,1,bottom,3,1,0,1,1,0,1
777231,2,top,1,1,3,1,1,0,1
777231,2,top,2,0,3,1,1,0,1
777231,2,top,3,0,3,1,1,0,1
777231,2,bottom,1,3,1,1,1,0,1
777231,2,bottom,2,2,1,1,1,0,1
777231,2,bottom,3,1,2,1,1,0,1
777231,3,top,0,0,1,1,1,0,1
777231,3,top,1,0,1,1,1,0,1
777231,3,top,1,4,2,1,1,0,1
777231,3,top,1,4,2,1,1,0,1
777231,3,top,2,1,2,1,2,-1,1
777231,3,top,3,1,3,1,2,-1,1
777231,3,bottom,0,4,1,1,2,-1,1
777231,3,bottom,0,1,2,3,2,1,1
777231,3,bottom,0,2,1,3,2,1,1
777231,3,bottom,0,2,1,3,2,1,1
777231,3,bottom,1,1,2,3,2,1,1
777231,3,bottom,3,0,1,3,2,1,1
777231,4,top,0,2,0,3,2,1,1
777231,4,top,1,1,1,3,2,1,1
777231,4,top,1,1,1,3,2,1,1
777231,4,top,3,3,2,3,2,1,1
777231,4,bottom,1,0,0,3,2,1,1
777231,4,bottom,2,2,1,3,2,1,1
777231,4,bottom,3,2,3,3,2,1,1
777231,5,top,1,2,2,3,2,1,1
777231,5,top,2,2,1,3,2,1,1
777231,5,top,3,2,0,3,2,1,1
777231,5,bottom,1,0,1,3,2,1,1
777231,5,bottom,2,0,0,3,2,1,1
777231,5,bottom,2,3,2,3,2,1,1
777231,5,bottom,3,1,0,3,2,1,1
777231,6,top,1,0,0,3,2,1,1
777231,6,top,2,0,3,3,2,1,1
777231,6,top,3,1,2,3,2,1,1
777231,6,bottom,1,2,2,3,2,1,1
777231,6,bottom,1,4,0,3,2,1,1
777231,6,bottom,2,2,1,3,2,1,1
777231,6,bottom,2,1,2,3,2,1,1
777231,6,bottom,3,1,3,3,2,1,1
777231,7,top,0,1,2,3,2,1,1
777231,7,top,1,1,0,3,2,1,1
777231,7,top,2,1,0,3,2,1,1
777231,7,top,2,2,0,3,3,0,1
777231,7,top,3,0,3,3,3,0,1
777231,7,bottom,1,1,2,3,3,0,1
777231,7,bottom,1,3,1,3,3,0,1
777231,7,bottom,1,0,2,3,3,0,1
777231,7,bottom,2,1,0,3,3,0,1
777231,7,bottom,2,4,1,3,3,0,1
777231,7,bottom,3,0,2,3,3,0,1
777231,8,top,1,1,2,3,3,0,1
777231,8,top,2,2,1,3,3,0,1
777231,8,top,3,3,2,3,3,0,1
777231,8,bottom,1,1,3,3,3,0,1
777231,8,bottom,1,3,2,3,3,0,1
777231,8,bottom,1,0,2,3,3,0,1
777231,8,bottom,2,0,2,3,3,0,1
777231,8,bottom,3,1,1,3,3,0,1
777231,9,top,1,0,3,3,3,0,1
777231,9,top,2,2,0,3,3,0,1
777231,9,top,3,0,3,3,3,0,1
777231,9,bottom,1,2,3,3,3,0,1
777231,9,bottom,2,1,3,3,3,0,1
777231,9,bottom,3,0,3,3,3,0,1
777231,10,top,1,1,2,3,3,0,1
777231,10,top,2,1,0,3,3,0,1
777231,10,top,2,4,0,3,3,0,1
777231,10,top,3,1,2,3,3,0,1
777231,10,bottom,0,4,0,3,3,0,1
777231,10,bottom,1,0,3,3,3,0,1
777231,10,bottom,2,0,1,3,3,0,1
777231,10,bottom,3,1,1,3,3,0,1
777231,11,top,1,0,2,3,3,0,1
777231,11,top,1,4,2,3,3,0,1
777231,11,top,2,1,0,3,3,0,1
777231,11,top,3,1,3,3,3,0,1
777231,11,bottom,0,0,0,3,3,0,1
777231,11,bottom,1,3,2,3,3,0,1
777231,11,bottom,1,4,0,3,3,0,1
777231,11,bottom,2,1,3,3,3,0,1
777231,11,bottom,2,0,1,4,3,1,1
777214,1,top,1,1,3,0,0,0,1
777214,1,top,2,0,3,0,0,0,1
777214,1,top,2,0,1,0,1,-1,1
777214,1,top,2,1,0,0,1,-1,1
777214,1,top,3,2,3,0,1,-1,1
777214,1,bottom,1,2,2,0,1,-1,1
777214,1,bottom,2,2,2,0,1,-1,1
777214,1,bottom,2,0,1,0,1,-1,1
777214,1,bottom,3,2,2,0,1,-1,1
777214,2,top,0,0,0,0,1,-1,1
777214,2,top,1,0,0,0,1,-1,1
777214,2,top,2,2,3,0,1,-1,1
777214,2,top,3,1,3,0,1,-1,1
777214,2,bottom,0,4,0,0,1,-1,1
777214,2,bottom,1,0,3,0,1,-1,1
777214,2,bottom,2,0,2,0,1,-1,1
777214,2,bottom,3,2,3,0,1,-1,1
777214,3,top,1,2,0,0,1,-1,1
777214,3,top,2,0,0,0,1,-1,1
777214,3,top,3,2,2,0,1,-1,1
777214,3,bottom,1,2,2,0,1,-1,1
777214,3,bottom,1,2,1,0,1,-1,1
777214,3,bottom,2,3,1,0,1,-1,1
777214,3,bottom,3,1,1,0,1,-1,1
777214,4,top,0,2,2,0,1,-1,1
777214,4,top,0,4,2,0,1,-1,1
777214,4,top,1,1,3,0,1,-1,1
777214,4,top,1,1,1,0,1,-1,1
777214,4,top,3,0,1,0,1,-1,1
777214,4,bottom,0,0,1,1,1,0,1
777214,4,bottom,1,3,1,1,1,0,1
777214,4,bottom,2,0,2,1,1,0,1
777214,4,bottom,2,1,1,1,1,0,1
777214,4,bottom,3,1,2,2,1,1,1
777214,5,top,0,3,2,2,1,1,1
777214,5,top,1,1,3,2,1,1,1
777214,5,top,2,0,3,2,1,1,1
777214,5,top,2,4,2,2,1,1,1
777214,5,top,2,2,1,2,2,0,1
777214,5,top,2,4,1,2,2,0,1
777214,5,top,3,0,0,2,2,0,1
777214,5,bottom,0,1,2,2,2,0,1
777214,5,bottom,1,0,0,2,2,0,1
777214,5,bottom,2,1,0,2,2,0,1
777214,5,bottom,3,1,0,2,2,0,1
777214,6,top,0,0,2,2,2,0,1
777214,6,top,1,1,2,2,2,0,1
777214,6,top,2,2,3,2,2,0,1
777214,6,top,2,0,1,2,2,0,1
777214,6,top,3,0,1,2,2,0,1
777214,6,bottom,0,4,1,2,2,0,1
777214,6,bottom,0,1,1,2,2,0,1
777214,6,bottom,0,3,0,3,2,1,1
777214,6,bottom,2,2,2,3,2,1,1
777214,6,bottom,3,1,1,3,2,1,1
777214,7,top,1,3,3,3,2,1,1
777214,7,top,1,4,2,3,2,1,1
777214,7,top,2,0,3,3,2,1,1
777214,7,top,3,2,3,3,2,1,1
777214,7,bottom,1,0,3,3,2,1,1
777214,7,bottom,2,3,2,3,2,1,1
777214,7,bottom,3,1,2,3,2,1,1
777214,8,top,1,1,3,3,2,1,1
777214,8,top,2,2,1,3,2,1,1
777214,8,top,2,0,0,3,2,1,1
777214,8,top,2,4,1,3,2,1,1
777214,8,top,3,0,1,3,2,1,1
777214,8,bottom,1,2,3,3,2,1,1
777214,8,bottom,2,2,3,3,2,1,1
777214,8,bottom,3,3,1,3,2,1,1
777214,9,top,1,0,1,3,2,1,1
777214,9,top,2,0,3,3,2,1,1
777214,9,top,3,1,0,3,2,1,1
777212,1,top,1,2,1,0,0,0,1
777212,1,top,2,2,3,0,0,0,1
777212,1,top,2,4,1,0,0,0,1
777212,1,top,3,1,2,0,0,0,1
777212,1,bottom,1,1,3,0,0,0,1
777212,1,bottom,2,2,1,0,0,0,1
777212,1,bottom,3,0,0,0,0,0,1
777212,2,top,1,0,1,0,0,0,1
777212,2,top,2,2,1,0,0,0,1
777212,2,top,3,2,1,0,0,0,1
777212,2,bottom,1,0,1,0,0,0,1
777212,2,bottom,1,1,2,0,0,0,1
777212,2,bottom,2,0,3,0,0,0,1
777212,2,bottom,2,4,2,0,0,0,1
777212,2,bottom,2,1,1,1,0,1,1
777212,2,bottom,3,2,3,1,0,1,1
777212,3,top,1,2,1,1,0,1,1
777212,3,top,2,1,3,1,0,1,1
777212,3,top,2,4,1,1,0,1,1
777212,3,top,3,0,1,1,0,1,1
777212,3,bottom,1,0,0,1,0,1,1
777212,3,bottom,2,0,3,1,0,1,1
777212,3,bottom,2,4,0,1,0,1,1
777212,3,bottom,3,1,0,1,0,1,1
777212,4,top,0,4,1,1,0,1,1
777212,4,top,0,3,2,1,1,0,1
777212,4,top,1,0,0,1,1,0,1
777212,4,top,2,0,1,1,1,0,1
777212,4,top,3,0,0,1,1,0,1
777212,4,bottom,1,1,1,1,1,0,1
777212,4,bottom,2,0,2,1,1,0,1
777212,4,bottom,3,1,0,1,1,0,1
777212,5,top,1,1,0,1,1,0,1
777212,5,top,1,2,0,1,2,-1,1
777212,5,top,1,1,0,1,3,-2,1
777212,5,top,2,1,2,1,3,-2,1
777212,5,top,3,0,0,1,3,-2,1
777212,5,bottom,1,0,0,1,3,-2,1
777212,5,bottom,2,3,1,1,3,-2,1
777212,5,bottom,2,3,2,1,3,-2,1
777212,5,bottom,3,2,2,1,3,-2,1
777212,6,top,0,1,2,1,3,-2,1
777212,6,top,0,1,2,1,5,-4,1
777212,6,top,0,1,2,1,5,-4,1
777212,6,top,0,4,1,1,5,-4,1
777212,6,top,0,1,2,1,5,-4,1
777212,6,top,0,0,0,1,7,-6,1
777212,6,top,1,0,0,1,8,-7,1
777212,6,top,2,0,2,1,8,-7,1
777212,6,top,2,4,0,1,8,-7,1
777212,6,top,3,0,0,1,8,-7,1
777212,6,bottom,1,1,0,1,8,-7,1
777212,6,bottom,2,1,1,1,8,-7,1
777212,6,bottom,3,0,0,1,8,-7,1
777212,7,top,1,1,2,1,8,-7,1
777212,7,top,2,2,3,1,8,-7,1
777212,7,top,3,3,3,1,8,-7,1
777212,7,bottom,1,2,3,1,8,-7,1
777212,7,bottom,1,1,1,1,8,-7,1
777212,7,bottom,2,1,2,1,8,-7,1
777212,7,bottom,2,2,1,1,8,-7,1
777212,7,bottom,2,2,2,3,8,-5,1
777212,7,bottom,3,2,1,3,8,-5,1
777212,8,top,1,1,1,3,8,-5,1
777212,8,top,2,0,1,3,8,-5,1
777212,8,top,3,1,1,3,8,-5,1
777212,8,bottom,1,2,1,3,8,-5,1
777212,8,bottom,1,2,1,3,8,-5,1
777212,8,bottom,1,4,2,3,8,-5,1
777212,8,bottom,1,0,2,4,8,-4,1
777212,8,bottom,2,1,3,4,8,-4,1
777212,8,bottom,3,1,0,4,8,-4,1
777212,9,top,1,0,1,4,8,-4,1
777212,9,top,2,3,2,4,8,-4,1
777212,9,top,3,1,1,4,8,-4,1
777212,9,bottom,1,0,0,4,8,-4,1
777212,9,bottom,1,0,0,4,8,-4,1
777212,9,bottom,1,1,1,4,8,-4,1
777212,9,bottom,2,1,0,4,8,-4,1
777212,9,bottom,3,2,2,4,8,-4,1
777188,1,top,1,1,2,0,0,0,1
777188,1,top,1,3,2,0,0,0,1
777188,1,top,2,0,0,0,0,0,1
777188,1,top,2,4,0,0,0,0,1
777188,1,top,3,2,2,0,0,0,1
777188,1,bottom,0,1,0,0,0,0,1
777188,1,bottom,0,2,2,0,0,0,1
777188,1,bottom,1,0,0,0,0,0,1
777188,1,bottom,3,1,2,0,0,0,1
777188,2,top,1,0,1,0,0,0,1
777188,2,top,2,1,0,0,0,0,1
777188,2,top,3,1,2,0,0,0,1
777188,2,bottom,0,4,2,0,0,0,1
777188,2,bottom,1,0,2,0,0,0,1
777188,2,bottom,1,3,1,0,0,0,1
777188,2,bottom,3,1,0,0,0,0,1
777188,3,top,0,3,2,0,1,-1,1
777188,3,top,1,1,0,0,1,-1,1
777188,3,top,1,4,2,0,1,-1,1
777188,3,top,1,0,0,0,2,-2,1
777188,3,top,1,1,1,0,2,-2,1
777188,3,top,1,0,1,0,3,-3,1
777188,3,top,1,0,0,0,4,-4,1
777188,3,top,2,0,1,0,5,-5,1
777188,3,top,3,1,2,0,5,-5,1
777188,3,bottom,1,1,2,0,5,-5,1
777188,3,bottom,2,2,2,0,5,-5,1
777188,3,bottom,3,1,2,0,5,-5,1
777188,4,top,1,3,2,0,5,-5,1
777188,4,top,1,3,1,0,5,-5,1
777188,4,top,1,1,0,0,5,-5,1
777188,4,top,2,1,1,0,5,-5,1
777188,4,top,3,1,1,0,5,-5,1
777188,4,bottom,1,1,1,0,5,-5,1
777188,4,bottom,2,3,3,0,5,-5,1
777188,4,bottom,3,2,2,0,5,-5,1
777188,5,top,1,1,3,0,5,-5,1
777188,5,top,2,2,2,0,5,-5,1
777188,5,top,2,0,0,0,5,-5,1
777188,5,top,3,0,0,0,5,-5,1
777188,5,bottom,0,0,0,0,5,-5,1
777188,5,bottom,1,1,1,0,5,-5,1
777188,5,bottom,3,2,1,0,5,-5,1
777188,6,top,1,3,2,0,5,-5,1
777188,6,top,1,2,1,0,5,-5,1
777188,6,top,1,4,2,0,5,-5,1
777188,6,top,2,0,0,0,6,-6,1
777188,6,top,2,4,0,0,6,-6,1
777188,6,top,3,0,0,0,6,-6,1
777188,6,bottom,0,0,1,1,6,-5,1
777188,6,bottom,1,1,1,1,6,-5,1
777188,6,bottom,2,0,0,1,6,-5,1
777188,6,bottom,3,3,2,1,6,-5,1
777188,7,top,0,2,2,1,6,-5,1
777188,7,top,0,1,1,1,6,-5,1
777188,7,top,1,0,0,1,6,-5,1
777188,7,top,2,0,3,1,6,-5,1
777188,7,top,2,3,1,1,6,-5,1
777172,1,top,0,0,0,0,0,0,0
777172,1,top,0,1,2,0,0,0,0
777172,1,top,2,1,1,0,0,0,0
777172,1,top,3,0,2,0,0,0,0
777172,1,bottom,1,2,1,0,0,0,0
777172,1,bottom,2,3,3,0,0,0,0
777172,1,bottom,3,2,3,0,0,0,0
777172,2,top,0,2,2,0,0,0,0
777172,2,top,1,0,2,0,0,0,0
777172,2,top,1,4,2,0,0,0,0
777172,2,top,1,0,1,0,1,-1,0
777172,2,top,3,0,1,0,1,-1,0
777172,2,bottom,0,3,1,0,1,-1,0
777172,2,bottom,1,2,0,0,1,-1,0
777172,2,bottom,2,2,3,0,1,-1,0
777172,2,bottom,3,0,3,0,1,-1,0
777172,3,top,1,2,2,0,1,-1,0
777172,3,top,1,0,1,0,1,-1,0
777172,3,top,2,1,1,0,1,-1,0
777172,3,top,3,1,1,0,1,-1,0
777172,3,bottom,1,0,1,0,1,-1,0
777172,3,bottom,2,3,3,0,1,-1,0
777172,3,bottom,3,2,2,0,1,-1,0
777172,4,top,1,0,1,0,1,-1,0
777172,4,top,2,1,3,0,1,-1,0
777172,4,top,3,1,0,0,1,-1,0
777172,4,bottom,0,0,0,0,1,-1,0
777172,4,bottom,1,1,3,0,1,-1,0
777172,4,bottom,1,0,0,1,1,0,0
777172,4,bottom,1,4,0,1,1,0,0
777172,4,bottom,1,0,1,2,1,1,0
777172,4,bottom,2,0,3,2,1,1,0
777172,4,bottom,3,0,1,2,1,1,0
777172,5,top,1,1,2,2,1,1,0
777172,5,top,2,0,3,2,1,1,0
777172,5,top,3,0,0,2,1,1,0
777172,5,bottom,0,1,2,2,1,1,0
777172,5,bottom,1,2,2,2,1,1,0
777172,5,bottom,2,0,3,2,1,1,0
777172,5,bottom,2,2,1,2,1,1,0
777172,5,bottom,2,2,2,2,1,1,0
777172,5,bottom,3,0,0,2,1,1,0
777172,6,top,0,0,1,2,1,1,0
777172,6,top,0,4,0,2,1,1,0
777172,6,top,1,1,2,2,1,1,0
777172,6,top,3,1,2,2,1,1,0
777172,6,bottom,1,2,0,2,1,1,0
777172,6,bottom,2,2,3,2,1,1,0
777172,6,bottom,3,1,3,2,1,1,0
777172,7,top,0,2,2,2,1,1,0
777172,7,top,1,1,1,2,1,1,0
777172,7,top,2,0,0,2,1,1,0
777172,7,top,3,2,1,2,1,1,0
777172,7,bottom,1,1,2,2,1,1,0
777172,7,bottom,2,2,2,2,1,1,0
777172,7,bottom,3,3,3,2,1,1,0
777172,8,top,1,1,2,2,1,1,0
777172,8,top,2,0,3,2,1,1,0
777172,8,top,2,1,1,2,1,1,0
777172,8,top,3,1,0,2,1,1,0
777172,8,bottom,0,2,2,2,1,1,0
777172,8,bottom,1,2,2,2,1,1,0
777172,8,bottom,2,0,3,2,1,1,0
777172,8,bottom,3,0,2,2,1,1,0
777172,9,top,1,0,3,2,1,1,0
777172,9,top,2,1,3,2,1,1,0
777172,9,top,2,3,2,2,1,1,0
777172,9,top,3,1,2,2,1,1,0
777152,1,top,0,2,2,0,0,0,1
777152,1,top,2,0,1,0,0,0,1
777152,1,top,2,4,1,0,0,0,1
777152,1,top,3,2,3,0,0,0,1
777152,1,bottom,1,0,0,0,0,0,1
777152,1,bottom,2,0,3,0,0,0,1
777152,1,bottom,2,3,2,0,0,0,1
777152,1,bottom,3,1,2,0,0,0,1
777152,2,top,1,0,0,0,0,0,1
777152,2,top,1,2,2,0,0,0,1
777152,2,top,1,1,0,0,0,0,1
777152,2,top,2,1,3,0,0,0,1
777152,2,top,3,1,3,0,0,0,1
777152,2,bottom,1,1,0,0,0,0,1
777152,2,bottom,2,0,0,0,0,0,1
777152,2,bottom,3,2,3,0,0,0,1
777152,3,top,1,1,2,0,0,0,1
777152,3,top,2,2,2,0,0,0,1
777152,3,top,3,2,3,0,0,0,1
777152,3,bottom,1,1,3,0,0,0,1
777152,3,bottom,2,3,3,0,0,0,1
777152,3,bottom,3,0,3,0,0,0,1
777152,4,top,0,0,0,0,0,0,1
777152,4,top,1,3,3,0,0,0,1
777152,4,top,1,4,0,0,0,0,1
777152,4,top,1,4,2,0,0,0,1
777152,4,top,2,1,0,0,1,-1,1
777152,4,top,3,1,3,0,1,-1,1
777152,4,bottom,1,2,3,0,1,-1,1
777152,4,bottom,1,4,1,0,1,-1,1
777152,4,bottom,2,1,1,0,1,-1,1
777152,4,bottom,2,0,1,0,1,-1,1
777152,4,bottom,3,1,1,0,1,-1,1
777152,5,top,1,0,3,0,1,-1,1
777152,5,top,1,0,1,0,1,-1,1
777152,5,top,1,0,0,0,1,-1,1
777152,5,top,2,1,3,0,1,-1,1
777152,5,top,2,1,2,0,2,-2,1
777152,5,top,2,2,1,0,4,-4,1
777152,5,top,2,2,2,0,4,-4,1
777152,5,top,2,4,2,0,4,-4,1
777152,5,top,2,0,0,0,5,-5,1
777152,5,top,2,2,0,0,7,-7,1
777152,5,top,3,1,3,0,7,-7,1
777152,5,bottom,1,1,1,0,7,-7,1
777152,5,bottom,2,2,3,0,7,-7,1
777152,5,bottom,3,0,3,0,7,-7,1
777152,6,top,1,0,1,0,7,-7,1
777152,6,top,1,0,0,0,7,-7,1
777152,6,top,2,1,3,0,7,-7,1
777152,6,top,3,0,1,0,7,-7,1
777152,6,bottom,1,3,2,0,7,-7,1
777152,6,bottom,1,3,2,0,7,-7,1
777152,6,bottom,1,0,0,2,7,-5,1
777152,6,bottom,2,1,2,2,7,-5,1
777152,6,bottom,2,0,0,3,7,-4,1
777152,6,bottom,3,2,2,3,7,-4,1
777152,7,top,1,2,2,3,7,-4,1
777152,7,top,2,1,1,3,7,-4,1
777152,7,top,2,1,0,3,7,-4,1
777152,7,top,2,4,0,3,7,-4,1
777152,7,top,3,2,1,3,7,-4,1
777152,7,bottom,0,2,0,3,7,-4,1
777152,7,bottom,0,2,2,3,7,-4,1
777152,7,bottom,1,2,2,3,7,-4,1
777152,7,bottom,2,1,3,3,7,-4,1
777152,7,bottom,3,3,3,3,7,-4,1
777152,8,top,0,0,0,3,7,-4,1
777152,8,top,1,0,0,3,7,-4,1
777152,8,top,2,2,2,3,7,-4,1
777152,8,top,3,0,1,3,7,-4,1
777152,8,bottom,1,3,3,3,7,-4,1
777152,8,bottom,2,3,3,3,7,-4,1
777152,8,bottom,3,2,3,3,7,-4,1
777152,9,top,0,1,2,3,7,-4,1
777152,9,top,2,1,0,3,7,-4,1
777152,9,top,3,3,3,3,7,-4,1
777152,9,bottom,1,2,2,3,7,-4,1
777152,9,bottom,1,1,0,4,7,-3,1
777152,9,bottom,1,4,2,4,7,-3,1
777152,9,bottom,1,1,0,4,7,-3,1
777152,9,bottom,2,1,3,4,7,-3,1
777152,9,bottom,2,3,2,6,7,-1,1
777152,9,bottom,3,3,3,6,7,-1,1
777132,1,top,1,3,2,0,0,0,0
777132,1,top,2,1,3,0,0,0,0
777132,1,top,2,4,2,0,0,0,0
777132,1,top,3,1,0,0,0,0,0
777132,1,bottom,0,4,2,0,0,0,0
777132,1,bottom,1,0,3,0,0,0,0
777132,1,bottom,2,2,3,0,0,0,0
777132,1,bottom,2,2,2,0,0,0,0
777132,1,bottom,3,1,1,0,0,0,0
777132,2,top,1,0,1,0,0,0,0
777132,2,top,2,2,3,0,0,0,0
777132,2,top,2,2,0,0,1,-1,0
777132,2,top,2,4,2,0,1,-1,0
777132,2,top,3,3,2,0,1,-1,0
777132,2,bottom,1,0,2,0,1,-1,0
777132,2,bottom,2,2,0,0,1,-1,0
777132,2,bottom,3,2,1,0,1,-1,0
777132,3,top,0,1,0,0,1,-1,0
777132,3,top,1,3,1,0,1,-1,0
777132,3,top,2,1,3,0,1,-1,0
777132,3,top,2,2,2,0,2,-2,0
777132,3,top,3,1,0,0,2,-2,0
777132,3,bottom,0,1,2,0,2,-2,0
777132,3,bottom,0,1,1,1,2,-1,0
777132,3,bottom,1,0,0,1,2,-1,0
777132,3,bottom,1,1,2,1,2,-1,0
777132,3,bottom,1,3,2,2,2,0,0
777132,3,bottom,2,1,0,2,2,0,0
777132,3,bottom,3,3,1,2,2,0,0
777132,4,top,1,3,3,2,2,0,0
777132,4,top,2,1,1,2,2,0,0
777132,4,top,3,2,2,2,2,0,0
777132,4,bottom,1,2,2,2,2,0,0
777132,4,bottom,2,1,2,2,2,0,0
777132,4,bottom,3,1,2,2,2,0,0
777132,5,top,0,0,1,2,2,0,0
777132,5,top,1,0,2,2,2,0,0
777132,5,top,2,0,0,2,2,0,0
777132,5,top,3,1,3,2,2,0,0
777132,5,bottom,0,4,2,2,2,0,0
777132,5,bottom,2,1,2,2,2,0,0
777132,5,bottom,2,2,2,2,2,0,0
777132,5,bottom,2,2,2,4,2,2,0
777132,5,bottom,3,0,0,4,2,2,0
777132,6,top,1,0,1,4,2,2,0
777132,6,top,1,4,2,4,2,2,0
777132,6,top,2,1,3,4,2,2,0
777132,6,top,3,3,3,4,2,2,0
777132,6,bottom,1,2,1,4,2,2,0
777132,6,bottom,1,0,0,4,2,2,0
777132,6,bottom,2,1,3,4,2,2,0
777132,6,bottom,3,0,3,4,2,2,0
777132,7,top,1,3,3,4,2,2,0
777132,7,top,2,2,3,4,2,2,0
777132,7,top,2,2,2,4,2,2,0
777132,7,top,3,1,1,4,2,2,0
777132,7,bottom,1,3,3,4,2,2,0
777132,7,bottom,1,0,1,4,2,2,0
777132,7,bottom,2,0,0,4,2,2,0
777132,7,bottom,2,4,0,4,2,2,0
777132,7,bottom,3,0,0,4,2,2,0
777132,8,top,0,4,0,4,2,2,0
777132,8,top,0,1,0,4,2,2,0
777132,8,top,1,0,2,4,3,1,0
777132,8,top,2,3,3,4,3,1,0
777132,8,top,3,3,3,4,3,1,0
777132,8,bottom,1,2,3,4,3,1,0
777132,8,bottom,1,1,2,4,3,1,0
777132,8,bottom,2,2,1,4,3,1,0
777132,8,bottom,3,3,2,4,3,1,0
777132,9,top,0,4,2,4,3,1,0
777132,9,top,1,1,0,4,3,1,0
777132,9,top,2,3,3,4,3,1,0
777132,9,top,3,1,3,4,3,1,0
777116,1,top,1,0,1,0,0,0,0
777116,1,top,2,1,1,0,0,0,0
777116,1,top,3,3,2,0,0,0,0
777116,1,bottom,0,4,2,0,0,0,0
777116,1,bottom,1,1,2,0,0,0,0
777116,1,bottom,2,2,0,0,0,0,0
777116,1,bottom,2,4,0,0,0,0,0
777116,1,bottom,3,1,1,0,0,0,0
777116,2,top,1,2,2,0,0,0,0
777116,2,top,2,3,3,0,0,0,0
777116,2,top,3,0,1,0,0,0,0
777116,2,bottom,0,3,1,0,0,0,0
777116,2,bottom,1,1,1,0,0,0,0
777116,2,bottom,1,0,1,2,0,2,0
777116,2,bottom,2,0,2,2,0,2,0
777116,2,bottom,2,2,1,2,0,2,0
777116,2,bottom,3,3,3,2,0,2,0
777116,3,top,1,0,2,2,0,2,0
777116,3,top,2,1,1,2,0,2,0
777116,3,top,3,0,0,2,0,2,0
777116,3,bottom,0,0,0,2,0,2,0
777116,3,bottom,1,0,0,2,0,2,0
777116,3,bottom,1,1,2,4,0,4,0
777116,3,bottom,2,0,2,4,0,4,0
777116,3,bottom,3,3,2,4,0,4,0
777116,4,top,1,1,1,4,0,4,0
777116,4,top,2,2,3,4,0,4,0
777116,4,top,3,3,3,4,0,4,0
777116,4,bottom,0,4,2,4,0,4,0
777116,4,bottom,2,0,0,4,0,4,0
777116,4,bottom,3,0,2,4,0,4,0
777116,5,top,1,0,2,4,0,4,0
777116,5,top,2,1,1,4,0,4,0
777116,5,top,2,0,1,4,1,3,0
777116,5,top,3,1,3,4,1,3,0
777116,5,bottom,0,3,2,4,1,3,0
777116,5,bottom,0,0,0,6,1,5,0
777116,5,bottom,0,0,0,6,1,5,0
777116,5,bottom,1,3,3,6,1,5,0
777116,5,bottom,2,2,1,6,1,5,0
777116,5,bottom,3,2,2,6,1,5,0
777116,6,top,1,2,2,6,1,5,0
777116,6,top,2,0,3,6,1,5,0
777116,6,top,3,0,1,6,1,5,0
777116,6,bottom,1,1,2,6,1,5,0
777116,6,bottom,2,1,3,6,1,5,0
777116,6,bottom,3,0,0,6,1,5,0
777116,7,top,1,3,2,6,1,5,0
777116,7,top,1,2,2,6,1,5,0
777116,7,top,2,0,1,6,1,5,0
777116,7,top,2,2,0,6,3,3,0
777116,7,top,3,3,3,6,3,3,0
777116,7,bottom,0,0,0,6,3,3,0
777116,7,bottom,1,3,3,6,3,3,0
777116,7,bottom,1,4,0,6,3,3,0
777116,7,bottom,2,3,3,6,3,3,0
777116,7,bottom,3,1,2,6,3,3,0
777116,8,top,1,3,3,6,3,3,0
777116,8,top,2,3,1,6,3,3,0
777116,8,top,3,1,3,6,3,3,0
777116,8,bottom,0,0,1,6,3,3,0
777116,8,bottom,1,2,3,6,3,3,0
777116,8,bottom,2,1,3,6,3,3,0
777116,8,bottom,2,4,2,6,3,3,0
777116,8,bottom,3,2,0,6,3,3,0
777116,9,top,1,1,3,6,3,3,0
777116,9,top,1,1,2,6,3,3,0
777116,9,top,3,3,2,6,3,3,0
777108,1,top,0,2,1,0,0,0,1
777108,1,top,0,0,1,0,0,0,1
777108,1,top,2,0,1,0,0,0,1
777108,1,top,3,1,1,0,0,0,1
777108,1,bottom,1,1,2,0,0,0,1
777108,1,bottom,1,2,2,0,0,0,1
777108,1,bottom,1,4,1,0,0,0,1
777108,1,bottom,3,0,1,0,0,0,1
777108,2,top,1,3,3,0,0,0,1
777108,2,top,1,1,2,0,0,0,1
777108,2,top,1,3,1,0,0,0,1
777108,2,top,3,0,1,0,0,0,1
777108,2,bottom,0,1,0,0,0,0,1
777108,2,bottom,0,0,0,0,0,0,1
777108,2,bottom,0,2,0,1,0,1,1
777108,2,bottom,1,1,0,1,0,1,1
777108,2,bottom,1,1,1,3,0,3,1
777108,2,bottom,1,2,2,4,0,4,1
777108,2,bottom,1,0,0,4,0,4,1
777108,2,bottom,2,1,0,4,0,4,1
777108,2,bottom,2,3,2,4,0,4,1
777108,2,bottom,3,1,2,4,0,4,1
777108,3,top,1,0,0,4,0,4,1
777108,3,top,2,2,2,4,0,4,1
777108,3,top,2,2,2,4,0,4,1
777108,3,top,2,0,0,4,0,4,1
777108,3,top,3,1,0,4,0,4,1
777108,3,bottom,0,0,2,4,0,4,1
777108,3,bottom,0,0,0,4,0,4,1
777108,3,bottom,2,2,2,4,0,4,1
777108,3,bottom,2,4,2,4,0,4,1
777108,3,bottom,3,0,1,4,0,4,1
777108,4,top,1,2,3,4,0,4,1
777108,4,top,2,2,2,4,0,4,1
777108,4,top,3,2,3,4,0,4,1
777108,4,bottom,1,1,1,4,0,4,1
777108,4,bottom,2,0,0,4,0,4,1
777108,4,bottom,3,0,1,4,0,4,1
777108,5,top,1,0,0,4,0,4,1
777108,5,top,1,2,2,4,0,4,1
777108,5,top,2,3,3,4,0,4,1
777108,5,top,3,0,3,4,0,4,1
777108,5,bottom,1,1,2,4,0,4,1
777108,5,bottom,2,2,2,4,0,4,1
777108,5,bottom,3,2,3,4,0,4,1
777108,6,top,0,1,2,4,0,4,1
777108,6,top,1,1,1,4,0,4,1
777108,6,top,2,0,1,4,0,4,1
777108,6,top,3,2,1,4,0,4,1
777108,6,bottom,1,1,1,4,0,4,1
777108,6,bottom,2,2,2,4,0,4,1
777108,6,bottom,3,1,2,4,0,4,1
777108,7,top,1,0,0,4,0,4,1
777108,7,top,1,0,1,4,0,4,1
777108,7,top,1,3,1,4,0,4,1
777108,7,top,2,3,3,4,0,4,1
777108,7,top,3,2,3,4,0,4,1
777108,7,bottom,0,1,2,4,0,4,1
777108,7,bottom,2,0,1,4,0,4,1
777108,7,bottom,3,1,3,4,0,4,1
777108,8,top,1,1,3,4,0,4,1
777108,8,top,2,2,3,4,0,4,1
777108,8,top,2,0,0,4,0,4,1
777108,8,top,3,3,2,4,0,4,1
777108,8,bottom,1,1,0,4,0,4,1
777108,8,bottom,2,1,1,4,0,4,1
777108,8,bottom,2,4,2,4,0,4,1
777108,8,bottom,3,0,0,4,0,4,1
777108,9,top,1,0,3,4,0,4,1
777108,9,top,2,1,3,4,0,4,1
777108,9,top,3,2,3,4,0,4,1
777094,1,top,1,2,3,0,0,0,1
777094,1,top,2,2,2,0,0,0,1
777094,1,top,3,2,3,0,0,0,1
777094,1,bottom,0,0,0,0,0,0,1
777094,1,bottom,0,4,1,0,0,0,1
777094,1,bottom,2,0,0,0,0,0,1
777094,1,bottom,3,2,1,0,0,0,1
777094,2,top,1,1,3,0,0,0,1
777094,2,top,2,2,3,0,0,0,1
777094,2,top,3,2,3,0,0,0,1
777094,2,bottom,0,0,0,0,0,0,1
777094,2,bottom,0,0,0,0,0,0,1
777094,2,bottom,1,0,0,0,0,0,1
777094,2,bottom,2,0,3,0,0,0,1
777094,2,bottom,2,2,1,0,0,0,1
777094,2,bottom,3,1,0,0,0,0,1
777094,3,top,1,2,1,0,0,0,1
777094,3,top,2,1,2,0,0,0,1
777094,3,top,3,3,2,0,0,0,1
777094,3,bottom,1,2,2,0,0,0,1
777094,3,bottom,1,0,2,0,0,0,1
777094,3,bottom,3,0,1,0,0,0,1
777094,4,top,1,0,2,0,0,0,1
777094,4,top,2,0,2,0,0,0,1
777094,4,top,3,0,2,0,0,0,1
777094,4,bottom,0,0,1,0,0,0,1
777094,4,bottom,1,2,2,0,0,0,1
777094,4,bottom,2,0,1,0,0,0,1
777094,4,bottom,3,1,1,0,0,0,1
777094,5,top,1,1,3,0,0,0,1
777094,5,top,1,1,0,0,1,-1,1
777094,5,top,2,2,3,0,1,-1,1
777094,5,top,3,0,2,0,1,-1,1
777094,5,bottom,1,0,2,0,1,-1,1
777094,5,bottom,2,0,1,0,1,-1,1
777094,5,bottom,2,0,0,0,1,-1,1
777094,5,bottom,3,2,2,0,1,-1,1
777094,6,top,0,0,0,0,1,-1,1
777094,6,top,1,0,0,0,1,-1,1
777094,6,top,2,1,1,0,2,-2,1
777094,6,top,3,1,2,0,2,-2,1
777094,6,bottom,0,0,0,0,2,-2,1
777094,6,bottom,0,0,2,0,2,-2,1
777094,6,bottom,1,1,2,0,2,-2,1
777094,6,bottom,1,3,2,1,2,-1,1
777094,6,bottom,1,2,0,3,2,1,1
777094,6,bottom,1,0,1,4,2,2,1
777094,6,bottom,2,0,0,4,2,2,1
777094,6,bottom,3,2,0,4,2,2,1
777094,7,top,1,2,2,4,2,2,1
777094,7,top,2,1,2,4,2,2,1
777094,7,top,2,1,0,4,3,1,1
777094,7,top,3,1,1,4,3,1,1
777094,7,bottom,1,1,0,4,3,1,1
777094,7,bottom,2,3,3,4,3,1,1
777094,7,bottom,2,0,2,4,3,1,1
777094,7,bottom,3,0,2,4,3,1,1
777094,8,top,1,1,2,4,3,1,1
777094,8,top,2,0,0,4,3,1,1
777094,8,top,3,3,3,4,3,1,1
777094,8,bottom,1,0,1,4,3,1,1
777094,8,bottom,1,1,0,4,3,1,1
777094,8,bottom,1,0,1,6,3,3,1
777094,8,bottom,2,1,3,6,3,3,1
777094,8,bottom,3,0,0,6,3,3,1
777094,9,top,0,0,0,6,3,3,1
777094,9,top,1,1,3,6,3,3,1
777094,9,top,3,1,2,6,3,3,1
777079,1,top,0,1,0,0,0,0,1
777079,1,top,0,2,2,0,1,-1,1
777079,1,top,1,1,1,0,1,-1,1
777079,1,top,3,1,2,0,1,-1,1
777079,1,bottom,1,0,1,0,1,-1,1
777079,1,bottom,2,3,3,0,1,-1,1
777079,1,bottom,2,1,0,1,1,0,1
777079,1,bottom,3,2,0,1,1,0,1
777079,2,top,1,0,0,1,1,0,1
777079,2,top,2,0,1,1,1,0,1
777079,2,top,2,1,2,1,1,0,1
777079,2,top,3,2,0,1,1,0,1
777079,2,bottom,0,4,2,1,1,0,1
777079,2,bottom,1,3,1,1,1,0,1
777079,2,bottom,2,4,2,1,1,0,1
777079,2,bottom,3,3,3,1,1,0,1
777079,3,top,0,1,2,1,1,0,1
777079,3,top,1,1,3,1,1,0,1
777079,3,top,3,0,0,1,1,0,1
777079,3,bottom,1,2,2,1,1,0,1
777079,3,bottom,1,2,2,1,1,0,1
777079,3,bottom,2,2,0,1,1,0,1
777079,3,bottom,2,4,0,1,1,0,1
777079,3,bottom,2,2,2,3,1,2,1
777079,3,bottom,3,0,1,3,1,2,1
777079,4,top,1,3,3,3,1,2,1
777079,4,top,2,0,1,3,1,2,1
777079,4,top,3,1,3,3,1,2,1
777079,4,bottom,1,0,2,3,1,2,1
777079,4,bottom,1,4,2,3,1,2,1
777079,4,bottom,2,1,3,3,1,2,1
777079,4,bottom,2,4,0,3,1,2,1
777079,4,bottom,3,0,0,3,1,2,1
777079,5,top,0,3,2,3,1,2,1
777079,5,top,0,4,1,3,1,2,1
777079,5,top,1,3,2,3,1,2,1
777079,5,top,1,2,0,3,2,1,1
777079,5,top,2,0,0,3,2,1,1
777079,5,top,3,2,3,3,2,1,1
777079,5,bottom,0,1,1,4,2,2,1
777079,5,bottom,1,0,0,4,2,2,1
777079,5,bottom,1,2,2,4,2,2,1
777079,5,bottom,1,3,2,5,2,3,1
777079,5,bottom,1,0,2,7,2,5,1
777079,5,bottom,2,0,0,7,2,5,1
777079,5,bottom,3,1,1,7,2,5,1
777079,6,top,0,2,1,7,2,5,1
777079,6,top,1,3,3,7,2,5,1
777079,6,top,2,0,1,7,2,5,1
777079,6,top,2,0,1,7,4,3,1
777079,6,top,2,3,2,7,4,3,1
777079,6,top,2,3,2,7,5,2,1
777079,6,top,2,4,2,7,5,2,1
777079,6,top,3,0,2,7,6,1,1
777079,6,bottom,1,1,3,7,6,1,1
777079,6,bottom,2,1,2,7,6,1,1
777079,6,bottom,2,3,1,7,6,1,1
777079,6,bottom,2,1,1,8,6,2,1
777079,6,bottom,3,0,0,8,6,2,1
777079,7,top,0,2,2,8,6,2,1
777079,7,top,1,2,3,8,6,2,1
777079,7,top,2,0,3,8,6,2,1
777079,7,top,3,1,1,8,6,2,1
777079,7,bottom,1,3,3,8,6,2,1
777079,7,bottom,2,0,3,8,6,2,1
777079,7,bottom,3,1,3,8,6,2,1
777079,8,top,1,3,3,8,6,2,1
777079,8,top,2,2,3,8,6,2,1
777079,8,top,3,1,2,8,6,2,1
777079,8,bottom,1,0,1,8,6,2,1
777079,8,bottom,2,1,2,8,6,2,1
777079,8,bottom,3,0,1,8,6,2,1
777079,9,top,1,1,0,8,6,2,1
777079,9,top,2,2,0,8,6,2,1
777079,9,top,3,1,0,8,6,2,1
777066,1,top,1,1,3,0,0,0,1
777066,1,top,2,2,3,0,0,0,1
777066,1,top,3,0,0,0,0,0,1
777066,1,bottom,1,1,0,0,0,0,1
777066,1,bottom,2,0,1,0,0,0,1
777066,1,bottom,3,1,1,0,0,0,1
777066,2,top,1,2,2,0,0,0,1
777066,2,top,2,2,2,0,0,0,1
777066,2,top,2,1,2,0,0,0,1
777066,2,top,3,0,2,0,0,0,1
777066,2,bottom,1,3,2,0,0,0,1
777066,2,bottom,1,0,2,0,0,0,1
777066,2,bottom,1,4,2,0,0,0,1
777066,2,bottom,2,2,3,0,0,0,1
777066,2,bottom,2,4,0,0,0,0,1
777066,2,bottom,3,0,0,0,0,0,1
777066,3,top,1,0,0,0,0,0,1
777066,3,top,2,0,0,0,0,0,1
777066,3,top,2,3,1,0,0,0,1
777066,3,top,2,4,0,0,0,0,1
777066,3,top,3,2,3,0,0,0,1
777066,3,bottom,1,1,0,0,0,0,1
777066,3,bottom,2,2,3,0,0,0,1
777066,3,bottom,2,4,0,0,0,0,1
777066,3,bottom,3,0,2,0,0,0,1
777066,4,top,0,0,0,0,1,-1,1
777066,4,top,1,0,0,0,1,-1,1
777066,4,top,2,1,3,0,1,-1,1
777066,4,top,3,0,3,0,1,-1,1
777066,4,bottom,0,1,1,0,1,-1,1
777066,4,bottom,1,0,0,0,1,-1,1
777066,4,bottom,2,1,3,0,1,-1,1
777066,4,bottom,2,4,2,0,1,-1,1
777066,4,bottom,2,0,1,0,1,-1,1
777066,4,bottom,3,0,1,0,1,-1,1
777066,5,top,1,2,1,0,1,-1,1
777066,5,top,1,0,1,0,1,-1,1
777066,5,top,2,0,0,0,1,-1,1
777066,5,top,3,2,2,0,1,-1,1
777066,5,bottom,0,4,2,0,1,-1,1
777066,5,bottom,0,2,1,0,1,-1,1
777066,5,bottom,0,0,1,2,1,1,1
777066,5,bottom,1,1,1,2,1,1,1
777066,5,bottom,2,3,2,2,1,1,1
777066,5,bottom,2,0,0,3,1,2,1
777066,5,bottom,2,3,2,4,1,3,1
777066,5,bottom,3,0,3,4,1,3,1
777066,6,top,0,4,1,4,1,3,1
777066,6,top,1,2,2,4,1,3,1
777066,6,top,2,0,3,4,1,3,1
777066,6,top,3,0,3,4,1,3,1
777066,6,bottom,1,1,0,4,1,3,1
777066,6,bottom,2,2,2,4,1,3,1
777066,6,bottom,2,4,2,4,1,3,1
777066,6,bottom,3,1,2,4,1,3,1
777066,7,top,1,1,0,4,1,3,1
777066,7,top,2,0,0,4,1,3,1
777066,7,top,3,0,3,4,1,3,1
777066,7,bottom,1,2,2,4,1,3,1
777066,7,bottom,2,1,2,4,1,3,1
777066,7,bottom,3,2,2,4,1,3,1
777066,8,top,0,4,2,4,1,3,1
777066,8,top,1,2,3,4,1,3,1
777066,8,top,1,0,0,4,1,3,1
777066,8,top,2,2,1,4,1,3,1
777066,8,top,3,0,1,4,1,3,1
777066,8,bottom,1,0,0,4,1,3,1
777066,8,bottom,2,2,0,4,1,3,1
777066,8,bottom,3,2,2,4,1,3,1
777066,9,top,1,1,3,4,1,3,1
777066,9,top,2,2,3,4,1,3,1
777066,9,top,3,1,3,4,1,3,1
777046,1,top,0,1,2,0,0,0,0
777046,1,top,0,0,0,0,0,0,0
777046,1,top,1,3,3,0,0,0,0
777046,1,top,1,3,2,0,3,-3,0
777046,1,top,2,1,1,0,3,-3,0
777046,1,top,3,1,0,0,3,-3,0
777046,1,bottom,1,0,2,0,3,-3,0
777046,1,bottom,1,4,0,0,3,-3,0
777046,1,bottom,1,1,2,0,3,-3,0
777046,1,bottom,2,0,3,0,3,-3,0
777046,1,bottom,2,1,1,1,3,-2,0
777046,1,bottom,3,0,3,1,3,-2,0
777046,2,top,1,0,3,1,3,-2,0
777046,2,top,2,2,2,1,3,-2,0
777046,2,top,3,2,2,1,3,-2,0
777046,2,bottom,1,1,1,1,3,-2,0
777046,2,bottom,1,1,2,1,3,-2,0
777046,2,bottom,1,4,2,1,3,-2,0
777046,2,bottom,2,0,1,1,3,-2,0
777046,2,bottom,2,4,2,1,3,-2,0
777046,2,bottom,3,0,1,1,3,-2,0
777046,3,top,1,1,2,1,3,-2,0
777046,3,top,1,0,1,1,3,-2,0
777046,3,top,2,1,1,1,3,-2,0
777046,3,top,2,4,2,1,3,-2,0
777046,3,top,3,2,3,1,3,-2,0
777046,3,bottom,1,0,0,1,3,-2,0
777046,3,bottom,2,1,3,1,3,-2,0
777046,3,bottom,3,1,1,1,3,-2,0
777046,4,top,1,0,0,1,3,-2,0
777046,4,top,2,1,2,1,3,-2,0
777046,4,top,3,0,3,1,3,-2,0
777046,4,bottom,1,1,2,1,3,-2,0
777046,4,bottom,2,1,0,1,3,-2,0
777046,4,bottom,2,1,1,1,3,-2,0
777046,4,bottom,3,1,2,1,3,-2,0
777046,5,top,1,3,2,1,3,-2,0
777046,5,top,2,3,2,1,3,-2,0
777046,5,top,2,2,2,1,4,-3,0
777046,5,top,3,3,2,1,4,-3,0
777046,5,bottom,0,2,1,1,4,-3,0
777046,5,bottom,0,0,2,1,4,-3,0
777046,5,bottom,2,3,2,1,4,-3,0
777046,5,bottom,2,0,1,2,4,-2,0
777046,5,bottom,3,0,1,2,4,-2,0
777046,6,top,1,2,2,2,4,-2,0
777046,6,top,2,3,2,2,4,-2,0
777046,6,top,3,0,1,2,4,-2,0
777046,6,bottom,0,1,1,2,4,-2,0
777046,6,bottom,1,1,1,2,4,-2,0
777046,6,bottom,1,1,1,3,4,-1,0
777046,6,bottom,2,0,1,3,4,-1,0
777046,6,bottom,2,0,0,4,4,0,0
777046,6,bottom,3,3,3,4,4,0,0
777046,7,top,1,0,1,4,4,0,0
777046,7,top,2,1,1,4,4,0,0
777046,7,top,3,1,0,4,4,0,0
777046,7,bottom,0,0,0,4,4,0,0
777046,7,bottom,1,0,1,4,4,0,0
777046,7,bottom,2,2,2,4,4,0,0
777046,7,bottom,3,1,2,4,4,0,0
777046,8,top,1,0,3,4,4,0,0
777046,8,top,2,0,2,4,4,0,0
777046,8,top,2,4,0,4,4,0,0
777046,8,top,3,0,3,4,4,0,0
777046,8,bottom,1,3,2,4,4,0,0
777046,8,bottom,1,4,2,4,4,0,0
777046,8,bottom,2,0,0,4,4,0,0
777046,8,bottom,3,2,1,4,4,0,0
777046,9,top,1,1,2,4,4,0,0
777046,9,top,1,0,0,4,5,-1,0
777046,9,top,2,2,2,4,5,-1,0
777046,9,top,3,0,0,4,5,-1,0
777046,9,bottom,0,2,2,4,5,-1,0
777046,9,bottom,1,0,3,4,5,-1,0
777046,9,bottom,2,2,2,4,5,-1,0
777046,9,bottom,3,0,3,4,5,-1,0
777027,1,top,1,0,1,0,0,0,1
777027,1,top,2,1,1,0,0,0,1
777027,1,top,3,0,0,0,0,0,1
777027,1,bottom,1,0,0,0,0,0,1
777027,1,bottom,2,1,1,0,0,0,1
777027,1,bottom,3,3,3,0,0,0,1
777027,2,top,1,1,0,0,0,0,1
777027,2,top,2,3,3,0,0,0,1
777027,2,top,2,3,2,0,1,-1,1
777027,2,top,2,2,2,0,1,-1,1
777027,2,top,3,1,0,0,1,-1,1
777027,2,bottom,1,3,1,0,1,-1,1
777027,2,bottom,2,1,0,0,1,-1,1
777027,2,bottom,3,1,3,0,1,-1,1
777027,3,top,1,2,3,0,1,-1,1
777027,3,top,2,1,0,0,1,-1,1
777027,3,top,3,0,2,0,1,-1,1
777027,3,bottom,1,0,0,0,1,-1,1
777027,3,bottom,2,1,1,0,1,-1,1
777027,3,bottom,3,3,2,0,1,-1,1
777027,4,top,1,1,3,0,1,-1,1
777027,4,top,2,1,3,0,1,-1,1
777027,4,top,3,3,3,0,1,-1,1
777027,4,bottom,1,2,0,0,1,-1,1
777027,4,bottom,1,1,0,0,1,-1,1
777027,4,bottom,1,2,2,1,1,0,1
777027,4,bottom,2,1,1,1,1,0,1
777027,4,bottom,2,4,1,1,1,0,1
777027,4,bottom,2,0,0,1,1,0,1
777027,4,bottom,2,0,1,2,1,1,1
777027,4,bottom,3,0,0,2,1,1,1
777027,5,top,1,2,3,2,1,1,1
777027,5,top,1,2,2,2,2,0,1
777027,5,top,2,0,1,2,2,0,1
777027,5,top,3,0,0,2,2,0,1
777027,5,bottom,1,2,2,2,2,0,1
777027,5,bottom,1,4,0,2,2,0,1
777027,5,bottom,1,4,2,2,2,0,1
777027,5,bottom,1,1,1,4,2,2,1
777027,5,bottom,2,1,2,4,2,2,1
777027,5,bottom,3,1,0,4,2,2,1
777027,6,top,0,1,1,4,2,2,1
777027,6,top,1,0,0,4,2,2,1
777027,6,top,1,0,1,4,4,0,1
777027,6,top,2,1,3,4,4,0,1
777027,6,top,3,2,1,4,4,0,1
777027,6,bottom,1,0,3,4,4,0,1
777027,6,bottom,1,3,2,4,4,0,1
777027,6,bottom,1,3,2,5,4,1,1
777027,6,bottom,2,0,2,5,4,1,1
777027,6,bottom,2,1,0,6,4,2,1
777027,6,bottom,3,0,0,6,4,2,1
777027,7,top,1,1,0,6,4,2,1
777027,7,top,2,1,3,6,4,2,1
777027,7,top,3,0,1,6,4,2,1
777027,7,bottom,0,1,0,6,4,2,1
777027,7,bottom,0,1,0,8,4,4,1
777027,7,bottom,0,0,1,8,4,4,1
777027,7,bottom,1,0,0,8,4,4,1
777027,7,bottom,2,0,0,8,4,4,1
777027,7,bottom,3,0,1,8,4,4,1
777027,8,top,1,2,0,8,4,4,1
777027,8,top,1,2,0,8,4,4,1
777027,8,top,1,2,0,8,4,4,1
777027,8,top,3,1,2,8,4,4,1
777027,8,bottom,0,4,1,8,4,4,1
777027,8,bottom,2,0,2,8,4,4,1
777027,8,bottom,2,0,0,8,4,4,1
777027,8,bottom,3,0,3,8,4,4,1
777027,9,top,1,0,1,8,4,4,1
777027,9,top,2,3,2,8,4,4,1
777027,9,top,3,0,0,8,4,4,1
777021,1,top,1,1,2,0,0,0,1
777021,1,top,2,1,2,0,0,0,1
777021,1,top,3,3,3,0,0,0,1
777021,1,bottom,1,1,0,0,0,0,1
777021,1,bottom,1,0,1,1,0,1,1
777021,1,bottom,2,3,2,1,0,1,1
777021,1,bottom,3,2,2,1,0,1,1
777021,2,top,1,1,2,1,0,1,1
777021,2,top,2,2,1,1,0,1,1
777021,2,top,3,3,2,1,0,1,1
777021,2,bottom,1,0,1,1,0,1,1
777021,2,bottom,2,0,1,1,0,1,1
777021,2,bottom,2,1,1,1,0,1,1
777021,2,bottom,3,2,1,1,0,1,1
777021,3,top,1,2,2,1,0,1,1
777021,3,top,2,0,0,1,0,1,1
777021,3,top,2,2,0,1,0,1,1
777021,3,top,3,0,0,1,0,1,1
777021,3,bottom,1,0,0,1,0,1,1
777021,3,bottom,2,0,2,1,0,1,1
777021,3,bottom,3,1,1,1,0,1,1
777021,4,top,1,0,0,1,0,1,1
777021,4,top,1,2,1,1,0,1,1
777021,4,top,2,1,0,1,0,1,1
777021,4,top,3,2,1,1,0,1,1
777021,4,bottom,1,1,2,1,0,1,1
777021,4,bottom,1,0,2,1,0,1,1
777021,4,bottom,2,1,3,1,0,1,1
777021,4,bottom,3,2,2,1,0,1,1
777021,5,top,0,3,1,1,0,1,1
777021,5,top,1,0,3,1,0,1,1
777021,5,top,2,1,3,1,0,1,1
777021,5,top,3,2,2,1,0,1,1
777021,5,bottom,1,0,0,1,0,1,1
777021,5,bottom,2,0,0,1,0,1,1
777021,5,bottom,3,0,1,1,0,1,1
777021,6,top,1,1,3,1,0,1,1
777021,6,top,1,4,1,1,0,1,1
777021,6,top,1,0,1,1,1,0,1
777021,6,top,2,2,2,1,1,0,1
777021,6,top,2,4,0,1,1,0,1
777021,6,top,2,1,0,1,4,-3,1
777021,6,top,2,2,1,1,5,-4,1
777021,6,top,2,2,1,1,5,-4,1
777021,6,top,3,1,2,1,5,-4,1
777021,6,bottom,1,3,2,1,5,-4,1
777021,6,bottom,2,1,3,1,5,-4,1
777021,6,bottom,3,1,0,1,5,-4,1
777021,7,top,0,1,2,1,5,-4,1
777021,7,top,1,1,2,1,5,-4,1
777021,7,top,1,2,1,1,6,-5,1
777021,7,top,1,0,2,1,6,-5,1
777021,7,top,1,1,2,1,8,-7,1
777021,7,top,2,1,0,1,9,-8,1
777021,7,top,3,1,3,1,9,-8,1
777021,7,bottom,1,0,3,1,9,-8,1
777021,7,bottom,2,0,3,1,9,-8,1
777021,7,bottom,3,0,0,1,9,-8,1
777021,8,top,1,1,0,1,9,-8,1
777021,8,top,1,0,2,1,9,-8,1
777021,8,top,1,0,0,1,11,-10,1
777021,8,top,1,2,1,1,11,-10,1
777021,8,top,2,3,2,1,11,-10,1
777021,8,top,3,3,2,1,11,-10,1
777021,8,bottom,0,1,2,1,11,-10,1
777021,8,bottom,1,1,1,1,11,-10,1
777021,8,bottom,1,1,1,1,11,-10,1
777021,8,bottom,2,1,3,1,11,-10,1
777021,8,bottom,3,3,3,1,11,-10,1
777021,9,top,1,1,1,1,11,-10,1
777021,9,top,2,2,2,1,11,-10,1
777021,9,top,2,1,0,1,11,-10,1
777021,9,top,2,1,1,1,11,-10,1
777021,9,top,3,2,1,1,11,-10,1
777021,9,bottom,0,1,0,2,11,-9,1
777021,9,bottom,0,1,1,2,11,-9,1
777021,9,bottom,0,1,0,2,11,-9,1
777021,9,bottom,1,1,1,3,11,-8,1
777021,9,bottom,2,2,0,3,11,-8,1
777021,9,bottom,2,0,1,4,11,-7,1
777021,9,bottom,3,1,3,4,11,-7,1
777016,1,top,0,0,0,0,0,0,1
777016,1,top,1,3,3,0,0,0,1
777016,1,top,2,0,1,0,0,0,1
777016,1,top,3,3,2,0,0,0,1
777016,1,bottom,0,0,0,0,0,0,1
777016,1,bottom,2,0,0,0,0,0,1
777016,1,bottom,2,4,2,0,0,0,1
777016,1,bottom,3,2,1,0,0,0,1
777016,2,top,1,1,3,0,0,0,1
777016,2,top,2,0,2,0,0,0,1
777016,2,top,2,1,2,0,0,0,1
777016,2,top,3,1,0,0,0,0,1
777016,2,bottom,0,0,1,0,0,0,1
777016,2,bottom,1,1,3,0,0,0,1
777016,2,bottom,1,2,2,1,0,1,1
777016,2,bottom,2,2,1,1,0,1,1
777016,2,bottom,3,1,3,1,0,1,1
777016,3,top,1,0,1,1,0,1,1
777016,3,top,2,0,2,1,0,1,1
777016,3,top,3,0,1,1,0,1,1
777016,3,bottom,1,1,3,1,0,1,1
777016,3,bottom,2,1,1,1,0,1,1
777016,3,bottom,3,0,0,1,0,1,1
777016,4,top,0,2,2,1,0,1,1
777016,4,top,1,0,0,1,0,1,1
777016,4,top,1,3,2,1,1,0,1
777016,4,top,2,0,2,1,1,0,1
777016,4,top,2,2,1,1,2,-1,1
777016,4,top,2,0,0,1,2,-1,1
777016,4,top,3,2,3,1,2,-1,1
777016,4,bottom,1,1,1,1,2,-1,1
777016,4,bottom,2,2,3,1,2,-1,1
777016,4,bottom,2,4,1,1,2,-1,1
777016,4,bottom,3,0,2,1,2,-1,1
777016,5,top,0,1,1,1,2,-1,1
777016,5,top,0,1,2,1,2,-1,1
777016,5,top,0,0,0,1,3,-2,1
777016,5,top,0,0,0,1,5,-4,1
777016,5,top,1,0,0,1,5,-4,1
777016,5,top,1,2,2,1,6,-5,1
777016,5,top,1,0,2,1,6,-5,1
777016,5,top,2,0,0,1,6,-5,1
777016,5,top,3,1,2,1,6,-5,1
777016,5,bottom,0,1,1,1,6,-5,1
777016,5,bottom,1,2,3,1,6,-5,1
777016,5,bottom,2,1,1,1,6,-5,1
777016,5,bottom,3,1,1,1,6,-5,1
777016,6,top,1,2,1,1,6,-5,1
777016,6,top,1,0,0,1,6,-5,1
777016,6,top,2,1,3,1,6,-5,1
777016,6,top,3,0,1,1,6,-5,1
777016,6,bottom,1,2,3,1,6,-5,1
777016,6,bottom,1,1,0,2,6,-4,1
777016,6,bottom,2,1,1,2,6,-4,1
777016,6,bottom,3,1,0,2,6,-4,1
777016,7,top,1,1,2,2,6,-4,1
777016,7,top,2,2,0,2,6,-4,1
777016,7,top,2,1,1,2,6,-4,1
777016,7,top,3,3,3,2,6,-4,1
777016,7,bottom,1,3,2,2,6,-4,1
777016,7,bottom,2,0,3,2,6,-4,1
777016,7,bottom,3,1,2,2,6,-4,1
777016,8,top,1,2,3,2,6,-4,1
777016,8,top,2,2,3,2,6,-4,1
777016,8,top,2,2,1,2,6,-4,1
777016,8,top,3,1,1,2,6,-4,1
777016,8,bottom,1,1,1,2,6,-4,1
777016,8,bottom,2,3,2,2,6,-4,1
777016,8,bottom,3,1,3,2,6,-4,1
777016,9,top,1,0,2,2,6,-4,1
777016,9,top,1,4,1,2,6,-4,1
777016,9,top,2,2,3,2,6,-4,1
777016,9,top,2,4,0,2,6,-4,1
777016,9,top,3,0,1,2,6,-4,1
777016,9,bottom,1,2,3,2,6,-4,1
777016,9,bottom,2,2,2,2,6,-4,1
777016,9,bottom,3,1,1,2,6,-4,1
777003,1,top,1,2,3,0,0,0,1
777003,1,top,2,0,2,0,0,0,1
777003,1,top,3,1,1,0,0,0,1
777003,1,bottom,1,0,2,0,0,0,1
777003,1,bottom,2,2,3,0,0,0,1
777003,1,bottom,3,3,0,0,0,0,1
777003,2,top,1,0,0,0,0,0,1
777003,2,top,1,1,0,0,0,0,1
777003,2,top,2,1,3,0,0,0,1
777003,2,top,3,1,2,0,0,0,1
777003,2,bottom,1,0,3,0,0,0,1
777003,2,bottom,2,3,1,0,0,0,1
777003,2,bottom,3,2,2,0,0,0,1
777003,3,top,1,0,3,0,0,0,1
777003,3,top,2,1,3,0,0,0,1
777003,3,top,3,0,2,0,0,0,1
777003,3,bottom,1,1,3,0,0,0,1
777003,3,bottom,2,1,2,0,0,0,1
777003,3,bottom,2,1,0,0,0,0,1
777003,3,bottom,3,1,3,0,0,0,1
777003,4,top,1,1,3,0,0,0,1
777003,4,top,1,1,1,0,0,0,1
777003,4,top,1,1,0,0,0,0,1
777003,4,top,2,4,1,0,0,0,1
777003,4,top,3,0,0,0,0,0,1
777003,4,bottom,1,2,3,0,0,0,1
777003,4,bottom,2,1,3,0,0,0,1
777003,4,bottom,2,4,2,0,0,0,1
777003,4,bottom,3,1,2,0,0,0,1
777003,5,top,1,1,3,0,0,0,1
777003,5,top,1,0,2,0,0,0,1
777003,5,top,3,2,2,0,0,0,1
777003,5,bottom,1,3,3,0,0,0,1
777003,5,bottom,2,2,2,0,0,0,1
777003,5,bottom,3,2,3,0,0,0,1
777003,6,top,1,2,2,0,0,0,1
777003,6,top,1,1,2,0,0,0,1
777003,6,top,1,4,2,0,0,0,1
777003,6,top,1,4,2,0,0,0,1
777003,6,top,2,0,1,0,0,0,1
777003,6,top,3,1,3,0,0,0,1
777003,6,bottom,1,0,2,0,0,0,1
777003,6,bottom,2,2,3,0,0,0,1
777003,6,bottom,2,2,1,0,0,0,1
777003,6,bottom,3,1,3,0,0,0,1
777003,7,top,1,0,1,0,0,0,1
777003,7,top,2,2,2,0,0,0,1
777003,7,top,3,0,1,0,0,0,1
777003,7,bottom,1,1,1,0,0,0,1
777003,7,bottom,2,1,2,0,0,0,1
777003,7,bottom,3,2,1,0,0,0,1
777003,8,top,0,0,0,0,0,0,1
777003,8,top,0,0,0,0,0,0,1
777003,8,top,1,3,1,0,0,0,1
777003,8,top,1,1,1,0,2,-2,1
777003,8,top,2,0,3,0,2,-2,1
777003,8,top,3,0,0,0,2,-2,1
777003,8,bottom,1,1,0,0,2,-2,1
777003,8,bottom,2,0,3,0,2,-2,1
777003,8,bottom,3,2,3,0,2,-2,1
777003,9,top,0,1,1,0,2,-2,1
777003,9,top,0,1,1,0,4,-4,1
777003,9,top,1,0,1,0,4,-4,1
777003,9,top,2,0,3,0,4,-4,1
777003,9,top,2,1,0,0,5,-5,1
777003,9,top,2,3,2,0,6,-6,1
777003,9,top,3,2,1,0,6,-6,1
777003,9,bottom,0,1,0,0,6,-6,1
777003,9,bottom,1,3,2,0,6,-6,1
777003,9,bottom,2,2,2,1,6,-5,1
777003,9,bottom,3,2,3,1,6,-5,1
776987,1,top,1,2,0,0,0,0,0
776987,1,top,2,1,3,0,0,0,0
776987,1,top,2,3,2,0,0,0,0
776987,1,top,2,3,2,0,0,0,0
776987,1,top,3,0,3,0,0,0,0
776987,1,bottom,1,0,0,0,0,0,0
776987,1,bottom,2,3,3,0,0,0,0
776987,1,bottom,3,2,3,0,0,0,0
776987,2,top,1,1,1,0,0,0,0
776987,2,top,2,1,3,0,0,0,0
776987,2,top,3,0,1,0,0,0,0
776987,2,bottom,1,0,0,0,0,0,0
776987,2,bottom,2,2,2,0,0,0,0
776987,2,bottom,3,0,3,0,0,0,0
776987,3,top,1,3,1,0,0,0,0
776987,3,top,2,0,1,0,0,0,0
776987,3,top,2,1,2,0,0,0,0
776987,3,top,3,3,3,0,0,0,0
776987,3,bottom,0,0,0,0,0,0,0
776987,3,bottom,0,3,2,0,0,0,0
776987,3,bottom,1,0,0,0,0,0,0
776987,3,bottom,2,0,0,0,0,0,0
776987,3,bottom,2,1,0,3,0,3,0
776987,3,bottom,3,2,1,3,0,3,0
776987,4,top,0,2,2,3,0,3,0
776987,4,top,1,0,0,3,0,3,0
776987,4,top,2,0,1,3,0,3,0
776987,4,top,3,1,3,3,0,3,0
776987,4,bottom,1,2,1,3,0,3,0
776987,4,bottom,2,2,3,3,0,3,0
776987,4,bottom,3,0,3,3,0,3,0
776987,5,top,1,2,2,3,0,3,0
776987,5,top,1,4,2,3,0,3,0
776987,5,top,2,1,1,3,0,3,0
776987,5,top,3,0,1,3,0,3,0
776987,5,bottom,1,1,3,3,0,3,0
776987,5,bottom,2,2,2,3,0,3,0
776987,5,bottom,3,2,3,3,0,3,0
776987,6,top,1,2,1,3,0,3,0
776987,6,top,1,3,2,3,0,3,0
776987,6,top,2,1,3,3,0,3,0
776987,6,top,3,2,3,3,0,3,0
776987,6,bottom,1,2,2,3,0,3,0
776987,6,bottom,2,3,3,3,0,3,0
776987,6,bottom,3,1,3,3,0,3,0
776987,7,top,1,1,2,3,0,3,0
776987,7,top,1,0,1,3,0,3,0
776987,7,top,1,4,2,3,0,3,0
776987,7,top,2,1,2,3,0,3,0
776987,7,top,3,0,0,3,0,3,0
776987,7,bottom,1,0,3,3,0,3,0
776987,7,bottom,2,2,3,3,0,3,0
776987,7,bottom,3,2,2,3,0,3,0
776987,8,top,1,1,1,3,0,3,0
776987,8,top,1,0,1,3,0,3,0
776987,8,top,2,0,0,3,0,3,0
776987,8,top,3,0,0,3,0,3,0
776987,8,bottom,1,1,1,3,0,3,0
776987,8,bottom,1,2,0,3,0,3,0
776987,8,bottom,1,2,2,4,0,4,0
776987,8,bottom,2,1,3,4,0,4,0
776987,8,bottom,2,1,2,5,0,5,0
776987,8,bottom,2,2,2,5,0,5,0
776987,8,bottom,2,3,2,6,0,6,0
776987,8,bottom,2,0,2,7,0,7,0
776987,8,bottom,2,4,0,7,0,7,0
776987,8,bottom,2,0,2,10,0,10,0
776987,8,bottom,3,2,3,10,0,10,0
776987,9,top,0,4,2,10,0,10,0
776987,9,top,1,1,2,10,0,10,0
776987,9,top,2,1,3,10,0,10,0
776987,9,top,2,4,2,10,0,10,0
776987,9,top,2,0,0,10,1,9,0
776987,9,top,2,4,0,10,1,9,0
776987,9,top,2,2,2,10,3,7,0
776987,9,top,2,1,0,10,4,6,0
776987,9,top,3,3,3,10,4,6,0
776966,1,top,1,2,3,0,0,0,0
776966,1,top,2,0,0,0,0,0,0
776966,1,top,3,0,1,0,0,0,0
776966,1,bottom,1,2,3,0,0,0,0
776966,1,bottom,1,0,2,0,0,0,0
776966,1,bottom,2,1,0,0,0,0,0
776966,1,bottom,3,1,3,0,0,0,0
776966,2,top,0,1,2,0,0,0,0
776966,2,top,1,0,3,0,0,0,0
776966,2,top,2,0,1,0,0,0,0
776966,2,top,3,0,1,0,0,0,0
776966,2,bottom,0,2,2,0,0,0,0
776966,2,bottom,1,2,3,0,0,0,0
776966,2,bottom,2,0,0,0,0,0,0
776966,2,bottom,2,3,2,2,0,2,0
776966,2,bottom,2,1,0,3,0,3,0
776966,2,bottom,3,1,0,3,0,3,0
776966,3,top,1,2,1,3,0,3,0
776966,3,top,2,1,1,3,0,3,0
776966,3,top,2,1,2,3,1,2,0
776966,3,top,2,4,1,3,1,2,0
776966,3,top,2,1,0,3,3,0,0
776966,3,top,2,0,2,3,3,0,0
776966,3,top,3,1,2,3,3,0,0
776966,3,bottom,0,2,2,3,3,0,0
776966,3,bottom,0,4,2,3,3,0,0
776966,3,bottom,0,3,1,5,3,2,0
776966,3,bottom,1,3,3,5,3,2,0
776966,3,bottom,1,1,2,6,3,3,0
776966,3,bottom,3,1,0,6,3,3,0
776966,4,top,0,2,1,6,3,3,0
776966,4,top,0,1,2,6,3,3,0
776966,4,top,1,0,1,6,3,3,0
776966,4,top,2,1,0,6,4,2,0
776966,4,top,3,3,1,6,4,2,0
776966,4,bottom,1,2,2,6,4,2,0
776966,4,bottom,1,2,2,6,4,2,0
776966,4,bottom,2,3,3,6,4,2,0
776966,4,bottom,3,1,2,6,4,2,0
776966,5,top,1,2,3,6,4,2,0
776966,5,top,1,1,1,6,4,2,0
776966,5,top,1,0,1,6,4,2,0
776966,5,top,2,1,3,6,4,2,0
776966,5,top,3,0,3,6,4,2,0
776966,5,bottom,1,1,3,6,4,2,0
776966,5,bottom,1,3,2,6,4,2,0
776966,5,bottom,1,0,0,7,4,3,0
776966,5,bottom,1,1,1,9,4,5,0
776966,5,bottom,1,4,2,9,4,5,0
776966,5,bottom,1,2,1,9,4,5,0
776966,5,bottom,2,1,2,10,4,6,0
776966,5,bottom,3,0,3,10,4,6,0
776966,6,top,1,1,3,10,4,6,0
776966,6,top,1,0,0,10,4,6,0
776966,6,top,2,0,1,10,4,6,0
776966,6,top,3,3,3,10,4,6,0
776966,6,bottom,1,0,0,10,4,6,0
776966,6,bottom,1,3,1,10,4,6,0
776966,6,bottom,1,1,1,10,4,6,0
776966,6,bottom,3,0,0,10,4,6,0
776966,7,top,1,0,1,10,4,6,0
776966,7,top,2,2,1,10,4,6,0
776966,7,top,2,0,0,10,4,6,0
776966,7,top,3,1,1,10,4,6,0
776966,7,bottom,1,0,1,10,4,6,0
776966,7,bottom,1,1,0,11,4,7,0
776966,7,bottom,1,4,0,11,4,7,0
776966,7,bottom,1,0,0,11,4,7,0
776966,7,bottom,2,1,0,11,4,7,0
776966,7,bottom,3,0,1,11,4,7,0
776966,8,top,1,0,0,11,4,7,0
776966,8,top,1,1,2,11,4,7,0
776966,8,top,2,3,2,11,4,7,0
776966,8,top,3,0,0,11,4,7,0
776966,8,bottom,1,1,2,11,4,7,0
776966,8,bottom,2,0,1,11,4,7,0
776966,8,bottom,3,1,2,11,4,7,0
776966,9,top,1,2,2,11,4,7,0
776966,9,top,1,1,0,11,4,7,0
776966,9,top,1,4,1,11,4,7,0
776966,9,top,3,2,0,11,4,7,0
778372,1,top,1,1,0,0,0,0,0
778372,1,top,2,0,0,0,0,0,0
778372,1,top,2,4,2,0,0,0,0
778372,1,top,3,2,2,0,0,0,0
778372,1,bottom,0,0,0,0,0,0,0
778372,1,bottom,0,1,1,0,0,0,0
778372,1,bottom,0,4,2,0,0,0,0
778372,1,bottom,1,3,2,1,0,1,0
778372,1,bottom,1,0,0,1,0,1,0
778372,1,bottom,2,3,2,2,0,2,0
778372,1,bottom,3,2,1,2,0,2,0
778372,2,top,1,2,2,2,0,2,0
778372,2,top,2,1,0,2,0,2,0
778372,2,top,3,0,0,2,0,2,0
778372,2,bottom,1,3,3,2,0,2,0
778372,2,bottom,2,0,1,2,0,2,0
778372,2,bottom,3,1,1,2,0,2,0
778372,3,top,1,3,1,2,0,2,0
778372,3,top,1,0,2,2,0,2,0
778372,3,top,2,1,1,2,0,2,0
778372,3,top,2,1,1,2,1,1,0
778372,3,top,3,0,2,2,1,1,0
778372,3,bottom,0,2,2,2,1,1,0
778372,3,bottom,0,3,2,2,1,1,0
778372,3,bottom,0,4,2,2,1,1,0
778372,3,bottom,1,1,2,3,1,2,0
778372,3,bottom,2,1,1,4,1,3,0
778372,3,bottom,3,2,3,4,1,3,0
778372,4,top,0,4,1,4,1,3,0
778372,4,top,0,0,0,4,3,1,0
778372,4,top,1,0,1,4,3,1,0
778372,4,top,1,0,0,4,3,1,0
778372,4,top,1,0,1,4,3,1,0
778372,4,top,2,0,3,4,3,1,0
778372,4,top,3,2,2,4,3,1,0
778372,4,bottom,0,4,0,4,3,1,0
778372,4,bottom,1,0,3,4,3,1,0
778372,4,bottom,1,0,0,4,3,1,0
778372,4,bottom,2,0,3,4,3,1,0
778372,4,bottom,3,0,0,4,3,1,0
778372,5,top,1,1,1,4,3,1,0
778372,5,top,2,1,2,4,3,1,0
778372,5,top,2,2,1,4,3,1,0
778372,5,top,2,0,1,4,3,1,0
778372,5,top,3,2,3,4,3,1,0
778372,5,bottom,0,3,2,4,3,1,0
778372,5,bottom,1,0,2,4,3,1,0
778372,5,bottom,1,1,1,4,3,1,0
778372,5,bottom,2,0,3,4,3,1,0
778372,5,bottom,3,1,3,4,3,1,0
778372,6,top,1,1,1,4,3,1,0
778372,6,top,1,3,2,4,3,1,0
778372,6,top,1,4,2,4,3,1,0
778372,6,top,2,0,0,4,3,1,0
778372,6,top,3,1,1,4,3,1,0
778372,6,bottom,0,1,0,4,3,1,0
778372,6,bottom,1,2,1,4,3,1,0
778372,6,bottom,1,3,1,4,3,1,0
778372,6,bottom,1,1,0,5,3,2,0
778372,6,bottom,1,0,0,8,3,5,0
778372,6,bottom,1,1,1,9,3,6,0
778372,6,bottom,1,2,2,9,3,6,0
778372,6,bottom,2,1,2,9,3,6,0
778372,6,bottom,2,1,0,10,3,7,0
778372,6,bottom,3,2,3,10,3,7,0
778372,7,top,0,0,1,10,3,7,0
778372,7,top,1,1,0,10,3,7,0
778372,7,top,3,0,1,10,3,7,0
778372,7,bottom,0,1,2,10,3,7,0
778372,7,bottom,0,1,1,10,3,7,0
778372,7,bottom,0,0,0,13,3,10,0
778372,7,bottom,1,3,3,13,3,10,0
778372,7,bottom,1,0,0,14,3,11,0
778372,7,bottom,2,1,1,14,3,11,0
778372,7,bottom,3,1,2,14,3,11,0
778372,8,top,1,2,2,14,3,11,0
778372,8,top,2,0,2,14,3,11,0
778372,8,top,2,2,2,14,4,10,0
778372,8,top,2,0,1,14,4,10,0
778372,8,top,3,1,2,14,4,10,0
778372,8,bottom,0,1,1,14,4,10,0
778372,8,bottom,1,1,3,14,4,10,0
778372,8,bottom,1,0,0,15,4,11,0
778372,8,bottom,1,2,1,15,4,11,0
778372,8,bottom,2,1,0,16,4,12,0
778372,8,bottom,3,0,2,16,4,12,0
778372,9,top,1,0,1,16,4,12,0
778372,9,top,2,0,3,16,4,12,0
778372,9,top,3,1,1,16,4,12,0
776962,1,top,1,0,1,0,0,0,0
776962,1,top,2,1,3,0,0,0,0
776962,1,top,2,4,1,0,0,0,0
776962,1,top,2,0,1,0,0,0,0
776962,1,top,2,4,0,0,0,0,0
776962,1,top,3,3,3,0,0,0,0
776962,1,bottom,1,0,0,0,0,0,0
776962,1,bottom,2,1,3,0,0,0,0
776962,1,bottom,3,1,2,0,0,0,0
776962,2,top,0,0,0,0,0,0,0
776962,2,top,0,2,1,0,0,0,0
776962,2,top,1,0,0,0,0,0,0
776962,2,top,2,1,2,0,1,-1,0
776962,2,top,3,1,3,0,1,-1,0
776962,2,bottom,1,1,2,0,1,-1,0
776962,2,bottom,1,1,1,0,1,-1,0
776962,2,bottom,2,0,3,0,1,-1,0
776962,2,bottom,2,1,1,0,1,-1,0
776962,2,bottom,2,4,2,0,1,-1,0
776962,2,bottom,3,2,3,0,1,-1,0
776962,3,top,1,1,1,0,1,-1,0
776962,3,top,2,1,2,0,1,-1,0
776962,3,top,3,0,2,0,1,-1,0
776962,3,bottom,1,2,2,0,1,-1,0
776962,3,bottom,2,1,1,0,1,-1,0
776962,3,bottom,3,2,3,0,1,-1,0
776962,4,top,1,0,3,0,1,-1,0
776962,4,top,1,0,0,0,1,-1,0
776962,4,top,1,0,2,0,1,-1,0
776962,4,top,2,1,1,0,2,-2,0
776962,4,top,3,0,2,0,2,-2,0
776962,4,bottom,1,0,1,0,2,-2,0
776962,4,bottom,1,1,0,0,2,-2,0
776962,4,bottom,1,0,0,1,2,-1,0
776962,4,bottom,2,3,2,2,2,0,0
776962,4,bottom,3,0,1,2,2,0,0
776962,5,top,1,1,2,2,2,0,0
776962,5,top,2,0,1,2,2,0,0
776962,5,top,3,2,3,2,2,0,0
776962,5,bottom,1,1,2,2,2,0,0
776962,5,bottom,1,0,0,2,2,0,0
776962,5,bottom,2,3,2,2,2,0,0
776962,5,bottom,3,0,1,2,2,0,0
776962,6,top,0,2,2,2,2,0,0
776962,6,top,2,0,1,2,2,0,0
776962,6,top,3,2,3,2,2,0,0
776962,6,bottom,1,2,2,2,2,0,0
776962,6,bottom,1,4,2,2,2,0,0
776962,6,bottom,2,0,2,2,2,0,0
776962,6,bottom,3,1,2,2,2,0,0
776962,7,top,0,2,1,2,2,0,0
776962,7,top,1,1,1,2,2,0,0
776962,7,top,1,4,2,2,2,0,0
776962,7,top,3,0,0,2,2,0,0
776962,7,bottom,1,2,3,2,2,0,0
776962,7,bottom,1,1,0,2,2,0,0
776962,7,bottom,3,2,3,2,2,0,0
776962,8,top,1,1,3,2,2,0,0
776962,8,top,1,0,1,2,2,0,0
776962,8,top,1,4,2,2,2,0,0
776962,8,top,3,1,2,2,2,0,0
776962,8,bottom,1,2,0,2,2,0,0
776962,8,bottom,1,3,1,2,2,0,0
776962,8,bottom,1,0,1,3,2,1,0
776962,8,bottom,1,1,1,3,2,1,0
776962,8,bottom,2,0,0,3,2,1,0
776962,8,bottom,3,1,3,3,2,1,0
776962,9,top,0,3,1,3,2,1,0
776962,9,top,0,4,0,3,2,1,0
776962,9,top,1,2,0,3,2,1,0
776962,9,top,2,2,3,3,2,1,0
776962,9,top,3,3,3,3,2,1,0
776948,1,top,0,3,1,0,0,0,1
776948,1,top,1,0,2,0,0,0,1
776948,1,top,2,1,2,0,0,0,1
776948,1,top,3,0,1,0,0,0,1
776948,1,bottom,0,1,0,0,0,0,1
776948,1,bottom,1,1,1,0,0,0,1
776948,1,bottom,1,1,0,0,0,0,1
776948,1,bottom,2,3,2,1,0,1,1
776948,1,bottom,2,2,2,3,0,3,1
776948,1,bottom,3,0,3,3,0,3,1
776948,2,top,0,4,1,3,0,3,1
776948,2,top,1,1,3,3,0,3,1
776948,2,top,2,2,2,3,0,3,1
776948,2,top,2,3,2,3,2,1,1
776948,2,top,3,1,3,3,2,1,1
776948,2,bottom,1,0,2,3,2,1,1
776948,2,bottom,2,1,1,3,2,1,1
776948,2,bottom,3,2,2,3,2,1,1
776948,3,top,1,2,3,3,2,1,1
776948,3,top,2,0,3,3,2,1,1
776948,3,top,2,2,2,3,2,1,1
776948,3,top,3,2,2,3,2,1,1
776948,3,bottom,1,1,2,3,2,1,1
776948,3,bottom,2,3,3,3,2,1,1
776948,3,bottom,2,0,0,3,2,1,1
776948,3,bottom,3,0,0,3,2,1,1
776948,4,top,1,1,3,3,2,1,1
776948,4,top,2,1,2,3,2,1,1
776948,4,top,2,4,1,3,2,1,1
776948,4,top,3,0,1,3,2,1,1
776948,4,bottom,1,2,3,3,2,1,1
776948,4,bottom,2,2,1,3,2,1,1
776948,4,bottom,2,0,0,3,2,1,1
776948,4,bottom,3,1,1,3,2,1,1
776948,5,top,0,0,1,3,2,1,1
776948,5,top,1,1,0,3,2,1,1
776948,5,top,1,2,2,3,2,1,1
776948,5,top,1,1,0,3,3,0,1
776948,5,top,3,0,0,3,3,0,1
776948,5,bottom,0,3,2,3,3,0,1
776948,5,bottom,1,1,1,3,3,0,1
776948,5,bottom,1,0,0,5,3,2,1
776948,5,bottom,2,2,1,5,3,2,1
776948,5,bottom,3,2,3,5,3,2,1
776948,6,top,1,0,3,5,3,2,1
776948,6,top,1,4,2,5,3,2,1
776948,6,top,2,0,2,5,3,2,1
776948,6,top,2,3,1,5,4,1,1
776948,6,top,3,1,2,5,4,1,1
776948,6,bottom,1,1,3,5,4,1,1
776948,6,bottom,2,1,3,5,4,1,1
776948,6,bottom,2,1,2,5,4,1,1
776948,6,bottom,3,3,3,5,4,1,1
776948,7,top,0,1,0,5,4,1,1
776948,7,top,0,1,0,5,4,1,1
776948,7,top,1,0,1,5,4,1,1
776948,7,top,1,0,1,5,6,-1,1
776948,7,top,1,1,1,5,6,-1,1
776948,7,top,2,1,2,5,6,-1,1
776948,7,top,2,2,1,5,9,-4,1
776948,7,top,2,0,0,5,9,-4,1
776948,7,top,3,0,1,5,9,-4,1
776948,7,bottom,1,2,1,5,9,-4,1
776948,7,bottom,1,1,1,5,9,-4,1
776948,7,bottom,1,0,2,5,9,-4,1
776948,7,bottom,1,1,0,6,9,-3,1
776948,7,bottom,1,2,1,7,9,-2,1
776948,7,bottom,1,4,0,7,9,-2,1
776948,7,bottom,1,4,0,8,9,-1,1
776948,7,bottom,2,2,3,8,9,-1,1
776948,7,bottom,3,3,3,8,9,-1,1
776948,8,top,0,1,1,8,9,-1,1
776948,8,top,1,1,2,8,9,-1,1
776948,8,top,1,4,1,8,9,-1,1
776948,8,top,3,3,2,8,9,-1,1
776948,8,bottom,1,1,3,8,9,-1,1
776948,8,bottom,2,1,1,8,9,-1,1
776948,8,bottom,3,2,3,8,9,-1,1
776948,9,top,1,0,3,8,9,-1,1
776948,9,top,2,0,1,8,9,-1,1
776948,9,top,3,1,1,8,9,-1,1
776948,9,bottom,1,2,2,8,9,-1,1
776948,9,bottom,2,1,2,8,9,-1,1
776948,9,bottom,3,3,3,8,9,-1,1
776920,1,top,1,0,3,0,0,0,0
776920,1,top,2,2,0,0,0,0,0
776920,1,top,3,1,3,0,0,0,0
776920,1,bottom,1,1,2,0,0,0,0
776920,1,bottom,2,2,3,0,0,0,0
776920,1,bottom,2,1,1,1,0,1,0
776920,1,bottom,2,3,2,1,0,1,0
776920,1,bottom,3,1,0,1,0,1,0
776920,2,top,0,0,1,1,0,1,0
776920,2,top,1,1,3,1,0,1,0
776920,2,top,1,2,2,1,2,-1,0
776920,2,top,2,0,2,1,2,-1,0
776920,2,top,3,1,2,1,2,-1,0
776920,2,bottom,1,0,0,1,2,-1,0
776920,2,bottom,2,1,1,1,2,-1,0
776920,2,bottom,3,1,1,1,2,-1,0
776920,3,top,0,1,1,1,2,-1,0
776920,3,top,0,2,2,1,2,-1,0
776920,3,top,0,0,0,1,5,-4,0
776920,3,top,1,2,1,1,5,-4,0
776920,3,top,2,2,2,1,5,-4,0
776920,3,top,3,3,3,1,5,-4,0
776920,3,bottom,1,0,1,1,5,-4,0
776920,3,bottom,2,1,2,1,5,-4,0
776920,3,bottom,3,2,2,1,5,-4,0
776920,4,top,1,1,0,1,5,-4,0
776920,4,top,2,2,2,1,5,-4,0
776920,4,top,3,0,3,1,5,-4,0
776920,4,bottom,1,0,2,1,5,-4,0
776920,4,bottom,1,0,2,1,5,-4,0
776920,4,bottom,2,0,0,1,5,-4,0
776920,4,bottom,3,1,0,1,5,-4,0
776920,5,top,1,3,2,1,5,-4,0
776920,5,top,2,0,1,1,5,-4,0
776920,5,top,3,1,2,1,5,-4,0
776920,5,bottom,1,1,3,1,5,-4,0
776920,5,bottom,2,0,0,1,5,-4,0
776920,5,bottom,3,2,3,1,5,-4,0
776920,6,top,0,0,1,1,5,-4,0
776920,6,top,1,2,0,1,5,-4,0
776920,6,top,2,0,1,1,5,-4,0
776920,6,top,3,2,2,1,5,-4,0
776920,6,bottom,1,1,0,1,5,-4,0
776920,6,bottom,2,0,3,1,5,-4,0
776920,6,bottom,3,2,1,1,5,-4,0
776920,7,top,1,2,2,1,5,-4,0
776920,7,top,2,0,1,1,5,-4,0
776920,7,top,3,0,3,1,5,-4,0
776920,7,bottom,1,0,0,1,5,-4,0
776920,7,bottom,2,2,2,1,5,-4,0
776920,7,bottom,3,0,0,1,5,-4,0
776920,8,top,1,2,2,1,5,-4,0
776920,8,top,1,4,1,1,5,-4,0
776920,8,top,2,1,3,1,5,-4,0
776920,8,top,3,3,2,1,5,-4,0
776920,8,bottom,1,3,3,1,5,-4,0
776920,8,bottom,1,3,2,1,5,-4,0
776920,8,bottom,2,0,2,1,5,-4,0
776920,8,bottom,3,1,2,1,5,-4,0
776920,9,top,0,1,2,1,6,-5,0
776920,9,top,1,2,2,1,6,-5,0
776920,9,top,1,0,0,1,6,-5,0
776920,9,top,1,3,2,1,8,-7,0
776920,9,top,1,2,2,1,8,-7,0
776920,9,top,2,3,2,1,8,-7,0
776920,9,top,2,4,2,1,8,-7,0
776920,9,top,2,4,2,1,8,-7,0
776920,9,top,2,2,1,1,9,-8,0
776920,9,top,3,0,1,1,9,-8,0
776920,9,bottom,0,0,0,1,9,-8,0
776920,9,bottom,1,1,2,1,9,-8,0
776920,9,bottom,2,1,0,1,9,-8,0
776920,9,bottom,2,3,2,3,9,-6,0
776920,9,bottom,3,2,3,3,9,-6,0
776900,1,top,0,3,2,0,0,0,1
776900,1,top,1,0,2,0,0,0,1
776900,1,top,2,0,1,0,0,0,1
776900,1,top,3,0,0,0,0,0,1
776900,1,bottom,1,2,1,0,0,0,1
776900,1,bottom,2,2,2,0,0,0,1
776900,1,bottom,3,1,1,0,0,0,1
776900,2,top,1,2,1,0,0,0,1
776900,2,top,2,2,3,0,0,0,1
776900,2,top,3,2,2,0,0,0,1
776900,2,bottom,1,0,1,0,0,0,1
776900,2,bottom,2,3,1,0,0,0,1
776900,2,bottom,3,2,2,0,0,0,1
776900,3,top,1,2,3,0,0,0,1
776900,3,top,1,2,2,0,0,0,1
776900,3,top,1,2,2,0,0,0,1
776900,3,top,2,0,3,0,0,0,1
776900,3,top,3,1,1,0,0,0,1
776900,3,bottom,0,1,1,0,0,0,1
776900,3,bottom,0,2,1,0,0,0,1
776900,3,bottom,1,0,0,0,0,0,1
776900,3,bottom,1,3,2,2,0,2,1
776900,3,bottom,2,0,2,2,0,2,1
776900,3,bottom,2,4,2,2,0,2,1
776900,3,bottom,2,0,1,3,0,3,1
776900,3,bottom,3,0,0,3,0,3,1
776900,4,top,1,2,1,3,0,3,1
776900,4,top,1,0,1,3,0,3,1
776900,4,top,2,1,3,3,0,3,1
776900,4,top,3,1,0,3,0,3,1
776900,4,bottom,0,3,2,3,0,3,1
776900,4,bottom,1,0,0,3,0,3,1
776900,4,bottom,2,0,0,3,0,3,1
776900,4,bottom,3,0,1,3,0,3,1
776900,5,top,1,0,2,3,0,3,1
776900,5,top,1,0,1,3,0,3,1
776900,5,top,2,0,0,3,0,3,1
776900,5,top,3,3,2,3,0,3,1
776900,5,bottom,1,2,2,3,0,3,1
776900,5,bottom,2,1,1,3,0,3,1
776900,5,bottom,3,1,1,3,0,3,1
776900,6,top,1,0,1,3,0,3,1
776900,6,top,2,3,1,3,0,3,1
776900,6,top,2,0,1,3,1,2,1
776900,6,top,3,1,3,3,1,2,1
776900,6,bottom,0,0,0,3,1,2,1
776900,6,bottom,1,0,2,3,1,2,1
776900,6,bottom,2,1,0,3,1,2,1
776900,6,bottom,3,2,3,3,1,2,1
776900,7,top,0,2,1,3,1,2,1
776900,7,top,1,2,2,3,1,2,1
776900,7,top,2,1,1,3,2,1,1
776900,7,top,3,0,1,3,2,1,1
776900,7,bottom,0,3,2,3,2,1,1
776900,7,bottom,1,0,0,3,2,1,1
776900,7,bottom,1,4,1,3,2,1,1
776900,7,bottom,1,0,1,4,2,2,1
776900,7,bottom,3,2,2,4,2,2,1
776900,8,top,1,0,1,4,2,2,1
776900,8,top,2,2,0,4,2,2,1
776900,8,top,3,2,1,4,2,2,1
776900,8,bottom,0,2,2,4,2,2,1
776900,8,bottom,1,2,2,4,2,2,1
776900,8,bottom,2,1,0,4,2,2,1
776900,8,bottom,3,1,3,4,2,2,1
776900,9,top,1,1,3,4,2,2,1
776900,9,top,2,2,2,4,2,2,1
776900,9,top,3,1,3,4,2,2,1
776893,1,top,0,4,2,0,0,0,0
776893,1,top,0,1,2,0,0,0,0
776893,1,top,2,0,0,0,0,0,0
776893,1,top,3,0,1,0,0,0,0
776893,1,bottom,1,1,2,0,0,0,0
776893,1,bottom,1,1,2,0,0,0,0
776893,1,bottom,3,3,3,0,0,0,0
776893,2,top,1,1,0,0,0,0,0
776893,2,top,2,3,2,0,0,0,0
776893,2,top,3,2,1,0,0,0,0
776893,2,bottom,0,4,0,0,0,0,0
776893,2,bottom,1,0,3,0,0,0,0
776893,2,bottom,2,2,2,0,0,0,0
776893,2,bottom,2,4,1,0,0,0,0
776893,2,bottom,2,0,1,0,0,0,0
776893,2,bottom,3,0,2,1,0,1,0
776893,3,top,1,1,3,1,0,1,0
776893,3,top,2,2,0,1,0,1,0
776893,3,top,3,1,3,1,0,1,0
776893,3,bottom,1,2,1,1,0,1,0
776893,3,bottom,2,1,3,1,0,1,0
776893,3,bottom,3,2,2,1,0,1,0
776893,4,top,1,1,3,1,0,1,0
776893,4,top,1,4,2,1,0,1,0
776893,4,top,1,4,2,1,0,1,0
776893,4,top,1,3,2,1,0,1,0
776893,4,top,2,0,0,1,1,0,0
776893,4,top,3,3,3,1,1,0,0
776893,4,bottom,1,0,1,1,1,0,0
776893,4,bottom,2,3,2,1,1,0,0
776893,4,bottom,2,4,2,1,1,0,0
776893,4,bottom,3,0,0,1,1,0,0
776893,5,top,1,1,1,1,1,0,0
776893,5,top,1,2,0,1,1,0,0
776893,5,top,2,0,2,1,1,0,0
776893,5,top,3,2,3,1,1,0,0
776893,5,bottom,0,4,2,1,1,0,0
776893,5,bottom,1,0,0,1,1,0,0
776893,5,bottom,2,0,1,1,1,0,0
776893,5,bottom,2,3,2,2,1,1,0
776893,5,bottom,3,1,0,2,1,1,0
776893,6,top,1,0,1,2,1,1,0
776893,6,top,2,2,2,2,1,1,0
776893,6,top,3,0,0,2,1,1,0
776893,6,bottom,1,0,0,2,1,1,0
776893,6,bottom,2,1,3,2,1,1,0
776893,6,bottom,3,2,2,2,1,1,0
776893,7,top,1,1,2,2,1,1,0
776893,7,top,2,1,1,2,1,1,0
776893,7,top,3,3,3,2,1,1,0
776893,7,bottom,1,3,3,2,1,1,0
776893,7,bottom,2,0,0,2,1,1,0
776893,7,bottom,3,3,2,2,1,1,0
776893,8,top,1,0,0,2,1,1,0
776893,8,top,2,1,1,2,1,1,0
776893,8,top,2,2,0,2,1,1,0
776893,8,top,2,0,0,2,2,0,0
776893,8,top,3,1,0,2,2,0,0
776893,8,bottom,1,1,2,2,2,0,0
776893,8,bottom,2,2,3,2,2,0,0
776893,8,bottom,2,4,1,2,2,0,0
776893,8,bottom,2,1,2,2,2,0,0
776893,8,bottom,3,0,0,2,2,0,0
776893,9,top,0,0,0,2,2,0,0
776893,9,top,1,0,0,2,2,0,0
776893,9,top,2,1,0,2,2,0,0
776893,9,top,3,1,0,2,2,0,0
776893,9,bottom,1,1,0,2,2,0,0
776893,9,bottom,2,0,3,2,2,0,0
776893,9,bottom,2,3,2,2,2,0,0
776893,9,bottom,3,0,1,2,2,0,0
776893,10,top,0,0,0,2,3,-1,0
776893,10,top,0,1,2,2,3,-1,0
776893,10,top,0,4,0,2,3,-1,0
776893,10,top,0,2,1,2,5,-3,0
776893,10,top,1,1,1,2,7,-5,0
776893,10,top,2,1,0,2,7,-5,0
776893,10,top,3,0,0,2,7,-5,0
776893,10,bottom,0,1,2,3,7,-4,0
776893,10,bottom,1,3,3,3,7,-4,0
776893,10,bottom,2,2,2,3,7,-4,0
776893,10,bottom,2,4,0,3,7,-4,0
776893,10,bottom,2,0,1,4,7,-3,0
776893,10,bottom,3,2,1,4,7,-3,0
776872,1,top,0,0,0,0,0,0,1
776872,1,top,0,1,0,0,1,-1,1
776872,1,top,1,0,0,0,1,-1,1
776872,1,top,2,1,3,0,1,-1,1
776872,1,top,2,1,2,0,1,-1,1
776872,1,top,3,0,0,0,1,-1,1
776872,1,bottom,1,3,2,0,1,-1,1
776872,1,bottom,1,0,0,0,1,-1,1
776872,1,bottom,1,0,2,0,1,-1,1
776872,1,bottom,3,3,3,0,1,-1,1
776872,2,top,0,1,1,0,1,-1,1
776872,2,top,1,2,0,0,1,-1,1
776872,2,top,1,2,2,0,2,-2,1
776872,2,top,2,2,1,0,2,-2,1
776872,2,top,3,3,2,0,2,-2,1
776872,2,bottom,1,2,2,0,2,-2,1
776872,2,bottom,1,2,1,0,2,-2,1
776872,2,bottom,2,1,0,0,2,-2,1
776872,2,bottom,2,4,2,0,2,-2,1
776872,2,bottom,3,0,2,0,2,-2,1
776872,3,top,0,1,2,0,2,-2,1
776872,3,top,0,1,2,0,2,-2,1
776872,3,top,1,1,0,0,2,-2,1
776872,3,top,1,2,1,0,5,-5,1
776872,3,top,1,2,0,0,5,-5,1
776872,3,top,1,2,2,0,6,-6,1
776872,3,top,2,3,2,0,7,-7,1
776872,3,top,2,4,1,0,7,-7,1
776872,3,top,2,1,1,0,9,-9,1
776872,3,top,3,0,0,0,9,-9,1
776872,3,bottom,1,1,0,0,9,-9,1
776872,3,bottom,2,2,3,0,9,-9,1
776872,3,bottom,3,2,2,0,9,-9,1
776872,4,top,1,0,1,0,9,-9,1
776872,4,top,2,0,2,0,9,-9,1
776872,4,top,3,1,1,0,9,-9,1
776872,4,bottom,0,3,2,0,9,-9,1
776872,4,bottom,1,1,0,0,9,-9,1
776872,4,bottom,2,0,3,0,9,-9,1
776872,4,bottom,3,0,0,0,9,-9,1
776872,5,top,0,1,0,0,9,-9,1
776872,5,top,2,0,0,0,9,-9,1
776872,5,top,2,1,1,0,9,-9,1
776872,5,top,2,1,1,0,9,-9,1
776872,5,top,3,1,1,0,9,-9,1
776872,5,bottom,1,1,1,0,9,-9,1
776872,5,bottom,2,1,1,0,9,-9,1
776872,5,bottom,2,2,1,0,9,-9,1
776872,5,bottom,2,0,1,1,9,-8,1
776872,5,bottom,3,1,3,1,9,-8,1
776872,6,top,1,0,2,1,9,-8,1
776872,6,top,1,1,2,1,9,-8,1
776872,6,top,2,1,1,1,9,-8,1
776872,6,top,3,0,1,1,9,-8,1
776872,6,bottom,1,0,2,1,9,-8,1
776872,6,bottom,1,3,2,1,9,-8,1
776872,6,bottom,3,1,1,1,9,-8,1
776872,7,top,0,1,1,1,9,-8,1
776872,7,top,0,1,0,1,9,-8,1
776872,7,top,1,0,3,1,9,-8,1
776872,7,top,1,2,1,1,10,-9,1
776872,7,top,1,0,0,1,13,-12,1
776872,7,top,2,3,2,1,13,-12,1
776872,7,top,2,4,0,1,13,-12,1
776872,7,top,2,0,0,1,13,-12,1
776872,7,top,2,2,1,1,14,-13,1
776872,7,top,3,0,2,1,14,-13,1
776872,7,bottom,1,0,3,1,14,-13,1
776872,7,bottom,2,1,3,1,14,-13,1
776872,7,bottom,2,1,1,1,14,-13,1
776872,7,bottom,3,1,3,1,14,-13,1
776872,8,top,0,3,2,1,14,-13,1
776872,8,top,1,0,3,1,14,-13,1
776872,8,top,1,4,2,1,14,-13,1
776872,8,top,3,2,1,1,14,-13,1
776872,8,bottom,1,1,0,1,14,-13,1
776872,8,bottom,1,4,1,1,14,-13,1
776872,8,bottom,3,0,2,1,14,-13,1
776872,9,top,0,0,0,1,14,-13,1
776872,9,top,1,0,1,1,14,-13,1
776872,9,top,2,3,3,1,14,-13,1
776872,9,top,2,1,2,1,14,-13,1
776872,9,top,2,2,2,1,15,-14,1
776872,9,top,3,2,3,1,15,-14,1
776872,9,bottom,1,2,2,1,15,-14,1
776872,9,bottom,2,0,0,1,15,-14,1
776872,9,bottom,3,0,0,1,15,-14,1
776854,1,top,1,1,0,0,0,0,1
776854,1,top,1,1,1,0,0,0,1
776854,1,top,3,1,0,0,0,0,1
776854,1,bottom,1,1,3,0,0,0,1
776854,1,bottom,1,0,1,0,0,0,1
776854,1,bottom,1,0,0,2,0,2,1
776854,1,bottom,2,1,0,2,0,2,1
776854,1,bottom,3,1,3,2,0,2,1
776854,2,top,1,2,3,2,0,2,1
776854,2,top,1,1,1,2,0,2,1
776854,2,top,2,1,0,2,0,2,1
776854,2,top,3,2,0,2,0,2,1
776854,2,bottom,1,2,3,2,0,2,1
776854,2,bottom,2,1,0,2,0,2,1
776854,2,bottom,3,0,1,2,0,2,1
776854,3,top,1,3,3,2,0,2,1
776854,3,top,2,2,2,2,0,2,1
776854,3,top,2,3,2,2,1,1,1
776854,3,top,3,1,1,2,1,1,1
776854,3,bottom,0,2,0,2,1,1,1
776854,3,bottom,1,1,1,2,1,1,1
776854,3,bottom,2,0,0,2,1,1,1
776854,3,bottom,2,4,2,2,1,1,1
776854,3,bottom,3,2,1,2,1,1,1
776854,4,top,1,1,0,2,1,1,1
776854,4,top,2,3,1,2,1,1,1
776854,4,top,2,0,0,2,1,1,1
776854,4,top,2,2,0,2,3,-1,1
776854,4,top,3,0,1,2,3,-1,1
776854,4,bottom,0,0,1,2,3,-1,1
776854,4,bottom,1,3,2,2,3,-1,1
776854,4,bottom,2,0,1,2,3,-1,1
776854,4,bottom,3,0,0,2,3,-1,1
776854,5,top,0,2,2,2,3,-1,1
776854,5,top,1,0,1,2,3,-1,1
776854,5,top,2,1,1,2,3,-1,1
776854,5,top,3,0,0,2,3,-1,1
776854,5,bottom,1,3,3,2,3,-1,1
776854,5,bottom,1,0,1,2,3,-1,1
776854,5,bottom,3,0,1,2,3,-1,1
776854,6,top,0,3,0,2,4,-2,1
776854,6,top,0,0,0,2,5,-3,1
776854,6,top,0,4,0,2,5,-3,1
776854,6,top,0,3,2,2,7,-5,1
776854,6,top,1,1,3,2,7,-5,1
776854,6,top,1,1,0,2,7,-5,1
776854,6,top,2,1,2,2,7,-5,1
776854,6,top,2,4,1,2,7,-5,1
776854,6,top,3,2,2,2,7,-5,1
776854,6,bottom,1,1,3,2,7,-5,1
776854,6,bottom,1,3,2,2,7,-5,1
776854,6,bottom,1,1,1,2,7,-5,1
776854,6,bottom,1,0,0,3,7,-4,1
776854,6,bottom,1,1,2,4,7,-3,1
776854,6,bottom,3,2,0,4,7,-3,1
776854,7,top,0,1,0,4,7,-3,1
776854,7,top,1,2,3,4,7,-3,1
776854,7,top,2,0,0,4,7,-3,1
776854,7,top,3,3,2,4,7,-3,1
776854,7,bottom,1,0,1,4,7,-3,1
776854,7,bottom,1,4,1,4,7,-3,1
776854,7,bottom,1,1,2,4,7,-3,1
776854,7,bottom,2,2,2,4,7,-3,1
776854,7,bottom,3,3,2,4,7,-3,1
776854,8,top,1,0,0,4,7,-3,1
776854,8,top,2,1,0,4,7,-3,1
776854,8,top,3,0,1,4,7,-3,1
776854,8,bottom,0,4,1,4,7,-3,1
776854,8,bottom,1,1,1,4,7,-3,1
776854,8,bottom,2,2,3,4,7,-3,1
776854,8,bottom,3,1,3,4,7,-3,1
776854,9,top,0,1,1,4,7,-3,1
776854,9,top,0,1,1,4,7,-3,1
776854,9,top,0,0,2,4,8,-4,1
776854,9,top,1,2,2,4,8,-4,1
776854,9,top,2,0,1,4,8,-4,1
776854,9,top,2,1,0,4,10,-6,1
776854,9,top,3,1,2,4,10,-6,1
776854,9,bottom,1,2,1,4,10,-6,1
776854,9,bottom,2,1,1,4,10,-6,1
776854,9,bottom,3,1,0,4,10,-6,1
776836,1,top,0,0,1,0,0,0,1
776836,1,top,1,1,3,0,0,0,1
776836,1,top,2,1,2,0,0,0,1
776836,1,top,3,0,2,0,0,0,1
776836,1,bottom,0,1,0,0,0,0,1
776836,1,bottom,1,0,3,0,0,0,1
776836,1,bottom,1,1,2,1,0,1,1
776836,1,bottom,1,4,1,1,0,1,1
776836,1,bottom,2,1,0,1,0,1,1
776836,1,bottom,3,0,0,1,0,1,1
776836,2,top,0,2,1,1,0,1,1
776836,2,top,1,2,2,1,0,1,1
776836,2,top,2,0,1,1,0,1,1
776836,2,top,3,1,2,1,0,1,1
776836,2,bottom,1,0,0,1,0,1,1
776836,2,bottom,2,1,1,1,0,1,1
776836,2,bottom,3,1,2,1,0,1,1
776836,3,top,1,1,1,1,0,1,1
776836,3,top,2,0,0,1,0,1,1
776836,3,top,2,1,1,1,0,1,1
776836,3,top,2,0,0,1,0,1,1
776836,3,top,2,0,0,1,3,-2,1
776836,3,top,2,1,2,1,3,-2,1
776836,3,top,3,0,2,1,3,-2,1
776836,3,bottom,1,1,2,1,3,-2,1
776836,3,bottom,2,0,0,1,3,-2,1
776836,3,bottom,2,0,1,1,3,-2,1
776836,3,bottom,2,4,1,1,3,-2,1
776836,3,bottom,3,2,3,1,3,-2,1
776836,4,top,1,0,3,1,3,-2,1
776836,4,top,1,4,0,1,3,-2,1
776836,4,top,1,0,1,1,3,-2,1
776836,4,top,2,0,2,1,3,-2,1
776836,4,top,3,0,3,1,3,-2,1
776836,4,bottom,1,0,0,1,3,-2,1
776836,4,bottom,2,1,3,1,3,-2,1
776836,4,bottom,3,1,3,1,3,-2,1
776836,5,top,1,1,3,1,3,-2,1
776836,5,top,2,1,1,1,3,-2,1
776836,5,top,2,1,1,1,3,-2,1
776836,5,top,2,4,1,1,3,-2,1
776836,5,top,2,0,0,1,5,-4,1
776836,5,top,2,2,2,1,6,-5,1
776836,5,top,3,1,1,1,6,-5,1
776836,5,bottom,1,0,1,1,6,-5,1
776836,5,bottom,1,1,1,1,6,-5,1
776836,5,bottom,2,1,2,1,6,-5,1
776836,5,bottom,3,0,2,1,6,-5,1
776836,6,top,0,0,0,1,7,-6,1
776836,6,top,0,1,1,1,7,-6,1
776836,6,top,0,0,1,1,7,-6,1
776836,6,top,1,0,0,1,7,-6,1
776836,6,top,1,1,0,1,8,-7,1
776836,6,top,1,2,0,1,10,-9,1
776836,6,top,2,0,0,1,10,-9,1
776836,6,top,3,1,2,1,10,-9,1
776836,6,bottom,1,3,3,1,10,-9,1
776836,6,bottom,2,1,3,1,10,-9,1
776836,6,bottom,3,0,2,1,10,-9,1
776836,7,top,1,3,2,1,10,-9,1
776836,7,top,2,2,3,1,10,-9,1
776836,7,top,3,1,1,1,10,-9,1
776836,7,bottom,1,2,3,1,10,-9,1
776836,7,bottom,2,2,2,1,10,-9,1
776836,7,bottom,3,0,3,1,10,-9,1
776836,8,top,0,1,0,1,11,-10,1
776836,8,top,1,3,3,1,11,-10,1
776836,8,top,1,0,0,1,11,-10,1
776836,8,top,1,2,2,1,11,-10,1
776836,8,top,2,0,0,1,12,-11,1
776836,8,top,2,4,2,1,12,-11,1
776836,8,top,2,4,2,1,12,-11,1
776836,8,top,3,2,2,1,12,-11,1
776836,8,bottom,1,1,1,1,12,-11,1
776836,8,bottom,2,0,3,1,12,-11,1
776836,8,bottom,3,2,3,1,12,-11,1
776836,9,top,0,0,1,1,12,-11,1
776836,9,top,0,1,0,1,13,-12,1
776836,9,top,0,0,1,1,14,-13,1
776836,9,top,0,1,1,1,14,-13,1
776836,9,top,1,1,0,1,15,-14,1
776836,9,top,2,1,0,1,16,-15,1
776836,9,top,2,3,2,1,16,-15,1
776836,9,top,2,0,0,1,16,-15,1
776836,9,top,2,3,1,1,19,-18,1
776836,9,top,2,0,0,1,20,-19,1
776836,9,top,3,1,1,1,20,-19,1
776836,9,bottom,1,1,2,1,20,-19,1
776836,9,bottom,1,0,0,1,20,-19,1
776836,9,bottom,2,2,3,1,20,-19,1
776836,9,bottom,3,1,2,1,20,-19,1
776823,1,top,1,1,3,0,0,0,0
776823,1,top,2,0,0,0,0,0,0
776823,1,top,3,2,3,0,0,0,0
776823,1,bottom,0,1,1,0,0,0,0
776823,1,bottom,0,0,1,0,0,0,0
776823,1,bottom,1,3,3,0,0,0,0
776823,1,bottom,2,0,0,0,0,0,0
776823,1,bottom,2,4,0,0,0,0,0
776823,1,bottom,3,1,3,0,0,0,0
776823,2,top,0,2,1,0,0,0,0
776823,2,top,1,0,1,0,0,0,0
776823,2,top,1,1,2,0,1,-1,0
776823,2,top,1,1,1,0,1,-1,0
776823,2,top,1,2,2,0,1,-1,0
776823,2,top,3,0,2,0,1,-1,0
776823,2,bottom,1,1,2,0,1,-1,0
776823,2,bottom,2,2,1,0,1,-1,0
776823,2,bottom,3,2,2,0,1,-1,0
776823,3,top,0,0,1,0,1,-1,0
776823,3,top,1,0,0,0,1,-1,0
776823,3,top,2,0,3,0,1,-1,0
776823,3,top,3,0,1,0,1,-1,0
776823,3,bottom,1,0,2,0,1,-1,0
776823,3,bottom,2,0,2,0,1,-1,0
776823,3,bottom,3,1,0,0,1,-1,0
776823,4,top,1,0,2,0,1,-1,0
776823,4,top,1,1,1,0,1,-1,0
776823,4,top,3,1,0,0,1,-1,0
776823,4,bottom,1,1,2,0,1,-1,0
776823,4,bottom,2,0,1,0,1,-1,0
776823,4,bottom,2,0,2,0,1,-1,0
776823,4,bottom,3,2,3,0,1,-1,0
776823,5,top,0,1,1,0,1,-1,0
776823,5,top,1,0,3,0,1,-1,0
776823,5,top,2,1,1,0,1,-1,0
776823,5,top,3,1,1,0,1,-1,0
776823,5,bottom,0,3,2,0,1,-1,0
776823,5,bottom,2,0,1,0,1,-1,0
776823,5,bottom,2,2,2,0,1,-1,0
776823,5,bottom,2,0,0,2,1,1,0
776823,5,bottom,2,4,0,2,1,1,0
776823,5,bottom,3,0,0,2,1,1,0
776823,6,top,0,4,1,2,1,1,0
776823,6,top,2,1,2,2,1,1,0
776823,6,top,3,1,0,2,1,1,0
776823,6,bottom,0,4,2,2,1,1,0
776823,6,bottom,1,0,0,2,1,1,0
776823,6,bottom,2,2,3,2,1,1,0
776823,6,bottom,3,2,3,2,1,1,0
776823,7,top,1,2,3,2,1,1,0
776823,7,top,2,3,2,2,1,1,0
776823,7,top,2,2,2,2,1,1,0
776823,7,top,3,1,0,2,1,1,0
776823,7,bottom,0,4,0,2,1,1,0
776823,7,bottom,0,0,0,2,1,1,0
776823,7,bottom,0,1,1,3,1,2,0
776823,7,bottom,0,4,0,3,1,2,0
776823,7,bottom,0,4,2,4,1,3,0
776823,7,bottom,1,2,3,4,1,3,0
776823,7,bottom,2,1,1,5,1,4,0
776823,7,bottom,3,0,1,5,1,4,0
776823,8,top,1,3,3,5,1,4,0
776823,8,top,2,0,0,5,1,4,0
776823,8,top,2,2,2,5,1,4,0
776823,8,top,3,1,3,5,1,4,0
776823,8,bottom,1,0,0,5,1,4,0
776823,8,bottom,2,1,0,5,1,4,0
776823,8,bottom,3,3,3,5,1,4,0
776823,9,top,1,1,0,5,1,4,0
776823,9,top,2,2,2,5,1,4,0
776823,9,top,2,2,1,5,1,4,0
776823,9,top,3,0,1,5,1,4,0
776808,1,top,1,0,3,0,0,0,0
776808,1,top,2,0,3,0,0,0,0
776808,1,top,3,1,1,0,0,0,0
776808,1,bottom,1,0,3,0,0,0,0
776808,1,bottom,2,2,2,0,0,0,0
776808,1,bottom,3,1,2,0,0,0,0
776808,2,top,1,2,3,0,0,0,0
776808,2,top,2,3,3,0,0,0,0
776808,2,top,2,1,1,0,0,0,0
776808,2,top,3,2,3,0,0,0,0
776808,2,bottom,1,0,0,0,0,0,0
776808,2,bottom,2,3,2,0,0,0,0
776808,2,bottom,3,1,1,0,0,0,0
776808,3,top,0,3,2,0,0,0,0
776808,3,top,1,0,3,0,0,0,0
776808,3,top,1,4,2,0,0,0,0
776808,3,top,2,2,3,0,0,0,0
776808,3,top,3,1,2,0,0,0,0
776808,3,bottom,0,4,0,0,0,0,0
776808,3,bottom,1,0,1,0,0,0,0
776808,3,bottom,2,0,1,0,0,0,0
776808,3,bottom,2,0,0,0,0,0,0
776808,3,bottom,3,0,1,0,0,0,0
776808,4,top,1,0,0,0,0,0,0
776808,4,top,1,4,1,0,0,0,0
776808,4,top,2,2,3,0,0,0,0
776808,4,top,2,4,0,0,0,0,0
776808,4,top,3,3,3,0,0,0,0
776808,4,bottom,0,4,1,0,0,0,0
776808,4,bottom,0,0,1,2,0,2,0
776808,4,bottom,1,2,3,2,0,2,0
776808,4,bottom,2,1,2,2,0,2,0
776808,4,bottom,2,0,1,2,0,2,0
776808,4,bottom,3,1,1,2,0,2,0
776808,5,top,1,1,3,2,0,2,0
776808,5,top,2,2,1,2,0,2,0
776808,5,top,2,2,0,2,0,2,0
776808,5,top,3,0,0,2,0,2,0
776808,5,bottom,1,0,0,2,0,2,0
776808,5,bottom,1,3,1,3,0,3,0
776808,5,bottom,2,1,0,3,0,3,0
776808,5,bottom,2,0,0,3,0,3,0
776808,5,bottom,2,2,1,3,0,3,0
776808,5,bottom,3,1,0,3,0,3,0
776808,6,top,1,0,1,3,0,3,0
776808,6,top,2,1,2,3,0,3,0
776808,6,top,2,4,1,3,0,3,0
776808,6,top,3,1,3,3,0,3,0
776808,6,bottom,0,2,2,3,0,3,0
776808,6,bottom,0,3,1,3,0,3,0
776808,6,bottom,0,4,2,3,0,3,0
776808,6,bottom,0,0,0,5,0,5,0
776808,6,bottom,0,4,0,5,0,5,0
776808,6,bottom,0,0,0,7,0,7,0
776808,6,bottom,1,3,3,7,0,7,0
776808,6,bottom,1,4,0,7,0,7,0
776808,6,bottom,2,1,3,7,0,7,0
776808,6,bottom,2,2,1,9,0,9,0
776808,6,bottom,3,0,1,9,0,9,0
776808,7,top,1,3,2,9,0,9,0
776808,7,top,2,1,0,9,0,9,0
776808,7,top,3,1,3,9,0,9,0
776808,7,bottom,1,1,3,9,0,9,0
776808,7,bottom,2,3,3,9,0,9,0
776808,7,bottom,2,3,2,9,0,9,0
776808,7,bottom,3,2,3,9,0,9,0
776808,8,top,0,1,1,9,1,8,0
776808,8,top,1,2,3,9,1,8,0
776808,8,top,2,0,1,9,1,8,0
776808,8,top,3,1,2,9,1,8,0
776808,8,bottom,1,2,2,9,1,8,0
776808,8,bottom,2,3,3,9,1,8,0
776808,8,bottom,3,1,0,9,1,8,0
776808,9,top,1,1,3,9,1,8,0
776808,9,top,1,4,2,9,1,8,0
776808,9,top,2,3,2,9,1,8,0
776808,9,top,2,2,2,9,1,8,0
776808,9,top,3,2,2,9,1,8,0
776788,1,top,1,0,0,0,0,0,1
776788,1,top,1,4,1,0,0,0,1
776788,1,top,1,1,0,0,1,-1,1
776788,1,top,2,0,2,0,1,-1,1
776788,1,top,3,1,3,0,1,-1,1
776788,1,bottom,0,1,2,1,1,0,1
776788,1,bottom,0,4,2,1,1,0,1
776788,1,bottom,1,3,3,1,1,0,1
776788,1,bottom,2,0,2,2,1,1,1
776788,1,bottom,2,0,1,2,1,1,1
776788,1,bottom,2,4,0,2,1,1,1
776788,1,bottom,3,1,2,2,1,1,1
776788,2,top,0,4,1,2,1,1,1
776788,2,top,1,2,3,2,1,1,1
776788,2,top,1,0,0,2,1,1,1
776788,2,top,1,4,2,2,1,1,1
776788,2,top,3,0,1,2,1,1,1
776788,2,bottom,0,3,2,2,1,1,1
776788,2,bottom,1,0,2,2,1,1,1
776788,2,bottom,1,4,0,2,1,1,1
776788,2,bottom,1,0,0,2,1,1,1
776788,2,bottom,2,3,0,2,1,1,1
776788,2,bottom,2,4,0,3,1,2,1
776788,2,bottom,3,1,3,3,1,2,1
776788,3,top,1,2,2,3,1,2,1
776788,3,top,2,1,3,3,1,2,1
776788,3,top,3,0,3,3,1,2,1
776788,3,bottom,1,2,3,3,1,2,1
776788,3,bottom,1,0,0,3,1,2,1
776788,3,bottom,2,1,1,3,1,2,1
776788,3,bottom,3,2,3,3,1,2,1
776788,4,top,1,3,3,3,1,2,1
776788,4,top,1,4,1,3,1,2,1
776788,4,top,3,1,2,3,1,2,1
776788,4,bottom,1,0,3,3,1,2,1
776788,4,bottom,1,3,2,3,1,2,1
776788,4,bottom,3,0,0,3,1,2,1
776788,5,top,1,1,3,3,1,2,1
776788,5,top,2,2,3,3,1,2,1
776788,5,top,3,1,1,3,1,2,1
776788,5,bottom,1,2,1,3,1,2,1
776788,5,bottom,2,2,3,3,1,2,1
776788,5,bottom,2,1,2,3,1,2,1
776788,5,bottom,2,4,2,3,1,2,1
776788,5,bottom,3,0,3,3,1,2,1
776788,6,top,0,1,1,3,1,2,1
776788,6,top,1,1,0,3,1,2,1
776788,6,top,2,0,3,3,1,2,1
776788,6,top,2,0,2,3,2,1,1
776788,6,top,3,2,1,3,2,1,1
776788,6,bottom,1,2,3,3,2,1,1
776788,6,bottom,1,2,2,3,2,1,1
776788,6,bottom,2,2,2,3,2,1,1
776788,6,bottom,2,4,2,3,2,1,1
776788,6,bottom,3,0,1,3,2,1,1
776788,7,top,1,3,3,3,2,1,1
776788,7,top,2,0,3,3,2,1,1
776788,7,top,2,1,0,3,2,1,1
776788,7,top,3,1,0,3,2,1,1
776788,7,bottom,1,1,1,3,2,1,1
776788,7,bottom,1,2,1,3,2,1,1
776788,7,bottom,2,0,0,3,2,1,1
776788,7,bottom,3,1,1,3,2,1,1
776788,8,top,1,0,3,3,2,1,1
776788,8,top,1,0,2,3,3,0,1
776788,8,top,1,0,1,3,4,-1,1
776788,8,top,2,1,1,3,4,-1,1
776788,8,top,3,1,3,3,4,-1,1
776788,8,bottom,0,4,1,3,4,-1,1
776788,8,bottom,1,0,0,3,4,-1,1
776788,8,bottom,1,4,0,3,4,-1,1
776788,8,bottom,2,1,3,3,4,-1,1
776788,8,bottom,2,4,2,3,4,-1,1
776788,8,bottom,2,4,2,4,4,0,1
776788,8,bottom,3,3,1,4,4,0,1
776788,9,top,0,0,0,4,5,-1,1
776788,9,top,1,3,3,4,5,-1,1
776788,9,top,1,0,1,4,5,-1,1
776788,9,top,2,1,3,4,5,-1,1
776788,9,top,3,1,2,4,5,-1,1
776788,9,bottom,0,4,1,4,5,-1,1
776788,9,bottom,0,4,1,4,5,-1,1
776788,9,bottom,1,0,0,4,5,-1,1
776788,9,bottom,1,4,0,4,5,-1,1
776788,9,bottom,2,3,3,4,5,-1,1
776788,9,bottom,3,1,1,4,5,-1,1
776768,1,top,1,2,1,0,0,0,1
776768,1,top,2,1,0,0,0,0,1
776768,1,top,3,0,0,0,0,0,1
776768,1,bottom,1,0,2,0,0,0,1
776768,1,bottom,1,3,2,0,0,0,1
776768,1,bottom,1,0,0,0,0,0,1
776768,1,bottom,2,0,3,0,0,0,1
776768,1,bottom,2,0,0,1,0,1,1
776768,1,bottom,3,3,2,1,0,1,1
776768,2,top,1,0,3,1,0,1,1
776768,2,top,2,1,1,1,0,1,1
776768,2,top,2,4,2,1,0,1,1
776768,2,top,3,1,2,1,0,1,1
776768,2,bottom,0,0,1,1,0,1,1
776768,2,bottom,1,1,2,1,0,1,1
776768,2,bottom,2,2,2,1,0,1,1
776768,2,bottom,3,2,2,1,0,1,1
776768,3,top,0,2,2,1,0,1,1
776768,3,top,0,4,2,1,0,1,1
776768,3,top,1,2,2,1,0,1,1
776768,3,top,2,1,1,1,0,1,1
776768,3,top,2,4,0,1,0,1,1
776768,3,top,3,2,3,1,0,1,1
776768,3,bottom,1,1,1,1,0,1,1
776768,3,bottom,1,1,1,1,0,1,1
776768,3,bottom,2,1,3,1,0,1,1
776768,3,bottom,3,0,1,1,0,1,1
776768,4,top,1,2,1,1,0,1,1
776768,4,top,2,2,1,1,0,1,1
776768,4,top,3,0,0,1,0,1,1
776768,4,bottom,0,1,0,1,0,1,1
776768,4,bottom,0,2,0,1,0,1,1
776768,4,bottom,0,0,0,4,0,4,1
776768,4,bottom,0,4,2,4,0,4,1
776768,4,bottom,2,0,0,4,0,4,1
776768,4,bottom,2,1,1,4,0,4,1
776768,4,bottom,3,0,0,4,0,4,1
776768,5,top,1,0,0,4,0,4,1
776768,5,top,2,1,3,4,0,4,1
776768,5,top,2,4,2,4,0,4,1
776768,5,top,3,2,2,4,0,4,1
776768,5,bottom,1,0,0,4,0,4,1
776768,5,bottom,1,4,1,4,0,4,1
776768,5,bottom,1,0,1,4,0,4,1
776768,5,bottom,3,1,1,4,0,4,1
776768,6,top,1,1,0,4,0,4,1
776768,6,top,1,0,1,4,0,4,1
776768,6,top,2,1,2,4,0,4,1
776768,6,top,2,4,2,4,0,4,1
776768,6,top,3,0,1,4,0,4,1
776768,6,bottom,1,0,1,4,0,4,1
776768,6,bottom,2,3,2,4,0,4,1
776768,6,bottom,2,2,1,4,0,4,1
776768,6,bottom,3,3,2,4,0,4,1
776768,7,top,0,4,0,4,0,4,1
776768,7,top,0,1,2,4,0,4,1
776768,7,top,0,0,0,4,1,3,1
776768,7,top,1,1,3,4,1,3,1
776768,7,top,2,0,0,4,1,3,1
776768,7,top,2,4,1,4,1,3,1
776768,7,top,3,2,3,4,1,3,1
776768,7,bottom,0,1,1,4,1,3,1
776768,7,bottom,1,1,0,4,1,3,1
776768,7,bottom,3,0,1,4,1,3,1
776768,8,top,1,0,3,4,1,3,1
776768,8,top,2,0,2,4,1,3,1
776768,8,top,3,3,3,4,1,3,1
776768,8,bottom,0,1,2,5,1,4,1
776768,8,bottom,0,0,0,5,1,4,1
776768,8,bottom,1,0,1,5,1,4,1
776768,8,bottom,2,3,1,5,1,4,1
776768,8,bottom,3,1,2,5,1,4,1
776768,9,top,1,1,3,5,1,4,1
776768,9,top,2,0,1,5,1,4,1
776768,9,top,3,2,3,5,1,4,1
776757,1,top,1,2,2,0,0,0,0
776757,1,top,2,1,0,0,0,0,0
776757,1,top,3,0,2,0,0,0,0
776757,1,bottom,1,0,3,0,0,0,0
776757,1,bottom,2,0,2,0,0,0,0
776757,1,bottom,3,2,1,0,0,0,0
776757,2,top,1,3,3,0,0,0,0
776757,2,top,2,0,1,0,0,0,0
776757,2,top,2,1,1,0,0,0,0
776757,2,top,3,2,2,0,0,0,0
776757,2,bottom,1,2,2,0,0,0,0
776757,2,bottom,2,1,3,0,0,0,0
776757,2,bottom,3,1,3,0,0,0,0
776757,3,top,1,0,0,0,0,0,0
776757,3,top,2,1,1,0,0,0,0
776757,3,top,2,3,1,0,1,-1,0
776757,3,top,2,4,2,0,1,-1,0
776757,3,top,3,1,1,0,1,-1,0
776757,3,bottom,1,0,2,0,1,-1,0
776757,3,bottom,2,3,3,0,1,-1,0
776757,3,bottom,3,1,3,0,1,-1,0
776757,4,top,1,0,0,0,1,-1,0
776757,4,top,2,0,0,0,1,-1,0
776757,4,top,3,1,3,0,1,-1,0
776757,4,bottom,1,0,0,0,1,-1,0
776757,4,bottom,1,4,0,0,1,-1,0
776757,4,bottom,2,3,0,0,1,-1,0
776757,4,bottom,3,3,3,0,1,-1,0
776757,5,top,1,0,0,0,1,-1,0
776757,5,top,1,1,2,0,2,-2,0
776757,5,top,2,0,0,0,2,-2,0
776757,5,top,3,2,2,0,2,-2,0
776757,5,bottom,1,0,1,0,2,-2,0
776757,5,bottom,2,3,3,0,2,-2,0
776757,5,bottom,3,1,3,0,2,-2,0
776757,6,top,1,2,2,0,2,-2,0
776757,6,top,2,1,1,0,2,-2,0
776757,6,top,3,3,3,0,2,-2,0
776757,6,bottom,1,1,1,0,2,-2,0
776757,6,bottom,1,0,2,0,2,-2,0
776757,6,bottom,2,0,0,0,2,-2,0
776757,6,bottom,2,4,2,0,2,-2,0
776757,6,bottom,2,2,2,1,2,-1,0
776757,6,bottom,3,1,1,1,2,-1,0
776757,7,top,1,0,0,1,2,-1,0
776757,7,top,2,2,1,1,2,-1,0
776757,7,top,3,0,0,1,2,-1,0
776757,7,bottom,1,1,1,1,2,-1,0
776757,7,bottom,2,1,2,1,2,-1,0
776757,7,bottom,3,2,3,1,2,-1,0
776757,8,top,0,4,0,1,2,-1,0
776757,8,top,0,1,2,1,2,-1,0
776757,8,top,1,2,1,1,3,-2,0
776757,8,top,1,3,2,1,4,-3,0
776757,8,top,2,1,3,1,4,-3,0
776757,8,top,3,0,3,1,4,-3,0
776757,8,bottom,1,0,0,1,4,-3,0
776757,8,bottom,2,0,1,1,4,-3,0
776757,8,bottom,3,2,1,1,4,-3,0
776757,9,top,1,1,3,1,4,-3,0
776757,9,top,1,0,0,1,4,-3,0
776757,9,top,2,0,2,1,4,-3,0
776757,9,top,3,1,0,1,4,-3,0
776757,9,bottom,1,0,3,1,4,-3,0
776757,9,bottom,2,0,1,1,4,-3,0
776757,9,bottom,3,0,2,1,4,-3,0
776747,1,top,1,0,0,0,0,0,1
776747,1,top,2,0,1,0,0,0,1
776747,1,top,3,2,2,0,0,0,1
776747,1,bottom,1,2,3,0,0,0,1
776747,1,bottom,2,0,3,0,0,0,1
776747,1,bottom,3,0,1,0,0,0,1
776747,2,top,1,1,1,0,0,0,1
776747,2,top,2,0,0,0,0,0,1
776747,2,top,3,0,2,0,0,0,1
776747,2,bottom,1,1,0,0,0,0,1
776747,2,bottom,2,1,3,0,0,0,1
776747,2,bottom,3,1,3,0,0,0,1
776747,3,top,1,0,0,0,0,0,1
776747,3,top,1,0,1,0,0,0,1
776747,3,top,2,0,3,0,0,0,1
776747,3,top,3,0,3,0,0,0,1
776747,3,bottom,1,0,0,0,0,0,1
776747,3,bottom,1,2,2,0,0,0,1
776747,3,bottom,3,1,0,0,0,0,1
776747,4,top,1,0,0,0,0,0,1
776747,4,top,2,1,0,0,0,0,1
776747,4,top,2,4,0,0,0,0,1
776747,4,top,3,1,1,0,0,0,1
776747,4,bottom,1,1,2,0,0,0,1
776747,4,bottom,2,0,0,0,0,0,1
776747,4,bottom,3,2,1,0,0,0,1
776747,5,top,1,0,1,0,0,0,1
776747,5,top,2,1,2,0,0,0,1
776747,5,top,3,2,3,0,0,0,1
776747,5,bottom,1,1,1,0,0,0,1
776747,5,bottom,2,1,2,0,0,0,1
776747,5,bottom,3,0,0,0,0,0,1
776747,6,top,1,1,1,0,0,0,1
776747,6,top,1,0,0,0,1,-1,1
776747,6,top,1,0,1,0,1,-1,1
776747,6,top,2,1,0,0,1,-1,1
776747,6,top,3,1,0,0,1,-1,1
776747,6,bottom,1,1,3,0,1,-1,1
776747,6,bottom,2,0,1,0,1,-1,1
776747,6,bottom,3,2,1,0,1,-1,1
776747,7,top,1,3,2,0,1,-1,1
776747,7,top,1,0,0,0,1,-1,1
776747,7,top,2,1,1,0,1,-1,1
776747,7,top,3,0,0,0,1,-1,1
776747,7,bottom,0,4,0,0,1,-1,1
776747,7,bottom,1,0,0,0,1,-1,1
776747,7,bottom,1,0,2,2,1,1,1
776747,7,bottom,2,3,2,2,1,1,1
776747,7,bottom,3,2,2,2,1,1,1
776747,8,top,0,2,2,2,1,1,1
776747,8,top,0,4,2,2,1,1,1
776747,8,top,1,2,3,2,1,1,1
776747,8,top,2,2,3,2,1,1,1
776747,8,top,3,2,3,2,1,1,1
776747,8,bottom,0,1,2,2,1,1,1
776747,8,bottom,1,1,1,2,1,1,1
776747,8,bottom,2,1,0,2,1,1,1
776747,8,bottom,3,3,3,2,1,1,1
776747,9,top,1,0,3,2,1,1,1
776747,9,top,1,0,0,2,1,1,1
776747,9,top,2,0,3,2,1,1,1
776747,9,top,3,2,3,2,1,1,1
776735,1,top,1,0,1,0,0,0,1
776735,1,top,2,3,3,0,0,0,1
776735,1,top,2,4,2,0,0,0,1
776735,1,top,3,3,2,0,0,0,1
776735,1,bottom,1,0,1,0,0,0,1
776735,1,bottom,2,1,2,0,0,0,1
776735,1,bottom,3,3,3,0,0,0,1
776735,2,top,1,2,2,0,0,0,1
776735,2,top,1,1,0,0,0,0,1
776735,2,top,1,4,1,0,0,0,1
776735,2,top,2,2,0,0,0,0,1
776735,2,top,2,0,1,0,3,-3,1
776735,2,top,2,1,2,0,3,-3,1
776735,2,top,3,2,2,0,3,-3,1
776735,2,bottom,0,3,2,0,3,-3,1
776735,2,bottom,1,1,2,0,3,-3,1
776735,2,bottom,2,0,1,0,3,-3,1
776735,2,bottom,2,1,1,0,3,-3,1
776735,2,bottom,3,1,2,0,3,-3,1
776735,3,top,1,0,3,0,3,-3,1
776735,3,top,1,4,1,0,3,-3,1
776735,3,top,3,3,2,0,3,-3,1
776735,3,bottom,1,1,2,0,3,-3,1
776735,3,bottom,2,2,2,0,3,-3,1
776735,3,bottom,3,2,2,0,3,-3,1
776735,4,top,1,1,1,0,3,-3,1
776735,4,top,1,1,1,0,3,-3,1
776735,4,top,2,0,3,0,3,-3,1
776735,4,top,3,2,2,0,3,-3,1
776735,4,bottom,0,3,1,0,3,-3,1
776735,4,bottom,1,1,3,0,3,-3,1
776735,4,bottom,2,1,3,0,3,-3,1
776735,4,bottom,3,2,2,0,3,-3,1
776735,5,top,1,3,2,0,3,-3,1
776735,5,top,1,4,2,0,3,-3,1
776735,5,top,2,1,0,0,3,-3,1
776735,5,top,3,3,3,0,3,-3,1
776735,5,bottom,1,1,3,0,3,-3,1
776735,5,bottom,2,0,2,0,3,-3,1
776735,5,bottom,3,2,3,0,3,-3,1
776735,6,top,1,0,1,0,3,-3,1
776735,6,top,2,1,1,0,3,-3,1
776735,6,top,2,4,2,0,3,-3,1
776735,6,top,3,0,1,0,3,-3,1
776735,6,bottom,1,1,1,0,3,-3,1
776735,6,bottom,2,1,1,0,3,-3,1
776735,6,bottom,3,1,2,0,3,-3,1
776735,7,top,1,2,3,0,3,-3,1
776735,7,top,2,0,1,0,3,-3,1
776735,7,top,3,0,3,0,3,-3,1
776735,7,bottom,0,0,1,0,3,-3,1
776735,7,bottom,1,3,2,0,3,-3,1
776735,7,bottom,1,0,1,2,3,-1,1
776735,7,bottom,2,2,0,2,3,-1,1
776735,7,bottom,3,0,0,2,3,-1,1
776735,8,top,1,0,3,2,3,-1,1
776735,8,top,2,0,0,2,3,-1,1
776735,8,top,2,4,1,2,3,-1,1
776735,8,top,2,0,0,2,5,-3,1
776735,8,top,3,2,3,2,5,-3,1
776735,8,bottom,0,2,1,2,5,-3,1
776735,8,bottom,0,3,2,2,5,-3,1
776735,8,bottom,0,1,2,3,5,-2,1
776735,8,bottom,0,4,2,3,5,-2,1
776735,8,bottom,1,2,3,3,5,-2,1
776735,8,bottom,1,4,1,4,5,-1,1
776735,8,bottom,1,1,2,6,5,1,1
776735,8,bottom,2,0,3,6,5,1,1
776735,8,bottom,3,0,1,6,5,1,1
776735,9,top,1,1,3,6,5,1,1
776735,9,top,2,1,3,6,5,1,1
776735,9,top,3,0,3,6,5,1,1
776723,1,top,1,0,1,0,0,0,1
776723,1,top,2,1,3,0,0,0,1
776723,1,top,2,2,2,0,0,0,1
776723,1,top,2,4,2,0,0,0,1
776723,1,top,3,1,2,0,0,0,1
776723,1,bottom,1,2,3,0,0,0,1
776723,1,bottom,1,3,2,0,0,0,1
776723,1,bottom,3,3,2,0,0,0,1
776723,2,top,1,2,0,0,0,0,1
776723,2,top,2,3,2,0,0,0,1
776723,2,top,2,0,0,0,0,0,1
776723,2,top,3,3,1,0,0,0,1
776723,2,bottom,0,2,1,0,0,0,1
776723,2,bottom,1,2,2,0,0,0,1
776723,2,bottom,1,1,2,0,0,0,1
776723,2,bottom,1,0,0,1,0,1,1
776723,2,bottom,1,0,1,4,0,4,1
776723,2,bottom,1,0,2,4,0,4,1
776723,2,bottom,2,0,3,4,0,4,1
776723,2,bottom,2,1,1,4,0,4,1
776723,2,bottom,2,4,2,4,0,4,1
776723,2,bottom,3,3,2,6,0,6,1
776723,3,top,0,4,2,6,0,6,1
776723,3,top,1,2,3,6,0,6,1
776723,3,top,2,0,0,6,0,6,1
776723,3,top,2,1,2,6,1,5,1
776723,3,top,2,2,0,6,1,5,1
776723,3,top,3,3,2,6,1,5,1
776723,3,bottom,1,0,0,6,1,5,1
776723,3,bottom,1,4,0,6,1,5,1
776723,3,bottom,2,1,0,6,1,5,1
776723,3,bottom,2,2,0,8,1,7,1
776723,3,bottom,3,0,0,8,1,7,1
776723,4,top,1,0,3,8,1,7,1
776723,4,top,2,1,2,8,1,7,1
776723,4,top,3,0,3,8,1,7,1
776723,4,bottom,1,2,2,8,1,7,1
776723,4,bottom,2,0,3,8,1,7,1
776723,4,bottom,3,0,3,8,1,7,1
776723,5,top,1,0,1,8,1,7,1
776723,5,top,1,2,0,8,1,7,1
776723,5,top,2,2,1,8,1,7,1
776723,5,top,3,2,2,8,1,7,1
776723,5,bottom,1,3,3,8,1,7,1
776723,5,bottom,1,4,1,8,1,7,1
776723,5,bottom,1,0,0,10,1,9,1
776723,5,bottom,2,2,0,10,1,9,1
776723,5,bottom,2,2,0,10,1,9,1
776723,5,bottom,2,4,1,10,1,9,1
776723,5,bottom,2,2,1,10,1,9,1
776723,5,bottom,2,4,2,11,1,10,1
776723,5,bottom,3,2,2,11,1,10,1
776723,6,top,0,4,2,11,1,10,1
776723,6,top,1,0,3,11,1,10,1
776723,6,top,1,2,2,11,1,10,1
776723,6,top,2,1,2,11,1,10,1
776723,6,top,3,1,0,11,1,10,1
776723,6,bottom,1,0,1,11,1,10,1
776723,6,bottom,2,0,1,11,1,10,1
776723,6,bottom,2,1,2,11,1,10,1
776723,6,bottom,3,0,0,11,1,10,1
776723,7,top,0,1,0,11,1,10,1
776723,7,top,1,0,3,11,1,10,1
776723,7,top,2,1,3,11,1,10,1
776723,7,top,2,0,0,11,1,10,1
776723,7,top,3,1,3,11,1,10,1
776723,7,bottom,1,0,1,11,1,10,1
776723,7,bottom,1,0,0,11,1,10,1
776723,7,bottom,1,1,0,11,1,10,1
776723,7,bottom,1,0,0,14,1,13,1
776723,7,bottom,1,1,0,14,1,13,1
776723,7,bottom,3,3,2,14,1,13,1
776723,8,top,1,0,0,14,1,13,1
776723,8,top,1,4,2,14,1,13,1
776723,8,top,2,1,2,14,1,13,1
776723,8,top,3,0,0,14,1,13,1
776723,8,bottom,1,1,0,14,1,13,1
776723,8,bottom,2,0,0,14,1,13,1
776723,8,bottom,2,0,0,14,1,13,1
776723,8,bottom,2,3,1,14,1,13,1
776723,8,bottom,3,0,0,14,1,13,1
776723,9,top,0,2,1,14,1,13,1
776723,9,top,1,0,1,14,1,13,1
776723,9,top,2,0,1,14,1,13,1
776723,9,top,2,0,0,14,2,12,1
776723,9,top,3,0,1,14,2,12,1
776710,1,top,1,3,3,0,0,0,0
776710,1,top,1,1,1,0,0,0,0
776710,1,top,3,3,2,0,0,0,0
776710,1,bottom,1,0,1,0,0,0,0
776710,1,bottom,2,1,1,0,0,0,0
776710,1,bottom,2,1,1,0,0,0,0
776710,1,bottom,3,1,1,0,0,0,0
776710,2,top,0,0,2,0,0,0,0
776710,2,top,1,0,2,0,0,0,0
776710,2,top,1,1,0,0,2,-2,0
776710,2,top,2,0,0,0,2,-2,0
776710,2,top,3,0,1,0,2,-2,0
776710,2,bottom,1,3,3,0,2,-2,0
776710,2,bottom,1,0,0,1,2,-1,0
776710,2,bottom,2,0,2,1,2,-1,0
776710,2,bottom,3,1,1,1,2,-1,0
776710,3,top,1,3,2,1,2,-1,0
776710,3,top,2,3,1,1,2,-1,0
776710,3,top,2,1,2,1,2,-1,0
776710,3,top,3,3,1,1,2,-1,0
776710,3,bottom,1,3,2,1,2,-1,0
776710,3,bottom,2,2,0,1,2,-1,0
776710,3,bottom,3,0,1,1,2,-1,0
776710,4,top,1,3,1,1,2,-1,0
776710,4,top,2,1,3,1,2,-1,0
776710,4,top,2,2,2,1,2,-1,0
776710,4,top,2,0,2,1,3,-2,0
776710,4,top,2,2,2,1,3,-2,0
776710,4,top,2,0,2,1,5,-4,0
776710,4,top,3,1,1,1,5,-4,0
776710,4,bottom,1,0,3,1,5,-4,0
776710,4,bottom,1,3,2,1,5,-4,0
776710,4,bottom,2,3,3,1,5,-4,0
776710,4,bottom,3,0,0,1,5,-4,0
776710,5,top,1,3,1,1,5,-4,0
776710,5,top,1,1,1,1,6,-5,0
776710,5,top,1,4,2,1,6,-5,0
776710,5,top,2,0,1,1,6,-5,0
776710,5,top,2,4,2,1,6,-5,0
776710,5,top,3,1,2,1,6,-5,0
776710,5,bottom,1,1,2,1,6,-5,0
776710,5,bottom,2,0,2,1,6,-5,0
776710,5,bottom,3,0,3,1,6,-5,0
776710,6,top,1,1,2,1,6,-5,0
776710,6,top,1,3,2,1,6,-5,0
776710,6,top,2,1,1,1,6,-5,0
776710,6,top,2,1,0,1,8,-7,0
776710,6,top,3,3,3,1,8,-7,0
776710,6,bottom,1,1,2,1,8,-7,0
776710,6,bottom,2,3,3,1,8,-7,0
776710,6,bottom,2,0,0,2,8,-6,0
776710,6,bottom,2,0,1,2,8,-6,0
776710,6,bottom,3,3,3,2,8,-6,0
776710,7,top,1,3,2,2,8,-6,0
776710,7,top,2,0,0,2,8,-6,0
776710,7,top,2,1,1,2,8,-6,0
776710,7,top,3,2,0,2,8,-6,0
776710,7,bottom,1,1,1,2,8,-6,0
776710,7,bottom,2,0,2,2,8,-6,0
776710,7,bottom,3,3,1,2,8,-6,0
776710,8,top,1,1,2,2,8,-6,0
776710,8,top,2,2,0,2,8,-6,0
776710,8,top,2,4,1,2,8,-6,0
776710,8,top,3,1,1,2,8,-6,0
776710,8,bottom,0,2,2,2,8,-6,0
776710,8,bottom,0,1,1,4,8,-4,0
776710,8,bottom,1,2,3,4,8,-4,0
776710,8,bottom,2,2,3,4,8,-4,0
776710,8,bottom,2,4,2,4,8,-4,0
776710,8,bottom,2,4,2,4,8,-4,0
776710,8,bottom,3,0,2,4,8,-4,0
776710,9,top,0,0,0,4,8,-4,0
776710,9,top,1,0,0,4,8,-4,0
776710,9,top,1,1,1,4,10,-6,0
776710,9,top,2,1,0,4,10,-6,0
776710,9,top,2,4,2,4,10,-6,0
776710,9,top,3,3,2,4,10,-6,0
776710,9,bottom,1,3,2,4,10,-6,0
776710,9,bottom,2,1,1,4,10,-6,0
776710,9,bottom,3,1,3,4,10,-6,0
776694,1,top,1,1,0,0,0,0,0
776694,1,top,2,1,2,0,0,0,0
776694,1,top,3,2,3,0,0,0,0
776694,1,bottom,0,1,2,0,0,0,0
776694,1,bottom,1,0,3,0,0,0,0
776694,1,bottom,3,0,1,0,0,0,0
776694,2,top,1,2,3,0,0,0,0
776694,2,top,2,2,3,0,0,0,0
776694,2,top,2,0,2,0,0,0,0
776694,2,top,2,0,1,0,0,0,0
776694,2,top,3,0,3,0,0,0,0
776694,2,bottom,0,0,1,0,0,0,0
776694,2,bottom,1,2,0,0,0,0,0
776694,2,bottom,1,4,1,0,0,0,0
776694,2,bottom,1,1,1,1,0,1,0
776694,2,bottom,2,2,3,1,0,1,0
776694,2,bottom,3,0,0,1,0,1,0
776694,3,top,0,0,0,1,0,1,0
776694,3,top,1,2,2,1,0,1,0
776694,3,top,1,3,2,1,0,1,0
776694,3,top,2,1,1,1,1,0,0
776694,3,top,2,1,2,1,2,-1,0
776694,3,top,3,1,3,1,2,-1,0
776694,3,bottom,0,2,2,1,2,-1,0
776694,3,bottom,0,2,1,1,2,-1,0
776694,3,bottom,0,2,2,2,2,0,0
776694,3,bottom,2,1,2,2,2,0,0
776694,3,bottom,2,4,1,2,2,0,0
776694,3,bottom,3,3,2,2,2,0,0
776694,4,top,1,3,2,2,2,0,0
776694,4,top,2,0,1,2,2,0,0
776694,4,top,3,0,0,2,2,0,0
776694,4,bottom,1,2,3,2,2,0,0
776694,4,bottom,2,3,2,2,2,0,0
776694,4,bottom,3,2,2,2,2,0,0
776694,5,top,1,1,3,2,2,0,0
776694,5,top,2,1,0,2,2,0,0
776694,5,top,2,4,1,2,2,0,0
776694,5,top,3,2,3,2,2,0,0
776694,5,bottom,1,0,0,2,2,0,0
776694,5,bottom,2,2,2,2,2,0,0
776694,5,bottom,3,2,3,2,2,0,0
776694,6,top,1,2,1,2,2,0,0
776694,6,top,2,0,0,2,2,0,0
776694,6,top,3,2,3,2,2,0,0
776694,6,bottom,1,1,3,2,2,0,0
776694,6,bottom,2,1,2,2,2,0,0
776694,6,bottom,2,4,2,2,2,0,0
776694,6,bottom,3,0,3,2,2,0,0
776694,7,top,1,1,3,2,2,0,0
776694,7,top,2,1,0,2,2,0,0
776694,7,top,3,1,3,2,2,0,0
776694,7,bottom,0,1,2,2,2,0,0
776694,7,bottom,1,0,0,2,2,0,0
776694,7,bottom,1,4,2,3,2,1,0
776694,7,bottom,1,4,0,3,2,1,0
776694,7,bottom,2,1,3,3,2,1,0
776694,7,bottom,3,1,3,3,2,1,0
776694,8,top,0,0,2,3,2,1,0
776694,8,top,2,3,2,3,2,1,0
776694,8,top,3,0,2,3,2,1,0
776694,8,bottom,1,0,1,3,2,1,0
776694,8,bottom,1,4,2,3,2,1,0
776694,8,bottom,1,0,2,3,2,1,0
776694,8,bottom,2,2,1,5,2,3,0
776694,8,bottom,3,2,2,5,2,3,0
776694,9,top,1,0,0,5,2,3,0
776694,9,top,2,0,3,5,2,3,0
776694,9,top,2,1,1,5,2,3,0
776694,9,top,3,1,0,5,2,3,0
776679,1,top,0,2,1,0,0,0,1
776679,1,top,0,4,0,0,0,0,1
776679,1,top,0,4,1,0,0,0,1
776679,1,top,1,0,2,0,1,-1,1
776679,1,top,1,0,2,0,3,-3,1
776679,1,top,1,2,2,0,3,-3,1
776679,1,top,2,3,3,0,3,-3,1
776679,1,top,3,0,1,0,3,-3,1
776679,1,bottom,1,0,3,0,3,-3,1
776679,1,bottom,2,2,2,0,3,-3,1
776679,1,bottom,2,0,1,0,3,-3,1
776679,1,bottom,3,1,1,0,3,-3,1
776679,2,top,0,4,2,0,3,-3,1
776679,2,top,0,1,2,0,5,-5,1
776679,2,top,1,1,2,0,5,-5,1
776679,2,top,2,0,1,0,5,-5,1
776679,2,top,3,3,3,0,5,-5,1
776679,2,bottom,0,4,2,0,5,-5,1
776679,2,bottom,0,4,1,0,5,-5,1
776679,2,bottom,0,2,2,0,5,-5,1
776679,2,bottom,1,0,3,0,5,-5,1
776679,2,bottom,2,1,2,1,5,-4,1
776679,2,bottom,3,1,1,1,5,-4,1
776679,3,top,0,0,1,1,5,-4,1
776679,3,top,0,0,1,1,5,-4,1
776679,3,top,2,1,1,1,5,-4,1
776679,3,top,3,3,3,1,5,-4,1
776679,3,bottom,1,1,2,1,5,-4,1
776679,3,bottom,2,0,1,1,5,-4,1
776679,3,bottom,3,3,3,1,5,-4,1
776679,4,top,0,1,1,1,5,-4,1
776679,4,top,0,3,1,1,5,-4,1
776679,4,top,1,3,3,1,5,-4,1
776679,4,top,2,2,2,1,5,-4,1
776679,4,top,3,0,3,1,5,-4,1
776679,4,bottom,0,4,1,1,5,-4,1
776679,4,bottom,1,1,1,1,5,-4,1
776679,4,bottom,3,0,1,1,5,-4,1
776679,5,top,1,1,3,1,5,-4,1
776679,5,top,2,0,1,1,5,-4,1
776679,5,top,3,0,1,1,5,-4,1
776679,5,bottom,1,2,2,1,5,-4,1
776679,5,bottom,2,2,2,1,5,-4,1
776679,5,bottom,3,3,1,1,5,-4,1
776679,6,top,1,3,2,1,5,-4,1
776679,6,top,2,0,1,1,5,-4,1
776679,6,top,3,2,3,1,5,-4,1
776679,6,bottom,1,0,1,1,5,-4,1
776679,6,bottom,1,1,2,1,5,-4,1
776679,6,bottom,1,1,0,1,5,-4,1
776679,6,bottom,2,0,0,1,5,-4,1
776679,6,bottom,3,2,3,1,5,-4,1
776679,7,top,1,3,2,1,5,-4,1
776679,7,top,1,0,0,1,5,-4,1
776679,7,top,1,1,0,1,7,-6,1
776679,7,top,2,3,2,1,7,-6,1
776679,7,top,3,2,2,1,7,-6,1
776679,7,bottom,0,2,1,1,7,-6,1
776679,7,bottom,0,1,1,1,7,-6,1
776679,7,bottom,1,1,3,1,7,-6,1
776679,7,bottom,2,1,0,2,7,-5,1
776679,7,bottom,3,0,0,2,7,-5,1
776679,8,top,1,0,3,2,7,-5,1
776679,8,top,1,4,2,2,7,-5,1
776679,8,top,2,0,1,2,7,-5,1
776679,8,top,3,2,2,2,7,-5,1
776679,8,bottom,1,0,1,2,7,-5,1
776679,8,bottom,1,2,1,2,7,-5,1
776679,8,bottom,2,1,3,2,7,-5,1
776679,8,bottom,2,3,1,3,7,-4,1
776679,8,bottom,3,2,3,3,7,-4,1
776679,9,top,1,1,1,3,7,-4,1
776679,9,top,2,0,1,3,7,-4,1
776679,9,top,2,1,2,3,7,-4,1
776679,9,top,3,3,3,3,7,-4,1
776679,9,bottom,1,1,3,3,7,-4,1
776679,9,bottom,2,1,0,3,7,-4,1
776679,9,bottom,3,2,0,3,7,-4,1
776661,1,top,0,3,2,0,1,-1,0
776661,1,top,1,1,2,0,1,-1,0
776661,1,top,2,0,3,0,1,-1,0
776661,1,top,3,2,3,0,1,-1,0
776661,1,bottom,1,0,3,0,1,-1,0
776661,1,bottom,2,1,3,0,1,-1,0
776661,1,bottom,2,2,2,0,1,-1,0
776661,1,bottom,2,4,1,0,1,-1,0
776661,1,bottom,2,1,0,2,1,1,0
776661,1,bottom,3,0,1,2,1,1,0
776661,2,top,1,1,0,2,1,1,0
776661,2,top,2,2,1,2,1,1,0
776661,2,top,3,1,3,2,1,1,0
776661,2,bottom,1,3,3,2,1,1,0
776661,2,bottom,2,1,2,2,1,1,0
776661,2,bottom,3,1,1,2,1,1,0
776661,3,top,1,2,1,2,1,1,0
776661,3,top,2,1,0,2,1,1,0
776661,3,top,2,4,0,2,1,1,0
776661,3,top,3,2,2,2,1,1,0
776661,3,bottom,1,0,3,2,1,1,0
776661,3,bottom,2,2,3,2,1,1,0
776661,3,bottom,3,2,3,2,1,1,0
776661,4,top,0,1,1,2,1,1,0
776661,4,top,1,0,3,2,1,1,0
776661,4,top,2,0,0,2,1,1,0
776661,4,top,2,2,0,2,1,1,0
776661,4,top,3,3,3,2,1,1,0
776661,4,bottom,1,1,2,2,1,1,0
776661,4,bottom,1,2,0,2,1,1,0
776661,4,bottom,2,2,3,2,1,1,0
776661,4,bottom,3,3,3,2,1,1,0
776661,5,top,1,1,1,2,1,1,0
776661,5,top,2,1,1,2,1,1,0
776661,5,top,3,3,3,2,1,1,0
776661,5,bottom,1,1,1,2,1,1,0
776661,5,bottom,1,0,2,2,1,1,0
776661,5,bottom,2,1,1,2,1,1,0
776661,5,bottom,2,1,0,2,1,1,0
776661,5,bottom,2,4,2,2,1,1,0
776661,5,bottom,3,0,0,2,1,1,0
776661,6,top,1,2,2,2,1,1,0
776661,6,top,1,0,0,2,1,1,0
776661,6,top,3,1,0,2,1,1,0
776661,6,bottom,1,3,3,2,1,1,0
776661,6,bottom,2,3,3,2,1,1,0
776661,6,bottom,2,2,2,2,1,1,0
776661,6,bottom,2,2,2,2,1,1,0
776661,6,bottom,3,1,3,2,1,1,0
776661,7,top,1,2,1,2,1,1,0
776661,7,top,2,0,1,2,1,1,0
776661,7,top,3,2,2,2,1,1,0
776661,7,bottom,0,3,2,2,1,1,0
776661,7,bottom,2,0,1,2,1,1,0
776661,7,bottom,2,4,2,2,1,1,0
776661,7,bottom,2,1,2,2,1,1,0
776661,7,bottom,3,2,2,2,1,1,0
776661,8,top,1,2,3,2,1,1,0
776661,8,top,1,1,1,2,1,1,0
776661,8,top,2,1,1,2,1,1,0
776661,8,top,3,0,2,2,1,1,0
776661,8,bottom,1,3,3,2,1,1,0
776661,8,bottom,1,4,2,2,1,1,0
776661,8,bottom,3,0,1,2,1,1,0
776661,9,top,1,0,3,2,1,1,0
776661,9,top,2,0,2,2,1,1,0
776661,9,top,3,0,0,2,1,1,0
776646,1,top,1,3,2,0,0,0,1
776646,1,top,2,0,0,0,0,0,1
776646,1,top,2,0,1,0,0,0,1
776646,1,top,2,4,2,0,0,0,1
776646,1,top,2,1,2,0,1,-1,1
776646,1,top,3,2,2,0,3,-3,1
776646,1,bottom,1,1,3,0,3,-3,1
776646,1,bottom,2,2,3,0,3,-3,1
776646,1,bottom,2,2,1,0,3,-3,1
776646,1,bottom,3,0,0,0,3,-3,1
776646,2,top,0,1,2,0,3,-3,1
776646,2,top,2,1,0,0,3,-3,1
776646,2,top,3,3,2,0,3,-3,1
776646,2,bottom,1,1,1,0,3,-3,1
776646,2,bottom,2,2,3,0,3,-3,1
776646,2,bottom,2,3,2,1,3,-2,1
776646,2,bottom,3,0,2,1,3,-2,1
776646,3,top,1,0,1,1,3,-2,1
776646,3,top,1,0,0,1,3,-2,1
776646,3,top,2,1,1,1,3,-2,1
776646,3,top,3,1,0,1,3,-2,1
776646,3,bottom,1,3,2,1,3,-2,1
776646,3,bottom,2,1,0,1,3,-2,1
776646,3,bottom,3,0,0,1,3,-2,1
776646,4,top,1,0,0,1,3,-2,1
776646,4,top,1,2,2,1,3,-2,1
776646,4,top,3,0,1,1,3,-2,1
776646,4,bottom,1,3,3,1,3,-2,1
776646,4,bottom,2,1,3,1,3,-2,1
776646,4,bottom,3,3,3,1,3,-2,1
776646,5,top,1,1,0,1,3,-2,1
776646,5,top,2,2,2,1,3,-2,1
776646,5,top,3,1,0,1,3,-2,1
776646,5,bottom,1,1,1,1,3,-2,1
776646,5,bottom,2,2,1,1,3,-2,1
776646,5,bottom,3,2,3,1,3,-2,1
776646,6,top,1,1,0,1,3,-2,1
776646,6,top,2,2,0,1,3,-2,1
776646,6,top,2,2,2,1,3,-2,1
776646,6,top,2,0,0,1,5,-4,1
776646,6,top,3,2,1,1,5,-4,1
776646,6,bottom,1,2,3,1,5,-4,1
776646,6,bottom,2,1,3,1,5,-4,1
776646,6,bottom,2,1,0,1,5,-4,1
776646,6,bottom,3,1,0,1,5,-4,1
776646,7,top,0,4,2,1,5,-4,1
776646,7,top,1,1,2,1,5,-4,1
776646,7,top,2,0,3,1,5,-4,1
776646,7,top,2,1,1,1,5,-4,1
776646,7,top,3,1,1,1,5,-4,1
776646,7,bottom,0,4,1,1,5,-4,1
776646,7,bottom,1,3,1,1,5,-4,1
776646,7,bottom,2,0,2,1,5,-4,1
776646,7,bottom,2,2,2,1,5,-4,1
776646,7,bottom,3,0,1,1,5,-4,1
776646,8,top,0,4,2,1,5,-4,1
776646,8,top,2,1,1,1,5,-4,1
776646,8,top,3,0,1,1,5,-4,1
776646,8,bottom,0,2,1,2,5,-3,1
776646,8,bottom,1,0,0,2,5,-3,1
776646,8,bottom,2,0,3,2,5,-3,1
776646,8,bottom,3,3,3,2,5,-3,1
776646,9,top,1,0,0,2,5,-3,1
776646,9,top,2,1,3,2,5,-3,1
776646,9,top,2,4,0,2,5,-3,1
776646,9,top,3,2,2,2,5,-3,1
776646,9,bottom,1,0,2,2,5,-3,1
776646,9,bottom,2,0,1,2,5,-3,1
776646,9,bottom,2,4,2,2,5,-3,1
776646,9,bottom,3,2,2,2,5,-3,1
776630,1,top,1,2,2,0,0,0,1
776630,1,top,2,0,2,0,0,0,1
776630,1,top,3,1,0,0,0,0,1
776630,1,bottom,1,2,0,0,0,0,1
776630,1,bottom,2,2,1,0,0,0,1
776630,1,bottom,3,0,3,0,0,0,1
776630,2,top,1,3,2,0,0,0,1
776630,2,top,2,2,2,0,0,0,1
776630,2,top,3,3,3,0,0,0,1
776630,2,bottom,1,0,0,0,0,0,1
776630,2,bottom,2,2,3,0,0,0,1
776630,2,bottom,3,0,0,0,0,0,1
776630,3,top,0,1,1,0,0,0,1
776630,3,top,1,1,1,0,0,0,1
776630,3,top,1,2,2,0,0,0,1
776630,3,top,1,0,2,0,1,-1,1
776630,3,top,3,0,2,0,1,-1,1
776630,3,bottom,1,2,3,0,1,-1,1
776630,3,bottom,1,1,1,0,1,-1,1
776630,3,bottom,2,1,0,0,1,-1,1
776630,3,bottom,3,1,3,0,1,-1,1
776630,4,top,0,0,0,0,1,-1,1
776630,4,top,1,2,1,0,1,-1,1
776630,4,top,1,0,1,0,1,-1,1
776630,4,top,3,0,1,0,1,-1,1
776630,4,bottom,1,0,0,0,1,-1,1
776630,4,bottom,2,0,0,0,1,-1,1
776630,4,bottom,3,3,3,0,1,-1,1
776630,5,top,1,2,3,0,1,-1,1
776630,5,top,2,3,2,0,1,-1,1
776630,5,top,3,0,2,0,1,-1,1
776630,5,bottom,0,2,1,0,1,-1,1
776630,5,bottom,1,1,3,0,1,-1,1
776630,5,bottom,2,0,0,0,1,-1,1
776630,5,bottom,3,2,3,0,1,-1,1
776630,6,top,1,0,0,0,1,-1,1
776630,6,top,1,4,2,0,1,-1,1
776630,6,top,1,0,0,0,1,-1,1
776630,6,top,1,1,2,0,2,-2,1
776630,6,top,2,0,3,0,2,-2,1
776630,6,top,2,4,0,0,2,-2,1
776630,6,top,2,4,2,0,3,-3,1
776630,6,top,3,1,2,0,3,-3,1
776630,6,bottom,1,1,1,0,3,-3,1
776630,6,bottom,2,1,2,0,3,-3,1
776630,6,bottom,3,1,3,0,3,-3,1
776630,7,top,1,3,2,0,3,-3,1
776630,7,top,1,0,1,0,4,-4,1
776630,7,top,2,3,1,0,4,-4,1
776630,7,top,2,3,2,0,4,-4,1
776630,7,top,2,0,2,0,4,-4,1
776630,7,top,3,0,1,0,4,-4,1
776630,7,bottom,1,0,2,0,4,-4,1
776630,7,bottom,1,0,1,0,4,-4,1
776630,7,bottom,1,3,2,0,4,-4,1
776630,7,bottom,1,0,0,1,4,-3,1
776630,7,bottom,2,2,1,2,4,-2,1
776630,7,bottom,2,4,0,2,4,-2,1
776630,7,bottom,2,1,1,3,4,-1,1
776630,7,bottom,3,1,3,3,4,-1,1
776630,8,top,1,1,3,3,4,-1,1
776630,8,top,2,1,2,3,4,-1,1
776630,8,top,3,1,1,3,4,-1,1
776630,8,bottom,1,3,3,3,4,-1,1
776630,8,bottom,2,1,3,3,4,-1,1
776630,8,bottom,3,3,2,3,4,-1,1
776630,9,top,1,2,0,3,4,-1,1
776630,9,top,1,3,1,3,4,-1,1
776630,9,top,2,1,1,3,4,-1,1
776630,9,top,3,0,0,3,4,-1,1
776630,9,bottom,0,4,1,3,4,-1,1
776630,9,bottom,1,3,2,3,4,-1,1
776630,9,bottom,1,0,0,4,4,0,1
776630,9,bottom,2,1,0,4,4,0,1
776630,9,bottom,3,0,3,4,4,0,1
776630,10,top,0,4,1,4,4,0,1
776630,10,top,1,0,1,4,4,0,1
776630,10,top,2,3,1,4,5,-1,1
776630,10,top,3,3,2,4,5,-1,1
776630,10,bottom,1,1,0,4,5,-1,1
776630,10,bottom,1,0,1,5,5,0,1
776630,10,bottom,1,4,0,5,5,0,1
776630,10,bottom,2,1,0,5,5,0,1
776630,10,bottom,3,0,3,5,5,0,1
776630,11,top,1,0,0,5,5,0,1
776630,11,top,1,0,1,5,6,-1,1
776630,11,top,3,2,0,5,6,-1,1
776630,11,bottom,0,2,0,5,6,-1,1
776630,11,bottom,0,0,1,6,6,0,1
776630,11,bottom,1,0,0,6,6,0,1
776630,11,bottom,3,0,1,6,6,0,1
776630,12,top,1,3,2,6,6,0,1
776630,12,top,1,1,1,6,7,-1,1
776630,12,top,2,2,2,6,7,-1,1
776630,12,top,3,1,0,6,7,-1,1
776630,12,bottom,1,1,1,6,7,-1,1
776630,12,bottom,2,1,0,6,7,-1,1
776630,12,bottom,3,3,1,6,7,-1,1
776614,1,top,1,1,0,0,0,0,0
776614,1,top,2,2,3,0,0,0,0
776614,1,top,2,1,0,0,0,0,0
776614,1,top,3,3,2,0,0,0,0
776614,1,bottom,1,1,2,0,0,0,0
776614,1,bottom,2,1,3,0,0,0,0
776614,1,bottom,3,3,2,0,0,0,0
776614,2,top,1,2,3,0,0,0,0
776614,2,top,2,1,3,0,0,0,0
776614,2,top,3,1,1,0,0,0,0
776614,2,bottom,1,0,3,0,0,0,0
776614,2,bottom,2,1,3,0,0,0,0
776614,2,bottom,3,0,2,0,0,0,0
776614,3,top,1,0,0,0,0,0,0
776614,3,top,2,1,1,0,0,0,0
776614,3,top,3,0,1,0,0,0,0
776614,3,bottom,0,0,0,0,0,0,0
776614,3,bottom,1,2,1,1,0,1,0
776614,3,bottom,1,3,2,1,0,1,0
776614,3,bottom,2,1,3,1,0,1,0
776614,3,bottom,3,2,2,1,0,1,0
776614,4,top,1,0,2,1,0,1,0
776614,4,top,2,0,1,1,0,1,0
776614,4,top,3,1,1,1,0,1,0
776614,4,bottom,1,0,2,1,0,1,0
776614,4,bottom,2,0,0,1,0,1,0
776614,4,bottom,2,0,0,1,0,1,0
776614,4,bottom,3,2,3,1,0,1,0
776614,5,top,1,3,3,1,0,1,0
776614,5,top,2,0,2,1,0,1,0
776614,5,top,2,0,1,1,0,1,0
776614,5,top,3,3,2,1,0,1,0
776614,5,bottom,0,1,2,1,0,1,0
776614,5,bottom,0,0,0,1,0,1,0
776614,5,bottom,1,0,0,1,0,1,0
776614,5,bottom,1,4,0,1,0,1,0
776614,5,bottom,1,2,2,4,0,4,0
776614,5,bottom,2,2,3,4,0,4,0
776614,5,bottom,3,0,2,4,0,4,0
776614,6,top,1,3,2,4,0,4,0
776614,6,top,2,3,2,4,0,4,0
776614,6,top,3,2,2,4,0,4,0
776614,6,bottom,1,0,1,4,0,4,0
776614,6,bottom,1,2,0,4,0,4,0
776614,6,bottom,2,1,3,4,0,4,0
776614,6,bottom,3,1,1,4,0,4,0
776614,7,top,0,1,2,4,0,4,0
776614,7,top,0,4,2,4,0,4,0
776614,7,top,0,2,0,4,3,1,0
776614,7,top,1,2,2,4,3,1,0
776614,7,top,2,1,3,4,3,1,0
776614,7,top,3,0,3,4,3,1,0
776614,7,bottom,1,1,2,4,3,1,0
776614,7,bottom,2,1,2,4,3,1,0
776614,7,bottom,2,2,2,4,3,1,0
776614,7,bottom,2,1,1,5,3,2,0
776614,7,bottom,2,4,0,5,3,2,0
776614,7,bottom,3,2,1,5,3,2,0
776614,8,top,1,1,0,5,3,2,0
776614,8,top,2,1,1,5,3,2,0
776614,8,top,2,4,0,5,3,2,0
776614,8,top,2,4,2,5,3,2,0
776614,8,top,3,3,2,5,3,2,0
776614,8,bottom,1,2,3,5,3,2,0
776614,8,bottom,1,1,1,5,3,2,0
776614,8,bottom,3,3,2,5,3,2,0
776614,9,top,1,1,1,5,3,2,0
776614,9,top,2,0,0,5,3,2,0
776614,9,top,3,0,1,5,3,2,0
776596,1,top,1,2,1,0,0,0,1
776596,1,top,2,0,0,0,0,0,1
776596,1,top,3,1,2,0,0,0,1
776596,1,bottom,0,0,0,0,0,0,1
776596,1,bottom,0,1,2,0,0,0,1
776596,1,bottom,1,1,3,0,0,0,1
776596,1,bottom,1,1,1,1,0,1,1
776596,1,bottom,2,2,1,2,0,2,1
776596,1,bottom,2,0,0,4,0,4,1
776596,1,bottom,2,2,0,4,0,4,1
776596,1,bottom,3,2,2,4,0,4,1
776596,2,top,1,2,3,4,0,4,1
776596,2,top,2,1,1,4,0,4,1
776596,2,top,2,0,0,4,0,4,1
776596,2,top,3,0,2,4,0,4,1
776596,2,bottom,0,0,0,5,0,5,1
776596,2,bottom,1,2,3,5,0,5,1
776596,2,bottom,2,3,2,5,0,5,1
776596,2,bottom,3,1,2,5,0,5,1
776596,3,top,1,3,2,5,0,5,1
776596,3,top,2,0,2,5,0,5,1
776596,3,top,3,2,3,5,0,5,1
776596,3,bottom,0,4,2,5,0,5,1
776596,3,bottom,1,1,3,5,0,5,1
776596,3,bottom,3,0,0,5,0,5,1
776596,4,top,1,1,2,5,0,5,1
776596,4,top,2,2,2,5,0,5,1
776596,4,top,2,0,0,5,1,4,1
776596,4,top,3,2,3,5,1,4,1
776596,4,bottom,1,0,0,5,1,4,1
776596,4,bottom,2,3,3,5,1,4,1
776596,4,bottom,2,0,2,5,1,4,1
776596,4,bottom,2,3,2,6,1,5,1
776596,4,bottom,3,3,3,6,1,5,1
776596,5,top,1,1,2,6,1,5,1
776596,5,top,2,2,1,6,1,5,1
776596,5,top,3,2,3,6,1,5,1
776596,5,bottom,1,2,3,6,1,5,1
776596,5,bottom,2,1,1,6,1,5,1
776596,5,bottom,3,0,3,6,1,5,1
776596,6,top,1,0,3,6,1,5,1
776596,6,top,1,4,2,6,1,5,1
776596,6,top,1,1,2,6,1,5,1
776596,6,top,2,3,1,6,2,4,1
776596,6,top,2,0,0,6,4,2,1
776596,6,top,3,1,1,6,4,2,1
776596,6,bottom,0,4,2,6,4,2,1
776596,6,bottom,0,1,2,6,4,2,1
776596,6,bottom,1,2,2,6,4,2,1
776596,6,bottom,1,4,1,6,4,2,1
776596,6,bottom,2,0,1,6,4,2,1
776596,6,bottom,2,3,2,8,4,4,1
776596,6,bottom,2,1,2,10,4,6,1
776596,6,bottom,3,2,0,10,4,6,1
776596,7,top,1,2,3,10,4,6,1
776596,7,top,2,0,0,10,4,6,1
776596,7,top,3,0,1,10,4,6,1
776596,7,bottom,1,2,0,10,4,6,1
776596,7,bottom,1,4,1,10,4,6,1
776596,7,bottom,2,0,0,10,4,6,1
776596,7,bottom,3,2,1,10,4,6,1
776596,8,top,0,2,2,10,4,6,1
776596,8,top,1,1,2,10,4,6,1
776596,8,top,1,4,2,10,4,6,1
776596,8,top,2,1,2,10,4,6,1
776596,8,top,3,0,0,10,4,6,1
776596,8,bottom,1,0,0,10,4,6,1
776596,8,bottom,1,4,1,10,4,6,1
776596,8,bottom,3,1,1,10,4,6,1
776596,9,top,1,3,2,10,4,6,1
776596,9,top,1,4,0,10,4,6,1
776596,9,top,2,0,1,10,4,6,1
776596,9,top,3,0,0,10,4,6,1
776582,1,top,0,4,2,0,0,0,0
776582,1,top,0,0,0,0,0,0,0
776582,1,top,1,2,3,0,0,0,0
776582,1,top,2,1,3,0,0,0,0
776582,1,top,3,0,3,0,0,0,0
776582,1,bottom,0,1,0,0,0,0,0
776582,1,bottom,0,3,2,0,0,0,0
776582,1,bottom,1,0,0,1,0,1,0
776582,1,bottom,1,0,2,1,0,1,0
776582,1,bottom,2,1,1,1,0,1,0
776582,1,bottom,2,1,0,2,0,2,0
776582,1,bottom,3,1,1,2,0,2,0
776582,2,top,1,0,0,2,0,2,0
776582,2,top,2,1,2,2,0,2,0
776582,2,top,3,2,1,2,0,2,0
776582,2,bottom,0,3,2,2,0,2,0
776582,2,bottom,2,1,1,2,0,2,0
776582,2,bottom,2,3,2,3,0,3,0
776582,2,bottom,2,1,1,3,0,3,0
776582,2,bottom,3,0,1,3,0,3,0
776582,3,top,1,0,2,3,0,3,0
776582,3,top,2,1,1,3,0,3,0
776582,3,top,3,2,2,3,0,3,0
776582,3,bottom,1,0,3,3,0,3,0
776582,3,bottom,2,3,3,3,0,3,0
776582,3,bottom,3,1,0,3,0,3,0
776582,4,top,0,4,2,3,0,3,0
776582,4,top,1,2,3,3,0,3,0
776582,4,top,2,0,0,3,0,3,0
776582,4,top,3,2,2,3,0,3,0
776582,4,bottom,1,0,0,3,0,3,0
776582,4,bottom,2,1,2,3,0,3,0
776582,4,bottom,3,3,3,3,0,3,0
776582,5,top,1,2,2,3,0,3,0
776582,5,top,1,0,0,3,0,3,0
776582,5,top,2,1,2,3,0,3,0
776582,5,top,3,2,2,3,0,3,0
776582,5,bottom,0,3,2,4,0,4,0
776582,5,bottom,0,1,2,4,0,4,0
776582,5,bottom,2,0,0,4,0,4,0
776582,5,bottom,2,2,2,4,0,4,0
776582,5,bottom,3,2,2,4,0,4,0
776582,6,top,0,2,1,4,0,4,0
776582,6,top,0,0,0,4,2,2,0
776582,6,top,1,0,3,4,2,2,0
776582,6,top,2,2,3,4,2,2,0
776582,6,top,2,4,1,4,2,2,0
776582,6,top,3,1,2,4,2,2,0
776582,6,bottom,0,4,2,4,2,2,0
776582,6,bottom,0,0,2,4,2,2,0
776582,6,bottom,1,3,3,4,2,2,0
776582,6,bottom,2,0,0,4,2,2,0
776582,6,bottom,3,2,3,4,2,2,0
776582,7,top,0,0,0,4,2,2,0
776582,7,top,0,4,0,4,2,2,0
776582,7,top,0,2,2,4,2,2,0
776582,7,top,2,0,2,4,3,1,0
776582,7,top,3,1,1,4,3,1,0
776582,7,bottom,1,2,2,4,3,1,0
776582,7,bottom,2,1,1,4,3,1,0
776582,7,bottom,3,0,1,4,3,1,0
776582,8,top,0,1,1,4,3,1,0
776582,8,top,0,4,2,4,3,1,0
776582,8,top,2,3,3,4,3,1,0
776582,8,top,3,2,3,4,3,1,0
776582,8,bottom,1,2,3,4,3,1,0
776582,8,bottom,2,1,2,4,3,1,0
776582,8,bottom,2,0,1,4,3,1,0
776582,8,bottom,3,1,2,4,3,1,0
776582,9,top,0,1,0,4,4,0,0
776582,9,top,0,1,0,4,4,0,0
776582,9,top,1,3,2,4,4,0,0
776582,9,top,1,3,2,4,4,0,0
776582,9,top,2,1,0,4,4,0,0
776582,9,top,2,0,0,4,7,-3,0
776582,9,top,2,4,2,4,7,-3,0
776582,9,top,3,3,3,4,7,-3,0
776582,9,bottom,1,2,3,4,7,-3,0
776582,9,bottom,2,2,2,4,7,-3,0
776582,9,bottom,2,1,1,4,7,-3,0
776582,9,bottom,2,1,1,5,7,-2,0
776582,9,bottom,3,2,2,5,7,-2,0
776567,1,top,0,2,2,0,1,-1,1
776567,1,top,1,3,2,0,1,-1,1
776567,1,top,1,1,2,0,1,-1,1
776567,1,top,2,3,3,0,1,-1,1
776567,1,top,3,1,2,0,1,-1,1
776567,1,bottom,1,1,0,0,1,-1,1
776567,1,bottom,2,0,1,0,1,-1,1
776567,1,bottom,3,1,1,0,1,-1,1
776567,2,top,1,0,1,0,1,-1,1
776567,2,top,2,2,3,0,1,-1,1
776567,2,top,2,1,2,0,1,-1,1
776567,2,top,3,2,3,0,1,-1,1
776567,2,bottom,1,2,2,0,1,-1,1
776567,2,bottom,2,3,2,0,1,-1,1
776567,2,bottom,2,3,2,1,1,0,1
776567,2,bottom,3,2,3,1,1,0,1
776567,3,top,0,1,1,1,2,-1,1
776567,3,top,1,3,1,1,2,-1,1
776567,3,top,2,2,2,1,2,-1,1
776567,3,top,2,1,1,1,3,-2,1
776567,3,top,3,2,1,1,3,-2,1
776567,3,bottom,0,4,0,1,3,-2,1
776567,3,bottom,1,0,2,1,3,-2,1
776567,3,bottom,1,1,0,1,3,-2,1
776567,3,bottom,2,2,0,1,3,-2,1
776567,3,bottom,2,4,1,1,3,-2,1
776567,3,bottom,2,2,2,3,3,0,1
776567,3,bottom,3,0,2,3,3,0,1
776567,4,top,1,0,3,3,3,0,1
776567,4,top,2,2,2,3,3,0,1
776567,4,top,2,1,1,3,3,0,1
776567,4,top,2,0,1,3,5,-2,1
776567,4,top,2,0,1,3,5,-2,1
776567,4,top,3,0,1,3,6,-3,1
776567,4,bottom,0,0,1,4,6,-2,1
776567,4,bottom,1,0,1,4,6,-2,1
776567,4,bottom,2,0,3,4,6,-2,1
776567,4,bottom,2,0,0,5,6,-1,1
776567,4,bottom,2,2,0,5,6,-1,1
776567,4,bottom,3,3,3,5,6,-1,1
776567,5,top,1,0,2,5,6,-1,1
776567,5,top,2,2,2,5,6,-1,1
776567,5,top,2,1,1,5,7,-2,1
776567,5,top,2,0,2,5,7,-2,1
776567,5,top,2,2,2,5,8,-3,1
776567,5,top,3,0,2,5,8,-3,1
776567,5,bottom,1,2,0,5,8,-3,1
776567,5,bottom,2,1,1,5,8,-3,1
776567,5,bottom,3,1,2,5,8,-3,1
776567,6,top,1,2,3,5,8,-3,1
776567,6,top,2,0,3,5,8,-3,1
776567,6,top,3,1,1,5,8,-3,1
776567,6,bottom,0,4,2,5,8,-3,1
776567,6,bottom,0,1,1,5,8,-3,1
776567,6,bottom,1,0,0,5,8,-3,1
776567,6,bottom,1,0,2,6,8,-2,1
776567,6,bottom,2,2,3,6,8,-2,1
776567,6,bottom,3,3,3,6,8,-2,1
776567,7,top,1,0,1,6,8,-2,1
776567,7,top,2,0,3,6,8,-2,1
776567,7,top,3,1,3,6,8,-2,1
776567,7,bottom,1,0,3,6,8,-2,1
776567,7,bottom,1,1,2,6,8,-2,1
776567,7,bottom,2,1,3,6,8,-2,1
776567,7,bottom,3,2,3,6,8,-2,1
776567,8,top,1,1,1,6,8,-2,1
776567,8,top,2,0,0,6,8,-2,1
776567,8,top,2,4,2,6,8,-2,1
776567,8,top,2,4,2,6,8,-2,1
776567,8,top,3,3,3,6,8,-2,1
776567,8,bottom,1,1,2,6,8,-2,1
776567,8,bottom,1,0,2,7,8,-1,1
776567,8,bottom,1,0,2,7,8,-1,1
776567,8,bottom,1,4,1,7,8,-1,1
776567,8,bottom,1,2,1,9,8,1,1
776567,8,bottom,2,0,3,9,8,1,1
776567,8,bottom,3,2,0,9,8,1,1
776567,9,top,1,3,2,9,8,1,1
776567,9,top,2,0,3,9,8,1,1
776567,9,top,2,0,0,9,8,1,1
776567,9,top,3,2,1,9,8,1,1
776546,1,top,1,3,3,0,0,0,0
776546,1,top,2,0,3,0,0,0,0
776546,1,top,3,2,3,0,0,0,0
776546,1,bottom,1,1,1,0,0,0,0
776546,1,bottom,2,1,3,0,0,0,0
776546,1,bottom,3,3,1,0,0,0,0
776546,2,top,0,0,0,0,0,0,0
776546,2,top,2,3,2,0,0,0,0
776546,2,top,2,2,1,0,0,0,0
776546,2,top,3,1,2,0,0,0,0
776546,2,bottom,1,0,3,0,0,0,0
776546,2,bottom,2,2,2,0,0,0,0
776546,2,bottom,2,0,1,0,0,0,0
776546,2,bottom,3,1,0,0,0,0,0
776546,3,top,1,1,2,0,0,0,0
776546,3,top,2,1,1,0,0,0,0
776546,3,top,3,3,3,0,0,0,0
776546,3,bottom,1,3,3,0,0,0,0
776546,3,bottom,2,1,3,0,0,0,0
776546,3,bottom,2,4,1,0,0,0,0
776546,3,bottom,2,4,2,0,0,0,0
776546,3,bottom,3,2,3,0,0,0,0
776546,4,top,1,1,1,0,0,0,0
776546,4,top,2,3,3,0,0,0,0
776546,4,top,3,2,1,0,0,0,0
776546,4,bottom,1,2,1,0,0,0,0
776546,4,bottom,2,0,3,0,0,0,0
776546,4,bottom,3,2,1,0,0,0,0
776546,5,top,1,1,3,0,0,0,0
776546,5,top,2,0,1,0,0,0,0
776546,5,top,2,3,2,0,0,0,0
776546,5,top,3,2,2,0,0,0,0
776546,5,bottom,1,0,1,0,0,0,0
776546,5,bottom,2,3,2,0,0,0,0
776546,5,bottom,3,0,0,0,0,0,0
776546,6,top,0,3,2,0,1,-1,0
776546,6,top,0,2,2,0,1,-1,0
776546,6,top,1,0,2,0,1,-1,0
776546,6,top,1,4,2,0,1,-1,0
776546,6,top,1,3,2,0,2,-2,0
776546,6,top,2,1,3,0,2,-2,0
776546,6,top,2,2,2,0,3,-3,0
776546,6,top,2,0,1,0,5,-5,0
776546,6,top,3,1,0,0,5,-5,0
776546,6,bottom,1,2,3,0,5,-5,0
776546,6,bottom,2,1,3,0,5,-5,0
776546,6,bottom,3,1,1,0,5,-5,0
776546,7,top,1,1,3,0,5,-5,0
776546,7,top,1,2,1,0,5,-5,0
776546,7,top,1,0,0,0,5,-5,0
776546,7,top,2,0,1,0,6,-6,0
776546,7,top,2,1,1,0,7,-7,0
776546,7,top,3,3,3,0,7,-7,0
776546,7,bottom,0,1,1,0,7,-7,0
776546,7,bottom,0,3,2,0,7,-7,0
776546,7,bottom,0,4,1,0,7,-7,0
776546,7,bottom,1,2,3,0,7,-7,0
776546,7,bottom,1,3,1,2,7,-5,0
776546,7,bottom,3,0,2,2,7,-5,0
776546,8,top,1,3,3,2,7,-5,0
776546,8,top,1,4,2,2,7,-5,0
776546,8,top,2,0,3,2,7,-5,0
776546,8,top,3,3,2,2,7,-5,0
776546,8,bottom,0,4,1,2,7,-5,0
776546,8,bottom,1,0,0,2,7,-5,0
776546,8,bottom,3,2,2,2,7,-5,0
776546,9,top,0,4,2,2,7,-5,0
776546,9,top,1,2,3,2,7,-5,0
776546,9,top,1,4,0,2,7,-5,0
776546,9,top,2,1,2,2,7,-5,0
776546,9,top,3,1,0,2,7,-5,0
776546,9,bottom,0,1,0,2,7,-5,0
776546,9,bottom,1,2,1,2,7,-5,0
776546,9,bottom,2,1,2,2,7,-5,0
776546,9,bottom,3,0,0,2,7,-5,0
776527,1,top,1,3,3,0,0,0,0
776527,1,top,2,0,0,0,0,0,0
776527,1,top,3,2,2,0,0,0,0
776527,1,bottom,1,2,3,0,0,0,0
776527,1,bottom,2,2,2,0,0,0,0
776527,1,bottom,3,1,2,0,0,0,0
776527,2,top,1,2,3,0,0,0,0
776527,2,top,1,0,1,0,0,0,0
776527,2,top,2,2,2,0,0,0,0
776527,2,top,3,3,2,0,0,0,0
776527,2,bottom,1,2,2,0,0,0,0
776527,2,bottom,2,1,1,0,0,0,0
776527,2,bottom,3,0,0,0,0,0,0
776527,3,top,0,2,1,0,0,0,0
776527,3,top,1,2,3,0,0,0,0
776527,3,top,2,1,3,0,0,0,0
776527,3,top,3,0,0,0,0,0,0
776527,3,bottom,0,1,1,0,0,0,0
776527,3,bottom,1,0,1,0,0,0,0
776527,3,bottom,1,1,1,0,0,0,0
776527,3,bottom,2,3,2,0,0,0,0
776527,3,bottom,3,1,0,0,0,0,0
776527,4,top,0,2,0,0,0,0,0
776527,4,top,1,1,3,0,0,0,0
776527,4,top,2,1,3,0,0,0,0
776527,4,top,3,0,1,0,0,0,0
776527,4,bottom,1,0,1,0,0,0,0
776527,4,bottom,2,1,1,0,0,0,0
776527,4,bottom,3,0,2,0,0,0,0
776527,5,top,1,0,0,0,0,0,0
776527,5,top,2,0,2,0,0,0,0
776527,5,top,3,2,0,0,0,0,0
776527,5,bottom,1,2,3,0,0,0,0
776527,5,bottom,1,1,2,0,0,0,0
776527,5,bottom,3,1,2,0,0,0,0
776527,6,top,1,0,0,0,0,0,0
776527,6,top,2,2,3,0,0,0,0
776527,6,top,3,1,1,0,0,0,0
776527,6,bottom,0,2,1,0,0,0,0
776527,6,bottom,1,0,0,0,0,0,0
776527,6,bottom,1,0,0,0,0,0,0
776527,6,bottom,2,2,2,1,0,1,0
776527,6,bottom,3,3,3,1,0,1,0
776527,7,top,0,0,1,1,0,1,0
776527,7,top,1,0,2,1,0,1,0
776527,7,top,2,2,0,1,1,0,0
776527,7,top,3,2,3,1,1,0,0
776527,7,bottom,1,2,3,1,1,0,0
776527,7,bottom,2,2,3,1,1,0,0
776527,7,bottom,3,2,3,1,1,0,0
776527,8,top,0,0,1,1,1,0,0
776527,8,top,2,0,1,1,1,0,0
776527,8,top,2,2,1,1,1,0,0
776527,8,top,3,1,0,1,1,0,0
776527,8,bottom,1,2,3,1,1,0,0
776527,8,bottom,1,0,0,1,1,0,0
776527,8,bottom,2,0,2,1,1,0,0
776527,8,bottom,3,1,1,1,1,0,0
776527,9,top,0,1,1,1,2,-1,0
776527,9,top,0,0,0,1,3,-2,0
776527,9,top,1,3,2,1,3,-2,0
776527,9,top,1,4,1,1,3,-2,0
776527,9,top,2,0,1,1,3,-2,0
776527,9,top,2,0,2,1,4,-3,0
776527,9,top,3,2,3,1,4,-3,0
776527,9,bottom,1,3,3,1,4,-3,0
776527,9,bottom,1,2,2,1,4,-3,0
776527,9,bottom,3,1,0,1,4,-3,0
776515,1,top,1,2,2,0,0,0,1
776515,1,top,1,1,2,0,0,0,1
776515,1,top,2,3,2,0,0,0,1
776515,1,top,2,0,0,0,2,-2,1
776515,1,top,2,0,0,0,2,-2,1
776515,1,top,3,0,3,0,2,-2,1
776515,1,bottom,0,3,2,0,2,-2,1
776515,1,bottom,1,0,3,0,2,-2,1
776515,1,bottom,1,2,2,0,2,-2,1
776515,1,bottom,2,0,3,0,2,-2,1
776515,1,bottom,2,1,0,2,2,0,1
776515,1,bottom,2,1,2,3,2,1,1
776515,1,bottom,3,0,0,3,2,1,1
776515,2,top,1,3,2,3,2,1,1
776515,2,top,2,1,2,3,2,1,1
776515,2,top,3,1,2,3,2,1,1
776515,2,bottom,1,0,0,3,2,1,1
776515,2,bottom,1,4,1,3,2,1,1
776515,2,bottom,1,0,2,4,2,2,1
776515,2,bottom,2,2,2,4,2,2,1
776515,2,bottom,3,1,0,4,2,2,1
776515,3,top,0,0,1,4,3,1,1
776515,3,top,0,1,1,4,3,1,1
776515,3,top,1,1,1,4,3,1,1
776515,3,top,1,3,1,4,4,0,1
776515,3,top,1,1,1,4,4,0,1
776515,3,top,3,1,1,4,4,0,1
776515,3,bottom,0,4,1,4,4,0,1
776515,3,bottom,1,1,3,4,4,0,1
776515,3,bottom,2,1,2,4,4,0,1
776515,3,bottom,3,2,2,4,4,0,1
776515,4,top,1,0,0,4,4,0,1
776515,4,top,2,1,2,4,4,0,1
776515,4,top,2,0,1,4,4,0,1
776515,4,top,2,2,1,4,4,0,1
776515,4,top,3,1,2,4,4,0,1
776515,4,bottom,1,1,2,4,4,0,1
776515,4,bottom,2,0,0,4,4,0,1
776515,4,bottom,2,0,1,4,4,0,1
776515,4,bottom,2,0,0,4,4,0,1
776515,4,bottom,2,0,0,5,4,1,1
776515,4,bottom,3,1,0,5,4,1,1
776515,5,top,0,1,0,5,4,1,1
776515,5,top,0,1,1,5,4,1,1
776515,5,top,0,1,0,5,4,1,1
776515,5,top,1,2,1,5,4,1,1
776515,5,top,2,1,3,5,4,1,1
776515,5,top,3,1,2,5,4,1,1
776515,5,bottom,1,3,1,5,4,1,1
776515,5,bottom,1,1,1,5,4,1,1
776515,5,bottom,1,0,2,5,4,1,1
776515,5,bottom,1,2,2,6,4,2,1
776515,5,bottom,1,0,1,8,4,4,1
776515,5,bottom,2,1,3,8,4,4,1
776515,5,bottom,2,2,2,8,4,4,1
776515,5,bottom,3,1,2,8,4,4,1
776515,6,top,1,1,1,8,4,4,1
776515,6,top,1,1,2,8,4,4,1
776515,6,top,2,1,3,8,4,4,1
776515,6,top,3,2,3,8,4,4,1
776515,6,bottom,1,1,1,8,4,4,1
776515,6,bottom,1,0,0,8,4,4,1
776515,6,bottom,3,0,1,8,4,4,1
776515,7,top,1,1,1,8,4,4,1
776515,7,top,2,3,3,8,4,4,1
776515,7,top,3,1,1,8,4,4,1
776515,7,bottom,1,1,1,8,4,4,1
776515,7,bottom,2,1,1,8,4,4,1
776515,7,bottom,2,0,2,8,4,4,1
776515,7,bottom,3,2,0,8,4,4,1
776515,8,top,1,1,3,8,4,4,1
776515,8,top,2,2,1,8,4,4,1
776515,8,top,3,3,2,8,4,4,1
776515,8,bottom,1,1,1,8,4,4,1
776515,8,bottom,1,4,1,8,4,4,1
776515,8,bottom,2,1,1,8,4,4,1
776515,8,bottom,3,1,2,8,4,4,1
776515,9,top,1,2,3,8,4,4,1
776515,9,top,2,2,0,8,4,4,1
776515,9,top,2,1,1,8,4,4,1
776515,9,top,2,2,1,8,4,4,1
776515,9,top,3,0,2,8,4,4,1
776503,1,top,0,2,1,0,0,0,0
776503,1,top,2,2,2,0,0,0,0
776503,1,top,3,3,1,0,0,0,0
776503,1,bottom,0,4,1,0,0,0,0
776503,1,bottom,1,3,3,0,0,0,0
776503,1,bottom,2,3,3,0,0,0,0
776503,1,bottom,3,2,0,0,0,0,0
776503,2,top,0,3,2,0,0,0,0
776503,2,top,1,0,0,0,0,0,0
776503,2,top,2,0,3,0,0,0,0
776503,2,top,3,0,3,0,0,0,0
776503,2,bottom,0,2,2,0,0,0,0
776503,2,bottom,0,3,1,0,0,0,0
776503,2,bottom,0,2,2,2,0,2,0
776503,2,bottom,1,0,2,2,0,2,0
776503,2,bottom,3,1,1,2,0,2,0
776503,3,top,1,3,1,2,0,2,0
776503,3,top,2,2,1,2,0,2,0
776503,3,top,3,0,3,2,0,2,0
776503,3,bottom,1,1,1,2,0,2,0
776503,3,bottom,2,2,3,2,0,2,0
776503,3,bottom,3,0,0,2,0,2,0
776503,4,top,1,3,3,2,0,2,0
776503,4,top,2,3,2,2,0,2,0
776503,4,top,2,2,1,2,0,2,0
776503,4,top,3,3,3,2,0,2,0
776503,4,bottom,1,2,3,2,0,2,0
776503,4,bottom,2,2,2,2,0,2,0
776503,4,bottom,3,2,3,2,0,2,0
776503,5,top,1,1,0,2,0,2,0
776503,5,top,2,0,1,2,0,2,0
776503,5,top,3,1,1,2,0,2,0
776503,5,bottom,0,1,0,2,0,2,0
776503,5,bottom,1,2,3,2,0,2,0
776503,5,bottom,1,4,2,2,0,2,0
776503,5,bottom,2,1,1,2,0,2,0
776503,5,bottom,3,1,1,2,0,2,0
776503,6,top,1,2,3,2,0,2,0
776503,6,top,2,3,2,2,0,2,0
776503,6,top,3,1,3,2,0,2,0
776503,6,bottom,0,1,1,2,0,2,0
776503,6,bottom,1,0,0,2,0,2,0
776503,6,bottom,2,3,2,2,0,2,0
776503,6,bottom,3,0,1,2,0,2,0
776503,7,top,1,0,0,2,0,2,0
776503,7,top,1,0,1,2,0,2,0
776503,7,top,1,4,2,2,0,2,0
776503,7,top,1,2,2,2,1,1,0
776503,7,top,2,0,0,2,1,1,0
776503,7,top,3,3,2,2,1,1,0
776503,7,bottom,0,2,2,2,1,1,0
776503,7,bottom,1,0,0,2,1,1,0
776503,7,bottom,2,1,2,2,1,1,0
776503,7,bottom,2,2,1,2,1,1,0
776503,7,bottom,3,1,3,2,1,1,0
776503,8,top,1,1,2,2,1,1,0
776503,8,top,1,4,1,2,1,1,0
776503,8,top,3,1,2,2,1,1,0
776503,8,bottom,1,3,2,2,1,1,0
776503,8,bottom,2,2,2,2,1,1,0
776503,8,bottom,2,0,0,2,1,1,0
776503,8,bottom,3,2,3,2,1,1,0
776503,9,top,0,3,2,2,1,1,0
776503,9,top,0,1,0,2,3,-1,0
776503,9,top,0,2,2,2,4,-2,0
776503,9,top,1,0,1,2,4,-2,0
776503,9,top,2,1,1,2,4,-2,0
776503,9,top,3,2,1,2,4,-2,0
776503,9,bottom,0,2,2,2,4,-2,0
776503,9,bottom,1,0,2,2,4,-2,0
776503,9,bottom,1,2,1,2,4,-2,0
776503,9,bottom,1,2,0,3,4,-1,0
776503,9,bottom,1,3,2,5,4,1,0
776491,1,top,0,1,1,0,1,-1,1
776491,1,top,1,1,1,0,1,-1,1
776491,1,top,1,4,0,0,1,-1,1
776491,1,top,1,4,0,0,1,-1,1
776491,1,top,1,4,2,0,1,-1,1
776491,1,top,2,0,1,0,4,-4,1
776491,1,top,3,3,3,0,4,-4,1
776491,1,bottom,1,2,3,0,4,-4,1
776491,1,bottom,1,3,2,0,4,-4,1
776491,1,bottom,1,1,2,1,4,-3,1
776491,1,bottom,2,3,2,1,4,-3,1
776491,1,bottom,2,4,1,1,4,-3,1
776491,1,bottom,3,2,2,1,4,-3,1
776491,2,top,0,0,1,1,4,-3,1
776491,2,top,1,1,1,1,4,-3,1
776491,2,top,1,1,2,1,4,-3,1
776491,2,top,2,0,0,1,4,-3,1
776491,2,top,2,1,1,1,5,-4,1
776491,2,top,2,0,0,1,8,-7,1
776491,2,top,3,3,3,1,8,-7,1
776491,2,bottom,1,1,1,1,8,-7,1
776491,2,bottom,1,3,2,1,8,-7,1
776491,2,bottom,1,1,1,2,8,-6,1
776491,2,bottom,2,3,2,2,8,-6,1
776491,2,bottom,2,1,2,3,8,-5,1
776491,2,bottom,2,4,0,3,8,-5,1
776491,2,bottom,2,0,0,6,8,-2,1
776491,2,bottom,3,3,3,6,8,-2,1
776491,3,top,1,0,2,6,8,-2,1
776491,3,top,2,1,3,6,8,-2,1
776491,3,top,3,2,3,6,8,-2,1
776491,3,bottom,1,1,2,6,8,-2,1
776491,3,bottom,2,1,3,6,8,-2,1
776491,3,bottom,2,3,2,6,8,-2,1
776491,3,bottom,3,1,2,6,8,-2,1
776491,4,top,0,2,2,6,8,-2,1
776491,4,top,0,2,0,6,10,-4,1
776491,4,top,1,0,3,6,10,-4,1
776491,4,top,1,1,1,6,10,-4,1
776491,4,top,3,1,0,6,10,-4,1
776491,4,bottom,0,0,0,6,10,-4,1
776491,4,bottom,1,0,3,6,10,-4,1
776491,4,bottom,2,1,2,6,10,-4,1
776491,4,bottom,2,0,0,7,10,-3,1
776491,4,bottom,2,3,1,8,10,-2,1
776491,4,bottom,3,2,2,8,10,-2,1
776491,5,top,1,1,3,8,10,-2,1
776491,5,top,1,1,1,8,10,-2,1
776491,5,top,2,1,2,8,10,-2,1
776491,5,top,3,0,0,8,10,-2,1
776491,5,bottom,0,1,1,8,10,-2,1
776491,5,bottom,1,3,3,8,10,-2,1
776491,5,bottom,1,2,2,8,10,-2,1
776491,5,bottom,2,2,2,8,10,-2,1
776491,5,bottom,3,3,2,8,10,-2,1
776491,6,top,1,1,3,8,10,-2,1
776491,6,top,2,0,1,8,10,-2,1
776491,6,top,3,0,1,8,10,-2,1
776491,6,bottom,1,2,1,8,10,-2,1
776491,6,bottom,2,0,1,8,10,-2,1
776491,6,bottom,3,0,0,8,10,-2,1
776491,7,top,1,0,1,8,10,-2,1
776491,7,top,2,3,2,8,10,-2,1
776491,7,top,2,0,1,8,11,-3,1
776491,7,top,3,2,3,8,11,-3,1
776491,7,bottom,1,1,3,8,11,-3,1
776491,7,bottom,1,3,1,8,11,-3,1
776491,7,bottom,3,1,1,8,11,-3,1
776491,8,top,1,3,3,8,11,-3,1
776491,8,top,1,0,0,8,11,-3,1
776491,8,top,2,0,1,8,11,-3,1
776491,8,top,2,4,0,8,11,-3,1
776491,8,top,3,2,1,8,11,-3,1
776491,8,bottom,1,2,3,8,11,-3,1
776491,8,bottom,1,1,0,9,11,-2,1
776491,8,bottom,1,1,1,9,11,-2,1
776491,8,bottom,2,2,2,9,11,-2,1
776491,8,bottom,3,1,3,9,11,-2,1
776491,9,top,0,0,2,9,11,-2,1
776491,9,top,1,2,3,9,11,-2,1
776491,9,top,2,0,0,9,11,-2,1
776491,9,top,2,4,2,9,11,-2,1
776491,9,top,3,3,2,9,12,-3,1
776491,9,bottom,1,0,0,9,12,-3,1
776491,9,bottom,1,2,2,9,12,-3,1
776491,9,bottom,2,3,3,9,12,-3,1
776491,9,bottom,3,2,2,9,12,-3,1
776475,1,top,1,0,3,0,0,0,1
776475,1,top,2,1,3,0,0,0,1
776475,1,top,2,4,0,0,0,0,1
776475,1,top,3,3,3,0,0,0,1
776475,1,bottom,1,0,0,0,0,0,1
776475,1,bottom,2,0,2,0,0,0,1
776475,1,bottom,3,3,3,0,0,0,1
776475,2,top,1,2,3,0,0,0,1
776475,2,top,2,1,2,0,0,0,1
776475,2,top,3,3,3,0,0,0,1
776475,2,bottom,0,2,2,0,0,0,1
776475,2,bottom,1,2,2,0,0,0,1
776475,2,bottom,1,0,1,0,0,0,1
776475,2,bottom,1,4,0,0,0,0,1
776475,2,bottom,1,0,1,2,0,2,1
776475,2,bottom,1,0,2,3,0,3,1
776475,2,bottom,2,1,2,3,0,3,1
776475,2,bottom,2,0,0,5,0,5,1
776475,2,bottom,3,3,3,5,0,5,1
776475,3,top,0,1,1,5,0,5,1
776475,3,top,2,1,2,5,0,5,1
776475,3,top,2,1,0,5,1,4,1
776475,3,top,3,2,1,5,1,4,1
776475,3,bottom,1,3,3,5,1,4,1
776475,3,bottom,2,3,2,5,1,4,1
776475,3,bottom,3,0,0,5,1,4,1
776475,4,top,1,2,1,5,1,4,1
776475,4,top,2,0,0,5,1,4,1
776475,4,top,2,2,2,5,2,3,1
776475,4,top,2,1,0,5,3,2,1
776475,4,top,2,0,1,5,3,2,1
776475,4,top,3,2,2,5,3,2,1
776475,4,bottom,1,1,3,5,3,2,1
776475,4,bottom,2,3,2,5,3,2,1
776475,4,bottom,3,1,3,5,3,2,1
776475,5,top,1,3,3,5,3,2,1
776475,5,top,1,3,2,5,3,2,1
776475,5,top,1,1,2,5,5,0,1
776475,5,top,1,0,1,5,6,-1,1
776475,5,top,2,0,0,5,6,-1,1
776475,5,top,2,0,2,5,6,-1,1
776475,5,top,3,0,3,5,6,-1,1
776475,5,bottom,1,0,3,5,6,-1,1
776475,5,bottom,2,3,2,5,6,-1,1
776475,5,bottom,3,0,0,5,6,-1,1
776475,6,top,0,1,0,5,6,-1,1
776475,6,top,0,3,1,5,6,-1,1
776475,6,top,1,0,0,5,6,-1,1
776475,6,top,1,4,0,5,6,-1,1
776475,6,top,2,0,1,5,7,-2,1
776475,6,top,3,1,2,5,7,-2,1
776475,6,bottom,1,2,2,5,7,-2,1
776475,6,bottom,1,4,2,5,7,-2,1
776475,6,bottom,3,1,2,5,7,-2,1
776475,7,top,1,2,2,5,7,-2,1
776475,7,top,1,1,1,5,7,-2,1
776475,7,top,1,0,0,5,7,-2,1
776475,7,top,2,1,0,5,8,-3,1
776475,7,top,3,2,2,5,8,-3,1
776475,7,bottom,1,0,1,5,8,-3,1
776475,7,bottom,2,0,2,5,8,-3,1
776475,7,bottom,2,2,2,5,8,-3,1
776475,7,bottom,2,4,2,5,8,-3,1
776475,7,bottom,2,3,2,6,8,-2,1
776475,7,bottom,3,3,3,6,8,-2,1
776475,8,top,0,0,0,6,8,-2,1
776475,8,top,0,4,2,6,8,-2,1
776475,8,top,0,0,2,6,9,-3,1
776475,8,top,0,4,2,6,9,-3,1
776475,8,top,0,0,1,6,10,-4,1
776475,8,top,1,0,0,6,11,-5,1
776475,8,top,2,2,3,6,11,-5,1
776475,8,top,2,0,0,6,12,-6,1
776475,8,top,3,2,3,6,12,-6,1
776475,8,bottom,1,0,3,6,12,-6,1
776475,8,bottom,1,1,0,6,12,-6,1
776475,8,bottom,1,0,1,7,12,-5,1
776475,8,bottom,2,1,3,7,12,-5,1
776475,8,bottom,2,2,1,8,12,-4,1
776475,8,bottom,2,0,2,9,12,-3,1
776475,8,bottom,3,1,3,9,12,-3,1
776475,9,top,0,2,0,9,12,-3,1
776475,9,top,1,2,3,9,12,-3,1
776475,9,top,2,3,3,9,12,-3,1
776475,9,top,2,1,0,9,13,-4,1
776475,9,top,2,4,2,9,13,-4,1
776475,9,top,3,0,0,9,13,-4,1
776475,9,bottom,1,2,3,9,13,-4,1
776475,9,bottom,2,1,1,9,13,-4,1
776475,9,bottom,3,1,2,9,13,-4,1
776457,1,top,1,2,3,0,0,0,1
776457,1,top,2,2,3,0,0,0,1
776457,1,top,2,0,0,0,0,0,1
776457,1,top,2,2,2,0,1,-1,1
776457,1,top,2,0,1,0,1,-1,1
776457,1,top,2,4,2,0,1,-1,1
776457,1,top,2,1,2,0,3,-3,1
776457,1,top,3,0,1,0,3,-3,1
776457,1,bottom,1,2,2,0,3,-3,1
776457,1,bottom,2,0,2,0,3,-3,1
776457,1,bottom,3,0,0,0,3,-3,1
776457,2,top,1,1,2,0,3,-3,1
776457,2,top,1,3,2,0,3,-3,1
776457,2,top,1,4,2,0,3,-3,1
776457,2,top,1,0,1,0,3,-3,1
776457,2,top,2,1,2,0,4,-4,1
776457,2,top,3,2,3,0,4,-4,1
776457,2,bottom,1,0,0,0,4,-4,1
776457,2,bottom,1,3,2,1,4,-3,1
776457,2,bottom,2,3,3,1,4,-3,1
776457,2,bottom,3,2,3,1,4,-3,1
776457,3,top,1,3,2,1,4,-3,1
776457,3,top,2,1,2,1,4,-3,1
776457,3,top,3,1,1,1,4,-3,1
776457,3,bottom,1,0,3,1,4,-3,1
776457,3,bottom,2,2,1,1,4,-3,1
776457,3,bottom,3,1,1,1,4,-3,1
776457,4,top,1,1,2,1,4,-3,1
776457,4,top,2,0,3,1,4,-3,1
776457,4,top,3,0,1,1,4,-3,1
776457,4,bottom,1,2,2,1,4,-3,1
776457,4,bottom,2,1,2,1,4,-3,1
776457,4,bottom,3,1,0,1,4,-3,1
776457,5,top,0,1,2,1,5,-4,1
776457,5,top,0,1,2,1,5,-4,1
776457,5,top,1,2,2,1,5,-4,1
776457,5,top,2,2,3,1,5,-4,1
776457,5,top,3,0,1,1,5,-4,1
776457,5,bottom,1,1,3,1,5,-4,1
776457,5,bottom,2,0,0,1,5,-4,1
776457,5,bottom,3,0,2,1,5,-4,1
776457,6,top,1,0,0,1,5,-4,1
776457,6,top,2,0,1,1,5,-4,1
776457,6,top,3,2,2,1,5,-4,1
776457,6,bottom,0,4,2,1,5,-4,1
776457,6,bottom,1,0,0,1,5,-4,1
776457,6,bottom,2,0,0,1,5,-4,1
776457,6,bottom,3,0,0,1,5,-4,1
776457,7,top,1,1,0,1,5,-4,1
776457,7,top,2,3,2,1,5,-4,1
776457,7,top,2,1,0,1,5,-4,1
776457,7,top,3,0,2,1,5,-4,1
776457,7,bottom,0,2,1,1,5,-4,1
776457,7,bottom,1,2,2,1,5,-4,1
776457,7,bottom,1,2,1,1,5,-4,1
776457,7,bottom,2,1,3,1,5,-4,1
776457,7,bottom,3,2,2,1,5,-4,1
776457,8,top,0,4,2,1,5,-4,1
776457,8,top,1,1,3,1,5,-4,1
776457,8,top,2,0,0,1,6,-5,1
776457,8,top,3,3,3,1,6,-5,1
776457,8,bottom,1,2,2,1,6,-5,1
776457,8,bottom,2,1,1,1,6,-5,1
776457,8,bottom,2,2,1,1,6,-5,1
776457,8,bottom,3,1,2,1,6,-5,1
776457,9,top,1,0,0,1,6,-5,1
776457,9,top,2,0,0,1,6,-5,1
776457,9,top,2,0,2,1,6,-5,1
776457,9,top,2,4,0,1,6,-5,1
776457,9,top,2,1,2,1,7,-6,1
776457,9,top,3,1,0,1,7,-6,1
776457,9,bottom,0,4,2,1,7,-6,1
776457,9,bottom,1,0,1,1,7,-6,1
776457,9,bottom,3,0,2,1,7,-6,1
776436,1,top,1,0,0,0,0,0,0
776436,1,top,2,2,1,0,0,0,0
776436,1,top,2,0,1,0,0,0,0
776436,1,top,3,1,1,0,0,0,0
776436,1,bottom,1,2,3,0,0,0,0
776436,1,bottom,2,0,0,0,0,0,0
776436,1,bottom,3,1,2,0,0,0,0
776436,2,top,1,0,0,0,0,0,0
776436,2,top,1,4,2,0,0,0,0
776436,2,top,2,0,1,0,0,0,0
776436,2,top,3,3,3,0,0,0,0
776436,2,bottom,0,4,1,0,0,0,0
776436,2,bottom,0,0,0,0,0,0,0
776436,2,bottom,0,0,0,1,0,1,0
776436,2,bottom,1,2,3,1,0,1,0
776436,2,bottom,2,1,1,2,0,2,0
776436,2,bottom,3,1,0,2,0,2,0
776436,3,top,1,1,2,2,0,2,0
776436,3,top,2,1,0,2,0,2,0
776436,3,top,2,4,2,2,0,2,0
776436,3,top,3,0,1,2,0,2,0
776436,3,bottom,1,3,2,2,0,2,0
776436,3,bottom,2,2,1,2,0,2,0
776436,3,bottom,2,3,1,2,0,2,0
776436,3,bottom,2,4,1,2,0,2,0
776436,3,bottom,3,0,1,2,0,2,0
776436,4,top,0,4,2,2,0,2,0
776436,4,top,0,4,2,2,0,2,0
776436,4,top,1,0,1,2,0,2,0
776436,4,top,2,0,2,2,1,1,0
776436,4,top,3,0,0,2,1,1,0
776436,4,bottom,1,2,1,2,1,1,0
776436,4,bottom,2,2,2,2,1,1,0
776436,4,bottom,3,3,1,2,1,1,0
776436,5,top,1,1,1,2,1,1,0
776436,5,top,2,0,0,2,1,1,0
776436,5,top,3,2,1,2,1,1,0
776436,5,bottom,0,4,2,2,1,1,0
776436,5,bottom,1,0,3,2,1,1,0
776436,5,bottom,1,1,1,2,1,1,0
776436,5,bottom,2,1,0,2,1,1,0
776436,5,bottom,3,0,1,2,1,1,0
776436,6,top,1,2,2,2,1,1,0
776436,6,top,1,2,1,2,1,1,0
776436,6,top,2,2,2,2,1,1,0
776436,6,top,3,1,2,2,1,1,0
776436,6,bottom,0,0,0,2,1,1,0
776436,6,bottom,1,4,2,2,1,1,0
776436,6,bottom,1,0,0,2,1,1,0
776436,6,bottom,2,3,2,3,1,2,0
776436,6,bottom,3,1,3,3,1,2,0
776436,7,top,0,0,0,3,1,2,0
776436,7,top,1,2,2,3,1,2,0
776436,7,top,2,2,2,3,1,2,0
776436,7,top,2,4,1,3,1,2,0
776436,7,top,3,1,1,3,1,2,0
776436,7,bottom,1,1,3,3,1,2,0
776436,7,bottom,2,2,3,3,1,2,0
776436,7,bottom,3,2,3,3,1,2,0
776436,8,top,0,1,2,3,1,2,0
776436,8,top,1,3,3,3,1,2,0
776436,8,top,2,0,0,3,1,2,0
776436,8,top,3,2,3,3,1,2,0
776436,8,bottom,0,4,0,3,1,2,0
776436,8,bottom,1,1,3,3,1,2,0
776436,8,bottom,2,2,2,3,1,2,0
776436,8,bottom,3,1,2,3,1,2,0
776436,9,top,1,3,3,3,1,2,0
776436,9,top,2,0,2,3,1,2,0
776436,9,top,3,1,3,3,1,2,0
776423,1,top,1,0,0,0,0,0,0
776423,1,top,2,3,3,0,0,0,0
776423,1,top,3,0,0,0,0,0,0
776423,1,bottom,1,2,0,0,0,0,0
776423,1,bottom,1,4,2,0,0,0,0
776423,1,bottom,1,1,0,0,0,0,0
776423,1,bottom,1,3,2,3,0,3,0
776423,1,bottom,2,1,1,3,0,3,0
776423,1,bottom,3,0,0,3,0,3,0
776423,2,top,0,4,2,3,0,3,0
776423,2,top,0,1,2,3,0,3,0
776423,2,top,1,1,0,3,0,3,0
776423,2,top,1,0,0,3,1,2,0
776423,2,top,2,0,1,3,2,1,0
776423,2,top,3,0,1,3,2,1,0
776423,2,bottom,1,1,0,3,2,1,0
776423,2,bottom,2,2,3,3,2,1,0
776423,2,bottom,3,2,3,3,2,1,0
776423,3,top,0,2,2,3,2,1,0
776423,3,top,0,2,2,3,2,1,0
776423,3,top,0,3,2,3,3,0,0
776423,3,top,1,2,2,3,3,0,0
776423,3,top,2,1,0,3,3,0,0
776423,3,top,3,0,0,3,3,0,0
776423,3,bottom,1,2,3,3,3,0,0
776423,3,bottom,1,4,2,3,3,0,0
776423,3,bottom,1,3,1,4,3,1,0
776423,3,bottom,2,2,2,4,3,1,0
776423,3,bottom,3,2,3,4,3,1,0
776423,4,top,1,0,1,4,3,1,0
776423,4,top,1,1,2,4,3,1,0
776423,4,top,2,3,3,4,3,1,0
776423,4,top,3,2,1,4,3,1,0
776423,4,bottom,0,4,2,4,3,1,0
776423,4,bottom,1,1,3,4,3,1,0
776423,4,bottom,2,1,3,4,3,1,0
776423,4,bottom,3,0,3,4,3,1,0
776423,5,top,1,1,2,4,3,1,0
776423,5,top,1,3,1,4,3,1,0
776423,5,top,3,0,0,4,3,1,0
776423,5,bottom,0,4,1,4,3,1,0
776423,5,bottom,1,3,3,4,3,1,0
776423,5,bottom,2,0,1,4,3,1,0
776423,5,bottom,3,0,0,4,3,1,0
776423,6,top,1,0,1,4,3,1,0
776423,6,top,2,2,1,4,3,1,0
776423,6,top,3,2,3,4,3,1,0
776423,6,bottom,1,1,3,4,3,1,0
776423,6,bottom,2,1,2,4,3,1,0
776423,6,bottom,3,1,3,4,3,1,0
776423,7,top,1,1,3,4,3,1,0
776423,7,top,2,2,2,4,3,1,0
776423,7,top,3,0,0,4,3,1,0
776423,7,bottom,1,1,3,4,3,1,0
776423,7,bottom,2,2,3,4,3,1,0
776423,7,bottom,3,1,3,4,3,1,0
776423,8,top,0,2,1,4,3,1,0
776423,8,top,1,3,3,4,3,1,0
776423,8,top,2,0,0,4,3,1,0
776423,8,top,2,4,2,4,3,1,0
776423,8,top,3,0,2,4,3,1,0
776423,8,bottom,0,4,2,4,3,1,0
776423,8,bottom,1,2,0,4,3,1,0
776423,8,bottom,2,3,2,4,3,1,0
776423,8,bottom,3,2,2,4,3,1,0
776423,9,top,1,0,0,4,3,1,0
776423,9,top,1,2,2,4,3,1,0
776423,9,top,3,2,2,4,3,1,0
776393,1,top,0,0,0,0,0,0,1
776393,1,top,1,2,1,0,0,0,1
776393,1,top,1,3,2,0,2,-2,1
776393,1,top,2,3,0,0,2,-2,1
776393,1,top,3,1,3,0,2,-2,1
776393,1,bottom,1,2,2,0,2,-2,1
776393,1,bottom,2,2,1,0,2,-2,1
776393,1,bottom,3,1,1,0,2,-2,1
776393,2,top,1,2,1,0,2,-2,1
776393,2,top,2,1,1,0,2,-2,1
776393,2,top,2,1,0,0,2,-2,1
776393,2,top,3,2,2,0,2,-2,1
776393,2,bottom,1,2,2,0,2,-2,1
776393,2,bottom,2,3,3,0,2,-2,1
776393,2,bottom,2,1,0,0,2,-2,1
776393,2,bottom,2,4,2,0,2,-2,1
776393,2,bottom,3,2,1,0,2,-2,1
776393,3,top,1,2,3,0,2,-2,1
776393,3,top,1,0,0,0,2,-2,1
776393,3,top,3,1,1,0,2,-2,1
776393,3,bottom,1,1,2,0,2,-2,1
776393,3,bottom,2,0,0,0,2,-2,1
776393,3,bottom,3,1,3,0,2,-2,1
776393,4,top,1,0,0,0,2,-2,1
776393,4,top,2,3,3,0,2,-2,1
776393,4,top,2,0,1,0,2,-2,1
776393,4,top,2,4,2,0,2,-2,1
776393,4,top,3,2,2,0,2,-2,1
776393,4,bottom,1,1,3,0,2,-2,1
776393,4,bottom,2,0,3,0,2,-2,1
776393,4,bottom,3,0,0,0,2,-2,1
776393,5,top,1,2,1,0,2,-2,1
776393,5,top,2,2,0,0,2,-2,1
776393,5,top,2,1,1,0,2,-2,1
776393,5,top,3,2,2,0,2,-2,1
776393,5,bottom,0,4,1,0,2,-2,1
776393,5,bottom,1,0,0,0,2,-2,1
776393,5,bottom,2,1,3,0,2,-2,1
776393,5,bottom,3,0,0,0,2,-2,1
776393,6,top,0,3,1,0,2,-2,1
776393,6,top,1,1,1,0,2,-2,1
776393,6,top,2,2,3,0,2,-2,1
776393,6,top,2,1,0,0,2,-2,1
776393,6,top,2,0,1,0,3,-3,1
776393,6,top,3,1,0,0,3,-3,1
776393,6,bottom,0,3,1,1,3,-2,1
776393,6,bottom,1,0,1,1,3,-2,1
776393,6,bottom,1,0,0,1,3,-2,1
776393,6,bottom,2,2,3,1,3,-2,1
776393,6,bottom,3,1,2,1,3,-2,1
776393,7,top,1,2,1,1,3,-2,1
776393,7,top,1,1,1,1,3,-2,1
776393,7,top,1,3,0,1,3,-2,1
776393,7,top,2,2,2,1,3,-2,1
776393,7,top,2,4,2,1,3,-2,1
776393,7,top,3,2,3,1,3,-2,1
776393,7,bottom,0,1,2,1,3,-2,1
776393,7,bottom,1,2,1,1,3,-2,1
776393,7,bottom,2,2,2,1,3,-2,1
776393,7,bottom,3,2,3,1,3,-2,1
776393,8,top,1,0,0,1,3,-2,1
776393,8,top,1,1,2,1,3,-2,1
776393,8,top,3,0,1,1,3,-2,1
776393,8,bottom,1,2,2,1,3,-2,1
776393,8,bottom,2,0,0,1,3,-2,1
776393,8,bottom,2,2,0,1,3,-2,1
776393,8,bottom,3,0,0,1,3,-2,1
776393,9,top,1,0,0,1,3,-2,1
776393,9,top,2,0,1,1,3,-2,1
776393,9,top,2,4,2,1,3,-2,1
776393,9,top,3,3,2,1,3,-2,1
776393,9,bottom,0,4,1,1,3,-2,1
776393,9,bottom,1,1,3,1,3,-2,1
776393,9,bottom,1,0,1,1,3,-2,1
776393,9,bottom,1,4,2,1,3,-2,1
776393,9,bottom,1,1,1,3,3,0,1
776393,9,bottom,2,1,3,3,3,0,1
776393,9,bottom,3,1,2,3,3,0,1
776393,10,top,1,0,2,3,3,0,1
776393,10,top,2,2,2,3,3,0,1
776393,10,top,3,0,1,3,3,0,1
776393,10,bottom,0,1,1,3,3,0,1
776393,10,bottom,1,1,3,3,3,0,1
776393,10,bottom,1,1,2,4,3,1,1
776385,1,top,1,1,0,0,0,0,0
776385,1,top,1,0,2,0,0,0,0
776385,1,top,2,0,3,0,0,0,0
776385,1,top,3,2,3,0,0,0,0
776385,1,bottom,1,1,2,0,0,0,0
776385,1,bottom,2,0,0,0,0,0,0
776385,1,bottom,3,1,3,0,0,0,0
776385,2,top,0,4,2,0,0,0,0
776385,2,top,1,3,3,0,0,0,0
776385,2,top,2,2,1,0,0,0,0
776385,2,top,2,3,2,0,1,-1,0
776385,2,top,3,0,0,0,1,-1,0
776385,2,bottom,1,1,0,0,1,-1,0
776385,2,bottom,2,2,1,0,1,-1,0
776385,2,bottom,2,4,2,0,1,-1,0
776385,2,bottom,2,2,1,0,1,-1,0
776385,2,bottom,3,3,2,0,1,-1,0
776385,3,top,1,0,0,0,1,-1,0
776385,3,top,1,2,1,0,1,-1,0
776385,3,top,3,1,2,0,1,-1,0
776385,3,bottom,1,1,3,0,1,-1,0
776385,3,bottom,2,3,1,0,1,-1,0
776385,3,bottom,3,1,2,0,1,-1,0
776385,4,top,0,2,1,0,1,-1,0
776385,4,top,1,2,2,0,1,-1,0
776385,4,top,2,0,3,0,1,-1,0
776385,4,top,3,3,2,0,1,-1,0
776385,4,bottom,1,1,0,0,1,-1,0
776385,4,bottom,2,0,0,0,1,-1,0
776385,4,bottom,3,2,2,0,1,-1,0
776385,5,top,1,1,1,0,1,-1,0
776385,5,top,2,0,0,0,1,-1,0
776385,5,top,3,0,1,0,1,-1,0
776385,5,bottom,1,0,2,0,1,-1,0
776385,5,bottom,1,3,2,0,1,-1,0
776385,5,bottom,3,2,3,0,1,-1,0
776385,6,top,1,3,1,0,1,-1,0
776385,6,top,1,1,1,0,2,-2,0
776385,6,top,2,3,3,0,2,-2,0
776385,6,top,2,4,2,0,2,-2,0
776385,6,top,3,0,3,0,2,-2,0
776385,6,bottom,0,0,1,0,2,-2,0
776385,6,bottom,2,1,1,0,2,-2,0
776385,6,bottom,3,1,1,0,2,-2,0
776385,7,top,1,1,0,0,2,-2,0
776385,7,top,2,0,0,0,2,-2,0
776385,7,top,3,2,2,0,2,-2,0
776385,7,bottom,1,1,2,0,2,-2,0
776385,7,bottom,2,0,0,0,2,-2,0
776385,7,bottom,3,3,2,0,2,-2,0
776385,8,top,1,1,0,0,2,-2,0
776385,8,top,2,2,3,0,2,-2,0
776385,8,top,2,3,2,0,2,-2,0
776385,8,top,2,4,2,0,2,-2,0
776385,8,top,2,4,1,0,2,-2,0
776385,8,top,3,1,0,0,2,-2,0
776385,8,bottom,0,1,2,0,2,-2,0
776385,8,bottom,1,1,3,0,2,-2,0
776385,8,bottom,1,0,1,0,2,-2,0
776385,8,bottom,1,0,1,1,2,-1,0
776385,8,bottom,2,2,3,1,2,-1,0
776385,8,bottom,2,3,2,2,2,0,0
776385,8,bottom,3,1,1,2,2,0,0
776385,9,top,1,3,2,2,2,0,0
776385,9,top,1,1,1,2,3,-1,0
776385,9,top,2,2,3,2,3,-1,0
776385,9,top,3,1,1,2,3,-1,0
776385,9,bottom,1,0,2,2,3,-1,0
776385,9,bottom,2,1,1,2,3,-1,0
776385,9,bottom,3,2,3,2,3,-1,0
776369,1,top,1,1,3,0,0,0,1
776369,1,top,2,2,2,0,0,0,1
776369,1,top,3,0,3,0,0,0,1
776369,1,bottom,0,2,0,0,0,0,1
776369,1,bottom,0,1,1,1,0,1,1
776369,1,bottom,1,0,0,1,0,1,1
776369,1,bottom,1,1,1,2,0,2,1
776369,1,bottom,2,3,1,2,0,2,1
776369,1,bottom,3,0,1,2,0,2,1
776369,2,top,1,2,2,2,0,2,1
776369,2,top,2,1,3,2,0,2,1
776369,2,top,3,1,1,2,0,2,1
776369,2,bottom,0,0,1,3,0,3,1
776369,2,bottom,1,1,3,3,0,3,1
776369,2,bottom,1,4,2,3,0,3,1
776369,2,bottom,3,2,1,3,0,3,1
776369,3,top,1,0,0,3,0,3,1
776369,3,top,2,0,2,3,0,3,1
776369,3,top,3,0,1,3,0,3,1
776369,3,bottom,1,1,2,3,0,3,1
776369,3,bottom,1,1,0,3,0,3,1
776369,3,bottom,2,2,3,3,0,3,1
776369,3,bottom,3,2,2,3,0,3,1
776369,4,top,0,1,1,3,0,3,1
776369,4,top,1,0,1,3,0,3,1
776369,4,top,1,0,0,3,0,3,1
776369,4,top,2,0,0,3,0,3,1
776369,4,top,3,1,3,3,0,3,1
776369,4,bottom,0,1,0,3,0,3,1
776369,4,bottom,1,2,0,4,0,4,1
776369,4,bottom,2,1,1,4,0,4,1
776369,4,bottom,3,1,0,4,0,4,1
776369,5,top,1,0,1,4,0,4,1
776369,5,top,2,2,2,4,0,4,1
776369,5,top,3,0,2,4,0,4,1
776369,5,bottom,1,0,3,4,0,4,1
776369,5,bottom,2,1,3,4,0,4,1
776369,5,bottom,3,0,0,4,0,4,1
776369,6,top,1,1,2,4,0,4,1
776369,6,top,2,1,3,4,0,4,1
776369,6,top,3,1,3,4,0,4,1
776369,6,bottom,1,3,2,4,0,4,1
776369,6,bottom,2,0,3,4,0,4,1
776369,6,bottom,3,1,3,4,0,4,1
776369,7,top,1,1,3,4,0,4,1
776369,7,top,2,0,3,4,0,4,1
776369,7,top,3,0,2,4,0,4,1
776369,7,bottom,1,0,0,4,0,4,1
776369,7,bottom,2,0,1,4,0,4,1
776369,7,bottom,3,0,1,4,0,4,1
776369,8,top,1,2,1,4,0,4,1
776369,8,top,2,0,0,4,0,4,1
776369,8,top,3,0,3,4,0,4,1
776369,8,bottom,0,4,1,4,0,4,1
776369,8,bottom,0,1,0,4,0,4,1
776369,8,bottom,1,0,2,4,0,4,1
776369,8,bottom,1,3,2,5,0,5,1
776369,8,bottom,2,0,0,5,0,5,1
776369,8,bottom,2,0,1,6,0,6,1
776369,8,bottom,3,3,2,6,0,6,1
776369,9,top,1,0,0,6,0,6,1
776369,9,top,1,4,2,6,0,6,1
776369,9,top,2,0,2,6,0,6,1
776369,9,top,3,0,1,6,0,6,1
776353,1,top,1,3,2,0,0,0,1
776353,1,top,2,1,1,0,0,0,1
776353,1,top,3,0,1,0,0,0,1
776353,1,bottom,1,1,3,0,0,0,1
776353,1,bottom,2,0,3,0,0,0,1
776353,1,bottom,2,0,1,0,0,0,1
776353,1,bottom,3,1,1,0,0,0,1
776353,2,top,1,0,1,0,0,0,1
776353,2,top,1,4,1,0,0,0,1
776353,2,top,2,2,3,0,0,0,1
776353,2,top,3,3,2,0,0,0,1
776353,2,bottom,1,0,0,0,0,0,1
776353,2,bottom,2,2,2,0,0,0,1
776353,2,bottom,3,0,1,0,0,0,1
776353,3,top,0,0,0,0,0,0,1
776353,3,top,1,3,1,0,0,0,1
776353,3,top,1,1,0,0,1,-1,1
776353,3,top,2,1,3,0,1,-1,1
776353,3,top,3,0,1,0,1,-1,1
776353,3,bottom,0,4,0,0,1,-1,1
776353,3,bottom,1,1,3,0,1,-1,1
776353,3,bottom,1,4,0,0,1,-1,1
776353,3,bottom,2,1,1,0,1,-1,1
776353,3,bottom,2,4,1,0,1,-1,1
776353,3,bottom,3,2,2,0,1,-1,1
776353,4,top,1,3,3,0,1,-1,1
776353,4,top,2,2,3,0,1,-1,1
776353,4,top,3,3,3,0,1,-1,1
776353,4,bottom,1,1,0,0,1,-1,1
776353,4,bottom,2,0,3,0,1,-1,1
776353,4,bottom,2,1,0,0,1,-1,1
776353,4,bottom,3,2,3,0,1,-1,1
776353,5,top,1,3,3,0,1,-1,1
776353,5,top,2,0,0,0,1,-1,1
776353,5,top,3,2,1,0,1,-1,1
776353,5,bottom,1,0,0,0,1,-1,1
776353,5,bottom,2,1,3,0,1,-1,1
776353,5,bottom,2,4,2,0,1,-1,1
776353,5,bottom,2,0,0,1,1,0,1
776353,5,bottom,3,0,1,1,1,0,1
776353,6,top,0,4,2,1,1,0,1
776353,6,top,1,1,3,1,1,0,1
776353,6,top,1,4,0,1,1,0,1
776353,6,top,2,1,1,1,1,0,1
776353,6,top,3,2,1,1,1,0,1
776353,6,bottom,1,0,0,1,1,0,1
776353,6,bottom,2,2,2,1,1,0,1
776353,6,bottom,2,1,1,1,1,0,1
776353,6,bottom,2,0,1,2,1,1,1
776353,6,bottom,3,0,2,2,1,1,1
776353,7,top,0,4,2,2,1,1,1
776353,7,top,2,2,0,2,1,1,1
776353,7,top,3,2,3,2,1,1,1
776353,7,bottom,0,0,0,2,1,1,1
776353,7,bottom,1,1,2,2,1,1,1
776353,7,bottom,1,4,0,2,1,1,1
776353,7,bottom,2,2,3,2,1,1,1
776353,7,bottom,2,1,0,3,1,2,1
776353,7,bottom,3,0,0,3,1,2,1
776353,8,top,1,1,3,3,1,2,1
776353,8,top,2,0,0,3,1,2,1
776353,8,top,3,2,3,3,1,2,1
776353,8,bottom,1,0,1,3,1,2,1
776353,8,bottom,1,1,2,3,1,2,1
776353,8,bottom,2,2,2,3,1,2,1
776353,8,bottom,2,4,2,3,1,2,1
776353,8,bottom,2,1,0,5,1,4,1
776353,8,bottom,3,3,1,6,1,5,1
776353,9,top,1,2,0,6,1,5,1
776353,9,top,2,2,1,6,1,5,1
776353,9,top,2,3,1,6,1,5,1
776353,9,top,3,0,0,6,1,5,1
776343,1,top,0,1,2,0,0,0,1
776343,1,top,0,4,2,0,0,0,1
776343,1,top,0,1,2,0,1,-1,1
776343,1,top,1,0,0,0,2,-2,1
776343,1,top,2,0,1,0,2,-2,1
776343,1,top,3,0,3,0,2,-2,1
776343,1,bottom,1,0,2,0,2,-2,1
776343,1,bottom,2,2,1,0,2,-2,1
776343,1,bottom,3,0,0,0,2,-2,1
776343,2,top,1,2,2,0,2,-2,1
776343,2,top,2,0,1,0,2,-2,1
776343,2,top,2,1,2,0,2,-2,1
776343,2,top,3,2,3,0,2,-2,1
776343,2,bottom,1,2,3,0,2,-2,1
776343,2,bottom,2,1,3,0,2,-2,1
776343,2,bottom,3,0,3,0,2,-2,1
776343,3,top,0,4,2,0,2,-2,1
776343,3,top,0,0,2,0,2,-2,1
776343,3,top,1,2,3,0,2,-2,1
776343,3,top,2,0,0,0,2,-2,1
776343,3,top,3,1,2,0,2,-2,1
776343,3,bottom,1,3,1,0,2,-2,1
776343,3,bottom,1,0,1,0,2,-2,1
776343,3,bottom,3,2,0,0,2,-2,1
776343,4,top,1,2,3,0,2,-2,1
776343,4,top,2,2,2,0,2,-2,1
776343,4,top,3,0,3,0,2,-2,1
776343,4,bottom,1,0,1,0,2,-2,1
776343,4,bottom,2,0,2,0,2,-2,1
776343,4,bottom,3,0,1,0,2,-2,1
776343,5,top,1,2,2,0,2,-2,1
776343,5,top,2,1,1,0,2,-2,1
776343,5,top,3,2,1,0,2,-2,1
776343,5,bottom,0,2,2,1,2,-1,1
776343,5,bottom,0,2,1,1,2,-1,1
776343,5,bottom,1,0,3,1,2,-1,1
776343,5,bottom,2,0,1,1,2,-1,1
776343,5,bottom,3,1,0,1,2,-1,1
776343,6,top,1,1,0,1,2,-1,1
776343,6,top,2,0,1,1,2,-1,1
776343,6,top,3,0,0,1,2,-1,1
776343,6,bottom,1,2,2,1,2,-1,1
776343,6,bottom,1,0,0,1,2,-1,1
776343,6,bottom,3,1,2,1,2,-1,1
776343,7,top,1,0,1,1,2,-1,1
776343,7,top,2,1,1,1,2,-1,1
776343,7,top,3,2,3,1,2,-1,1
776343,7,bottom,0,1,0,1,2,-1,1
776343,7,bottom,0,4,2,1,2,-1,1
776343,7,bottom,2,3,2,1,2,-1,1
776343,7,bottom,3,2,3,1,2,-1,1
776343,8,top,1,1,3,1,2,-1,1
776343,8,top,1,4,1,1,2,-1,1
776343,8,top,2,0,1,1,2,-1,1
776343,8,top,2,2,2,1,2,-1,1
776343,8,top,2,1,1,1,3,-2,1
776343,8,top,3,1,1,1,3,-2,1
776343,8,bottom,0,0,1,1,3,-2,1
776343,8,bottom,1,1,2,1,3,-2,1
776343,8,bottom,2,1,2,1,3,-2,1
776343,8,bottom,2,0,2,1,3,-2,1
776343,8,bottom,2,1,0,2,3,-1,1
776343,8,bottom,2,4,1,2,3,-1,1
776343,8,bottom,3,0,1,2,3,-1,1
776343,9,top,1,1,3,2,3,-1,1
776343,9,top,2,1,1,2,3,-1,1
776343,9,top,2,1,1,2,4,-2,1
776343,9,top,2,4,2,2,4,-2,1
776343,9,top,3,2,2,2,4,-2,1
776343,9,bottom,1,0,1,2,4,-2,1
776343,9,bottom,1,0,0,2,4,-2,1
776343,9,bottom,1,1,1,2,4,-2,1
776343,9,bottom,1,1,1,3,4,-1,1
776343,9,bottom,1,1,1,4,4,0,1
776343,9,bottom,1,1,2,4,4,0,1
776343,9,bottom,2,0,1,5,4,1,1
776322,1,top,0,2,2,0,0,0,1
776322,1,top,1,1,3,0,0,0,1
776322,1,top,1,0,2,0,0,0,1
776322,1,top,3,0,2,0,0,0,1
776322,1,bottom,1,2,3,0,0,0,1
776322,1,bottom,1,4,0,0,0,0,1
776322,1,bottom,2,0,0,0,0,0,1
776322,1,bottom,3,3,3,0,0,0,1
776322,2,top,1,3,2,0,0,0,1
776322,2,top,1,0,1,0,1,-1,1
776322,2,top,2,1,3,0,1,-1,1
776322,2,top,3,0,2,0,1,-1,1
776322,2,bottom,1,1,3,0,1,-1,1
776322,2,bottom,2,3,3,0,1,-1,1
776322,2,bottom,3,2,1,0,1,-1,1
776322,3,top,1,1,2,0,1,-1,1
776322,3,top,2,2,2,0,1,-1,1
776322,3,top,3,2,1,0,1,-1,1
776322,3,bottom,1,1,2,0,1,-1,1
776322,3,bottom,1,3,2,0,1,-1,1
776322,3,bottom,1,0,0,1,1,0,1
776322,3,bottom,2,2,3,1,1,0,1
776322,3,bottom,3,1,2,1,1,0,1
776322,4,top,0,4,2,1,1,0,1
776322,4,top,1,3,2,1,1,0,1
776322,4,top,2,2,3,1,1,0,1
776322,4,top,3,0,1,1,1,0,1
776322,4,bottom,1,0,0,1,1,0,1
776322,4,bottom,1,1,1,1,1,0,1
776322,4,bottom,1,0,0,1,1,0,1
776322,4,bottom,1,0,0,3,1,2,1
776322,4,bottom,2,1,3,3,1,2,1
776322,4,bottom,3,2,2,3,1,2,1
776322,5,top,1,3,3,3,1,2,1
776322,5,top,2,0,0,3,1,2,1
776322,5,top,2,3,1,3,1,2,1
776322,5,top,3,0,0,3,1,2,1
776322,5,bottom,0,3,1,4,1,3,1
776322,5,bottom,1,0,2,4,1,3,1
776322,5,bottom,2,2,0,4,1,3,1
776322,5,bottom,3,1,3,4,1,3,1
776322,6,top,1,0,2,4,1,3,1
776322,6,top,2,2,2,4,1,3,1
776322,6,top,3,1,3,4,1,3,1
776322,6,bottom,0,2,2,4,1,3,1
776322,6,bottom,1,1,1,4,1,3,1
776322,6,bottom,2,0,2,4,1,3,1
776322,6,bottom,2,2,0,5,1,4,1
776322,6,bottom,3,1,2,5,1,4,1
776322,7,top,1,1,3,5,1,4,1
776322,7,top,2,1,3,5,1,4,1
776322,7,top,2,0,0,5,2,3,1
776322,7,top,3,1,1,5,2,3,1
776322,7,bottom,0,0,1,5,2,3,1
776322,7,bottom,0,1,0,5,2,3,1
776322,7,bottom,0,4,1,5,2,3,1
776322,7,bottom,0,0,1,8,2,6,1
776322,7,bottom,0,2,2,9,2,7,1
776322,7,bottom,0,1,2,9,2,7,1
776322,7,bottom,0,2,2,10,2,8,1
776322,7,bottom,1,1,0,11,2,9,1
776322,7,bottom,2,1,1,11,2,9,1
776322,7,bottom,3,3,3,11,2,9,1
776322,8,top,0,1,0,11,2,9,1
776322,8,top,0,1,1,11,2,9,1
776322,8,top,2,2,2,11,2,9,1
776322,8,top,3,3,3,11,2,9,1
776322,8,bottom,1,0,1,11,2,9,1
776322,8,bottom,2,2,2,11,2,9,1
776322,8,bottom,3,1,0,11,2,9,1
776322,9,top,1,0,0,11,2,9,1
776322,9,top,2,0,2,11,2,9,1
776322,9,top,2,4,1,11,2,9,1
776322,9,top,3,0,1,11,2,9,1
776316,1,top,1,0,3,0,0,0,1
776316,1,top,1,0,0,0,0,0,1
776316,1,top,3,0,2,0,0,0,1
776316,1,bottom,0,1,1,0,0,0,1
776316,1,bottom,0,1,2,1,0,1,1
776316,1,bottom,1,0,3,1,0,1,1
776316,1,bottom,1,4,2,1,0,1,1
776316,1,bottom,2,2,1,1,0,1,1
776316,1,bottom,3,0,0,1,0,1,1
776316,2,top,1,2,0,1,0,1,1
776316,2,top,1,0,1,1,0,1,1
776316,2,top,2,3,3,1,0,1,1
776316,2,top,3,1,0,1,0,1,1
776316,2,bottom,1,0,1,1,0,1,1
776316,2,bottom,2,1,3,1,0,1,1
776316,2,bottom,3,1,3,1,0,1,1
776316,3,top,1,3,3,1,0,1,1
776316,3,top,2,1,1,1,0,1,1
776316,3,top,2,1,2,1,0,1,1
776316,3,top,3,2,2,1,0,1,1
776316,3,bottom,1,1,2,1,0,1,1
776316,3,bottom,1,4,1,1,0,1,1
776316,3,bottom,2,1,3,1,0,1,1
776316,3,bottom,3,2,3,1,0,1,1
776316,4,top,1,1,2,1,0,1,1
776316,4,top,1,1,0,1,0,1,1
776316,4,top,2,3,3,1,0,1,1
776316,4,top,3,1,2,1,0,1,1
776316,4,bottom,1,0,3,1,0,1,1
776316,4,bottom,2,0,3,1,0,1,1
776316,4,bottom,3,1,3,1,0,1,1
776316,5,top,1,1,1,1,0,1,1
776316,5,top,2,0,0,1,0,1,1
776316,5,top,3,0,2,1,0,1,1
776316,5,bottom,1,0,0,1,0,1,1
776316,5,bottom,2,1,1,1,0,1,1
776316,5,bottom,3,0,3,1,0,1,1
776316,6,top,1,1,0,1,0,1,1
776316,6,top,2,2,3,1,0,1,1
776316,6,top,3,2,2,1,0,1,1
776316,6,bottom,0,0,0,1,0,1,1
776316,6,bottom,1,1,3,1,0,1,1
776316,6,bottom,2,2,1,1,0,1,1
776316,6,bottom,3,2,2,1,0,1,1
776316,7,top,1,2,3,1,0,1,1
776316,7,top,2,3,3,1,0,1,1
776316,7,top,3,0,2,1,0,1,1
776316,7,bottom,1,1,2,1,0,1,1
776316,7,bottom,2,2,3,1,0,1,1
776316,7,bottom,3,3,0,1,0,1,1
776316,8,top,0,0,1,1,0,1,1
776316,8,top,1,0,0,1,0,1,1
776316,8,top,2,2,2,1,1,0,1
776316,8,top,3,1,3,1,1,0,1
776316,8,bottom,1,3,2,1,1,0,1
776316,8,bottom,2,0,3,1,1,0,1
776316,8,bottom,2,4,0,1,1,0,1
776316,8,bottom,3,0,0,1,1,0,1
776316,9,top,1,1,0,1,1,0,1
776316,9,top,2,3,2,1,1,0,1
776316,9,top,3,1,1,1,1,0,1
776316,9,bottom,1,1,1,1,1,0,1
776316,9,bottom,2,2,3,1,1,0,1
776316,9,bottom,2,4,0,1,1,0,1
776316,9,bottom,3,2,3,1,1,0,1
776316,10,top,1,0,3,1,1,0,1
776316,10,top,2,1,1,1,1,0,1
776316,10,top,3,0,3,1,1,0,1
776316,10,bottom,1,0,0,1,1,0,1
776316,10,bottom,2,2,3,1,1,0,1
776316,10,bottom,3,1,0,1,1,0,1
776316,11,top,1,0,0,1,1,0,1
776316,11,top,2,2,1,1,1,0,1
776316,11,top,2,0,2,1,2,-1,1
776316,11,top,3,2,1,1,2,-1,1
776316,11,bottom,0,0,2,1,2,-1,1
776316,11,bottom,1,2,3,1,2,-1,1
776316,11,bottom,2,2,3,1,2,-1,1
776316,11,bottom,3,1,3,1,2,-1,1
776305,1,top,0,0,2,0,0,0,1
776305,1,top,1,0,0,0,0,0,1
776305,1,top,2,3,2,0,0,0,1
776305,1,top,2,0,2,0,1,-1,1
776305,1,top,3,2,3,0,1,-1,1
776305,1,bottom,1,1,1,0,1,-1,1
776305,1,bottom,1,0,1,0,1,-1,1
776305,1,bottom,2,2,2,0,1,-1,1
776305,1,bottom,2,4,0,0,1,-1,1
776305,1,bottom,3,1,2,0,1,-1,1
776305,2,top,0,4,2,0,1,-1,1
776305,2,top,0,4,2,0,1,-1,1
776305,2,top,0,4,2,0,1,-1,1
776305,2,top,1,0,3,0,1,-1,1
776305,2,top,1,1,0,0,3,-3,1
776305,2,top,2,1,3,0,3,-3,1
776305,2,top,2,1,0,0,4,-4,1
776305,2,top,3,0,3,0,4,-4,1
776305,2,bottom,1,2,1,0,4,-4,1
776305,2,bottom,2,0,0,0,4,-4,1
776305,2,bottom,3,0,1,0,4,-4,1
776305,3,top,0,0,0,0,4,-4,1
776305,3,top,0,2,1,0,4,-4,1
776305,3,top,1,0,0,0,4,-4,1
776305,3,top,3,1,1,0,4,-4,1
776305,3,bottom,1,2,1,0,4,-4,1
776305,3,bottom,1,3,2,0,4,-4,1
776305,3,bottom,1,4,0,0,4,-4,1
776305,3,bottom,1,2,2,3,4,-1,1
776305,3,bottom,2,3,2,3,4,-1,1
776305,3,bottom,3,2,2,3,4,-1,1
776305,4,top,1,0,3,3,4,-1,1
776305,4,top,2,3,0,3,4,-1,1
776305,4,top,2,3,2,3,5,-2,1
776305,4,top,3,0,1,3,5,-2,1
776305,4,bottom,1,2,2,3,5,-2,1
776305,4,bottom,1,0,1,3,5,-2,1
776305,4,bottom,2,2,1,3,5,-2,1
776305,4,bottom,3,3,1,3,5,-2,1
776305,5,top,1,0,0,3,5,-2,1
776305,5,top,2,0,3,3,5,-2,1
776305,5,top,2,1,1,3,6,-3,1
776305,5,top,3,1,3,3,6,-3,1
776305,5,bottom,1,1,3,3,6,-3,1
776305,5,bottom,1,2,2,3,6,-3,1
776305,5,bottom,2,2,3,3,6,-3,1
776305,5,bottom,2,1,0,3,6,-3,1
776305,5,bottom,3,2,3,3,6,-3,1
776305,6,top,1,0,3,3,6,-3,1
776305,6,top,2,0,1,3,6,-3,1
776305,6,top,3,0,0,3,6,-3,1
776305,6,bottom,1,1,2,3,6,-3,1
776305,6,bottom,1,1,0,3,6,-3,1
776305,6,bottom,1,0,1,3,6,-3,1
776305,6,bottom,2,1,3,3,6,-3,1
776305,6,bottom,3,2,2,3,6,-3,1
776305,7,top,1,0,0,3,6,-3,1
776305,7,top,1,0,1,3,6,-3,1
776305,7,top,1,0,0,3,6,-3,1
776305,7,top,3,2,2,3,6,-3,1
776305,7,bottom,1,1,2,3,6,-3,1
776305,7,bottom,2,1,0,3,6,-3,1
776305,7,bottom,3,3,3,3,6,-3,1
776305,8,top,1,0,0,3,6,-3,1
776305,8,top,2,1,2,3,6,-3,1
776305,8,top,3,2,3,3,6,-3,1
776305,8,bottom,0,4,2,3,6,-3,1
776305,8,bottom,1,0,0,3,6,-3,1
776305,8,bottom,1,2,1,4,6,-2,1
776305,8,bottom,1,4,1,4,6,-2,1
776305,8,bottom,3,1,2,4,6,-2,1
776305,9,top,1,0,2,4,6,-2,1
776305,9,top,1,0,1,4,6,-2,1
776305,9,top,2,0,1,4,6,-2,1
776305,9,top,3,0,1,4,6,-2,1
776305,9,bottom,0,4,1,4,6,-2,1
776305,9,bottom,1,2,3,4,6,-2,1
776305,9,bottom,1,0,2,5,6,-1,1
776305,9,bottom,1,4,2,5,6,-1,1
776305,9,bottom,2,2,3,5,6,-1,1
776305,9,bottom,3,0,3,5,6,-1,1
776290,1,top,0,1,1,0,0,0,0
776290,1,top,1,0,0,0,0,0,0
776290,1,top,2,3,2,0,0,0,0
776290,1,top,3,0,2,0,0,0,0
776290,1,bottom,0,0,2,0,0,0,0
776290,1,bottom,0,0,0,1,0,1,0
776290,1,bottom,1,2,1,1,0,1,0
776290,1,bottom,2,0,3,1,0,1,0
776290,1,bottom,3,1,3,1,0,1,0
776290,2,top,1,1,1,1,0,1,0
776290,2,top,1,0,1,1,0,1,0
776290,2,top,3,1,2,1,0,1,0
776290,2,bottom,1,1,2,1,0,1,0
776290,2,bottom,1,1,1,1,0,1,0
776290,2,bottom,3,3,2,1,0,1,0
776290,3,top,1,0,1,1,0,1,0
776290,3,top,2,0,0,1,0,1,0
776290,3,top,3,3,3,1,0,1,0
776290,3,bottom,0,4,2,1,0,1,0
776290,3,bottom,1,0,0,1,0,1,0
776290,3,bottom,2,2,2,1,0,1,0
776290,3,bottom,3,2,3,1,0,1,0
776290,4,top,0,4,1,1,0,1,0
776290,4,top,0,1,2,1,0,1,0
776290,4,top,1,1,1,1,1,0,0
776290,4,top,2,1,3,1,1,0,0
776290,4,top,2,1,2,1,1,0,0
776290,4,top,3,2,1,1,1,0,0
776290,4,bottom,1,0,3,1,1,0,0
776290,4,bottom,1,0,0,1,1,0,0
776290,4,bottom,2,2,2,1,1,0,0
776290,4,bottom,3,3,2,1,1,0,0
776290,5,top,1,1,3,1,1,0,0
776290,5,top,2,1,1,1,1,0,0
776290,5,top,3,0,1,1,1,0,0
776290,5,bottom,1,0,0,1,1,0,0
776290,5,bottom,2,0,0,1,1,0,0
776290,5,bottom,2,1,1,1,1,0,0
776290,5,bottom,2,4,2,1,1,0,0
776290,5,bottom,3,3,3,1,1,0,0
776290,6,top,0,1,1,1,1,0,0
776290,6,top,1,0,2,1,1,0,0
776290,6,top,2,1,2,1,1,0,0
776290,6,top,3,1,0,1,1,0,0
776290,6,bottom,1,0,3,1,1,0,0
776290,6,bottom,2,0,1,1,1,0,0
776290,6,bottom,3,0,0,1,1,0,0
776290,7,top,1,2,2,1,1,0,0
776290,7,top,2,3,2,1,1,0,0
776290,7,top,3,0,0,1,1,0,0
776290,7,bottom,1,1,2,1,1,0,0
776290,7,bottom,2,0,0,1,1,0,0
776290,7,bottom,2,0,1,1,1,0,0
776290,7,bottom,2,1,1,2,1,1,0
776290,7,bottom,2,4,0,2,1,1,0
776290,7,bottom,3,0,1,2,1,1,0
776290,8,top,1,1,3,2,1,1,0
776290,8,top,2,3,3,2,1,1,0
776290,8,top,3,0,2,2,1,1,0
776290,8,bottom,1,1,0,2,1,1,0
776290,8,bottom,2,2,2,2,1,1,0
776290,8,bottom,3,1,1,2,1,1,0
776290,9,top,1,0,0,2,1,1,0
776290,9,top,2,1,2,2,1,1,0
776290,9,top,3,2,3,2,1,1,0
776269,1,top,1,1,3,0,0,0,0
776269,1,top,1,2,2,0,0,0,0
776269,1,top,3,0,2,0,0,0,0
776269,1,bottom,0,0,2,0,0,0,0
776269,1,bottom,1,1,3,0,0,0,0
776269,1,bottom,2,4,2,0,0,0,0
776269,1,bottom,3,3,2,0,0,0,0
776269,2,top,1,0,0,0,0,0,0
776269,2,top,1,4,2,0,0,0,0
776269,2,top,2,2,3,0,0,0,0
776269,2,top,3,0,2,0,0,0,0
776269,2,bottom,1,2,2,0,0,0,0
776269,2,bottom,2,0,1,0,0,0,0
776269,2,bottom,2,2,0,0,0,0,0
776269,2,bottom,2,1,0,0,0,0,0
776269,2,bottom,2,1,0,0,0,0,0
776269,2,bottom,2,1,1,2,0,2,0
776269,2,bottom,2,3,1,3,0,3,0
776269,2,bottom,3,2,0,3,0,3,0
776269,3,top,1,1,2,3,0,3,0
776269,3,top,2,3,3,3,0,3,0
776269,3,top,3,1,2,3,0,3,0
776269,3,bottom,1,2,3,3,0,3,0
776269,3,bottom,1,0,0,3,0,3,0
776269,3,bottom,2,3,3,3,0,3,0
776269,3,bottom,2,4,2,3,0,3,0
776269,3,bottom,3,0,0,3,0,3,0
776269,4,top,1,2,2,3,0,3,0
776269,4,top,2,1,1,3,0,3,0
776269,4,top,3,3,2,3,0,3,0
776269,4,bottom,0,1,1,3,0,3,0
776269,4,bottom,1,2,0,3,0,3,0
776269,4,bottom,3,0,0,3,0,3,0
776269,5,top,1,2,0,3,0,3,0
776269,5,top,1,1,1,3,0,3,0
776269,5,top,2,0,2,3,0,3,0
776269,5,top,3,1,3,3,0,3,0
776269,5,bottom,1,1,0,3,0,3,0
776269,5,bottom,1,2,2,3,0,3,0
776269,5,bottom,1,0,0,3,0,3,0
776269,5,bottom,2,2,0,3,0,3,0
776269,5,bottom,3,3,3,3,0,3,0
776269,6,top,1,0,0,3,0,3,0
776269,6,top,2,1,3,3,0,3,0
776269,6,top,3,2,2,3,0,3,0
776269,6,bottom,0,0,1,4,0,4,0
776269,6,bottom,1,0,3,4,0,4,0
776269,6,bottom,1,2,2,4,0,4,0
776269,6,bottom,2,2,2,4,0,4,0
776269,6,bottom,3,0,2,4,0,4,0
776269,7,top,1,1,3,4,0,4,0
776269,7,top,2,3,2,4,0,4,0
776269,7,top,3,0,1,4,0,4,0
776269,7,bottom,1,3,2,4,0,4,0
776269,7,bottom,2,1,2,4,0,4,0
776269,7,bottom,3,0,2,4,0,4,0
776269,8,top,1,1,0,4,0,4,0
776269,8,top,1,0,2,4,0,4,0
776269,8,top,2,0,1,4,0,4,0
776269,8,top,3,1,2,4,0,4,0
776269,8,bottom,1,1,0,4,0,4,0
776269,8,bottom,2,2,0,4,0,4,0
776269,8,bottom,3,0,3,4,0,4,0
776269,9,top,1,3,2,4,0,4,0
776269,9,top,1,4,2,4,0,4,0
776269,9,top,1,1,0,4,0,4,0
776269,9,top,3,0,1,4,0,4,0
776260,1,top,0,2,2,0,1,-1,0
776260,1,top,1,1,0,0,1,-1,0
776260,1,top,2,2,1,0,1,-1,0
776260,1,top,3,1,1,0,1,-1,0
776260,1,bottom,0,2,2,0,1,-1,0
776260,1,bottom,0,3,2,1,1,0,0
776260,1,bottom,0,2,2,2,1,1,0
776260,1,bottom,0,4,2,2,1,1,0
776260,1,bottom,0,0,1,5,1,4,0
776260,1,bottom,0,0,1,5,1,4,0
776260,1,bottom,1,0,3,5,1,4,0
776260,1,bottom,1,2,2,7,1,6,0
776260,1,bottom,2,0,3,7,1,6,0
776260,1,bottom,2,2,2,7,1,6,0
776260,1,bottom,3,3,2,7,1,6,0
776260,2,top,1,1,2,7,1,6,0
776260,2,top,2,0,0,7,1,6,0
776260,2,top,3,1,1,7,1,6,0
776260,2,bottom,0,2,1,7,1,6,0
776260,2,bottom,1,1,0,7,1,6,0
776260,2,bottom,2,1,2,7,1,6,0
776260,2,bottom,3,1,0,7,1,6,0
776260,3,top,1,3,3,7,1,6,0
776260,3,top,2,1,2,7,1,6,0
776260,3,top,2,0,0,7,1,6,0
776260,3,top,3,3,2,7,1,6,0
776260,3,bottom,0,4,2,7,1,6,0
776260,3,bottom,0,0,1,7,1,6,0
776260,3,bottom,1,0,3,7,1,6,0
776260,3,bottom,1,1,2,9,1,8,0
776260,3,bottom,2,1,0,9,1,8,0
776260,3,bottom,2,1,2,10,1,9,0
776260,3,bottom,3,0,0,10,1,9,0
776260,4,top,1,1,0,10,1,9,0
776260,4,top,2,0,1,10,1,9,0
776260,4,top,2,4,2,10,1,9,0
776260,4,top,3,0,2,10,1,9,0
776260,4,bottom,0,1,0,10,1,9,0
776260,4,bottom,1,2,3,10,1,9,0
776260,4,bottom,2,1,3,10,1,9,0
776260,4,bottom,3,2,1,10,1,9,0
776260,5,top,0,3,1,10,1,9,0
776260,5,top,1,0,0,10,1,9,0
776260,5,top,2,0,1,10,1,9,0
776260,5,top,3,1,1,10,1,9,0
776260,5,bottom,0,0,0,10,1,9,0
776260,5,bottom,1,0,1,10,1,9,0
776260,5,bottom,2,1,0,10,1,9,0
776260,5,bottom,2,3,1,10,1,9,0
776260,5,bottom,2,4,2,10,1,9,0
776260,5,bottom,3,1,1,10,1,9,0
776260,6,top,1,1,0,10,1,9,0
776260,6,top,2,3,3,10,1,9,0
776260,6,top,3,2,3,10,1,9,0
776260,6,bottom,1,1,0,10,1,9,0
776260,6,bottom,2,0,3,10,1,9,0
776260,6,bottom,2,4,1,10,1,9,0
776260,6,bottom,2,4,2,10,1,9,0
776260,6,bottom,3,2,1,10,1,9,0
776260,7,top,1,0,1,10,1,9,0
776260,7,top,2,0,0,10,1,9,0
776260,7,top,2,4,2,10,1,9,0
776260,7,top,3,2,3,10,1,9,0
776260,7,bottom,0,1,1,10,1,9,0
776260,7,bottom,0,3,2,10,1,9,0
776260,7,bottom,1,0,1,10,1,9,0
776260,7,bottom,1,0,0,11,1,10,0
776260,7,bottom,2,1,1,11,1,10,0
776260,7,bottom,2,0,0,14,1,13,0
776260,7,bottom,2,0,0,14,1,13,0
776260,7,bottom,3,0,0,14,1,13,0
776260,8,top,1,1,2,14,1,13,0
776260,8,top,1,4,1,14,1,13,0
776260,8,top,2,1,1,14,1,13,0
776260,8,top,3,2,3,14,1,13,0
776260,8,bottom,1,0,1,14,1,13,0
776260,8,bottom,1,1,1,14,1,13,0
776260,8,bottom,1,0,1,14,1,13,0
776260,8,bottom,1,0,0,14,1,13,0
776260,8,bottom,1,0,0,16,1,15,0
776260,8,bottom,1,0,0,17,1,16,0
776260,8,bottom,1,0,1,18,1,17,0
776260,8,bottom,1,0,1,19,1,18,0
776260,8,bottom,1,0,0,20,1,19,0
776260,8,bottom,2,3,2,20,1,19,0
776260,8,bottom,3,0,0,20,1,19,0
776260,9,top,1,0,0,20,1,19,0
776260,9,top,2,1,0,20,1,19,0
776260,9,top,3,1,2,20,1,19,0
776245,1,top,1,1,1,0,0,0,0
776245,1,top,2,2,1,0,0,0,0
776245,1,top,3,3,2,0,0,0,0
776245,1,bottom,1,2,2,0,0,0,0
776245,1,bottom,2,1,2,0,0,0,0
776245,1,bottom,2,4,1,0,0,0,0
776245,1,bottom,3,1,0,0,0,0,0
776245,2,top,0,4,1,0,0,0,0
776245,2,top,1,1,3,0,0,0,0
776245,2,top,2,2,3,0,0,0,0
776245,2,top,3,1,1,0,0,0,0
776245,2,bottom,1,1,1,0,0,0,0
776245,2,bottom,2,2,2,0,0,0,0
776245,2,bottom,3,0,3,0,0,0,0
776245,3,top,1,0,0,0,0,0,0
776245,3,top,2,2,3,0,0,0,0
776245,3,top,2,1,1,0,0,0,0
776245,3,top,3,1,0,0,0,0,0
776245,3,bottom,1,1,1,0,0,0,0
776245,3,bottom,2,1,2,0,0,0,0
776245,3,bottom,3,0,0,0,0,0,0
776245,4,top,0,1,1,0,0,0,0
776245,4,top,2,1,2,0,0,0,0
776245,4,top,3,1,1,0,0,0,0
776245,4,bottom,0,2,0,1,0,1,0
776245,4,bottom,0,1,1,2,0,2,0
776245,4,bottom,1,2,2,2,0,2,0
776245,4,bottom,2,3,3,2,0,2,0
776245,4,bottom,3,0,1,2,0,2,0
776245,5,top,0,4,1,2,0,2,0
776245,5,top,1,1,2,2,0,2,0
776245,5,top,2,0,3,2,0,2,0
776245,5,top,3,2,1,2,0,2,0
776245,5,bottom,1,1,3,2,0,2,0
776245,5,bottom,2,0,0,2,0,2,0
776245,5,bottom,3,1,1,2,0,2,0
776245,6,top,1,1,3,2,0,2,0
776245,6,top,2,1,1,2,0,2,0
776245,6,top,3,3,2,2,0,2,0
776245,6,bottom,1,0,3,2,0,2,0
776245,6,bottom,1,2,2,2,0,2,0
776245,6,bottom,2,2,2,2,0,2,0
776245,6,bottom,3,1,1,2,0,2,0
776245,7,top,1,2,2,2,0,2,0
776245,7,top,2,1,2,2,0,2,0
776245,7,top,2,0,0,2,1,1,0
776245,7,top,2,4,1,2,1,1,0
776245,7,top,3,2,2,2,1,1,0
776245,7,bottom,0,0,0,2,1,1,0
776245,7,bottom,1,1,1,2,1,1,0
776245,7,bottom,1,1,2,2,1,1,0
776245,7,bottom,1,3,2,2,1,1,0
776245,7,bottom,2,0,3,2,1,1,0
776245,7,bottom,3,2,2,2,1,1,0
776245,8,top,1,1,2,2,1,1,0
776245,8,top,2,3,2,2,1,1,0
776245,8,top,2,4,2,2,1,1,0
776245,8,top,3,1,0,2,1,1,0
776245,8,bottom,1,1,2,2,1,1,0
776245,8,bottom,1,4,2,2,1,1,0
776245,8,bottom,2,1,0,2,1,1,0
776245,8,bottom,3,2,1,2,1,1,0
776245,9,top,1,2,2,2,1,1,0
776245,9,top,1,0,0,2,1,1,0
776245,9,top,2,1,1,2,1,1,0
776245,9,top,3,0,0,2,1,1,0
776229,1,top,0,0,1,0,0,0,1
776229,1,top,1,0,1,0,0,0,1
776229,1,top,2,2,0,0,0,0,1
776229,1,top,3,2,3,0,0,0,1
776229,1,bottom,0,4,1,0,0,0,1
776229,1,bottom,1,2,2,0,0,0,1
776229,1,bottom,2,1,1,0,0,0,1
776229,1,bottom,3,1,1,0,0,0,1
776229,2,top,0,4,2,0,0,0,1
776229,2,top,1,0,1,0,0,0,1
776229,2,top,1,0,2,0,0,0,1
776229,2,top,1,1,1,0,1,-1,1
776229,2,top,2,0,0,0,2,-2,1
776229,2,top,2,2,1,0,3,-3,1
776229,2,top,3,3,3,0,3,-3,1
776229,2,bottom,1,2,1,0,3,-3,1
776229,2,bottom,2,1,0,0,3,-3,1
776229,2,bottom,3,3,2,0,3,-3,1
776229,3,top,1,1,2,0,3,-3,1
776229,3,top,2,3,2,0,3,-3,1
776229,3,top,3,3,2,0,3,-3,1
776229,3,bottom,1,1,3,0,3,-3,1
776229,3,bottom,2,1,0,0,3,-3,1
776229,3,bottom,3,0,1,0,3,-3,1
776229,4,top,1,0,3,0,3,-3,1
776229,4,top,2,2,2,0,3,-3,1
776229,4,top,3,3,2,0,3,-3,1
776229,4,bottom,1,1,2,0,3,-3,1
776229,4,bottom,1,4,2,0,3,-3,1
776229,4,bottom,1,0,0,0,3,-3,1
776229,4,bottom,2,1,3,0,3,-3,1
776229,4,bottom,2,0,2,0,3,-3,1
776229,4,bottom,2,0,0,2,3,-1,1
776229,4,bottom,2,4,0,2,3,-1,1
776229,4,bottom,3,1,0,2,3,-1,1
776229,5,top,0,2,2,2,3,-1,1
776229,5,top,1,0,3,2,3,-1,1
776229,5,top,1,0,1,2,3,-1,1
776229,5,top,1,0,0,2,5,-3,1
776229,5,top,1,0,0,2,6,-4,1
776229,5,top,2,0,0,2,6,-4,1
776229,5,top,3,3,1,2,6,-4,1
776229,5,bottom,0,3,2,2,6,-4,1
776229,5,bottom,0,2,1,2,6,-4,1
776229,5,bottom,1,0,1,2,6,-4,1
776229,5,bottom,1,1,1,3,6,-3,1
776229,5,bottom,1,0,0,4,6,-2,1
776229,5,bottom,3,2,2,4,6,-2,1
776229,6,top,1,0,0,4,6,-2,1
776229,6,top,2,0,3,4,6,-2,1
776229,6,top,3,0,0,4,6,-2,1
776229,6,bottom,1,0,0,4,6,-2,1
776229,6,bottom,1,1,1,4,6,-2,1
776229,6,bottom,1,0,0,5,6,-1,1
776229,6,bottom,2,3,2,5,6,-1,1
776229,6,bottom,3,2,3,5,6,-1,1
776229,7,top,1,2,0,5,6,-1,1
776229,7,top,2,2,2,5,6,-1,1
776229,7,top,2,0,1,5,6,-1,1
776229,7,top,3,3,1,5,6,-1,1
776229,7,bottom,1,0,0,5,6,-1,1
776229,7,bottom,2,2,3,5,6,-1,1
776229,7,bottom,3,1,1,5,6,-1,1
776229,8,top,0,0,1,5,6,-1,1
776229,8,top,1,2,1,5,6,-1,1
776229,8,top,2,3,2,5,6,-1,1
776229,8,top,2,3,1,5,7,-2,1
776229,8,top,2,1,0,5,8,-3,1
776229,8,top,3,0,0,5,8,-3,1
776229,8,bottom,1,0,0,5,8,-3,1
776229,8,bottom,2,0,1,5,8,-3,1
776229,8,bottom,3,1,2,5,8,-3,1
776229,9,top,0,4,1,5,8,-3,1
776229,9,top,1,2,1,5,8,-3,1
776229,9,top,2,0,1,5,8,-3,1
776229,9,top,3,1,0,5,8,-3,1
776229,9,bottom,1,0,1,5,8,-3,1
776229,9,bottom,1,2,2,5,8,-3,1
776229,9,bottom,2,0,0,5,8,-3,1
776229,9,bottom,3,1,0,5,8,-3,1
776217,1,top,1,0,3,0,0,0,0
776217,1,top,2,1,0,0,0,0,0
776217,1,top,3,2,1,0,0,0,0
776217,1,bottom,0,0,1,0,0,0,0
776217,1,bottom,1,0,0,0,0,0,0
776217,1,bottom,2,1,2,0,0,0,0
776217,1,bottom,3,1,0,0,0,0,0
776217,2,top,0,0,0,0,0,0,0
776217,2,top,1,3,3,0,0,0,0
776217,2,top,2,0,2,0,0,0,0
776217,2,top,2,2,1,0,1,-1,0
776217,2,top,2,1,0,0,1,-1,0
776217,2,top,3,2,0,0,1,-1,0
776217,2,bottom,1,3,2,0,1,-1,0
776217,2,bottom,1,4,2,0,1,-1,0
776217,2,bottom,2,1,3,0,1,-1,0
776217,2,bottom,2,4,2,0,1,-1,0
776217,2,bottom,2,0,2,0,1,-1,0
776217,2,bottom,3,2,3,0,1,-1,0
776217,3,top,1,0,3,0,1,-1,0
776217,3,top,2,1,3,0,1,-1,0
776217,3,top,3,0,0,0,1,-1,0
776217,3,bottom,1,2,2,0,1,-1,0
776217,3,bottom,1,4,1,0,1,-1,0
776217,3,bottom,2,3,1,0,1,-1,0
776217,3,bottom,3,2,2,0,1,-1,0
776217,4,top,0,1,2,0,1,-1,0
776217,4,top,1,0,3,0,1,-1,0
776217,4,top,2,1,3,0,1,-1,0
776217,4,top,2,4,1,0,1,-1,0
776217,4,top,3,0,0,0,1,-1,0
776217,4,bottom,0,1,2,0,1,-1,0
776217,4,bottom,0,0,1,0,1,-1,0
776217,4,bottom,1,0,1,1,1,0,0
776217,4,bottom,2,3,1,1,1,0,0
776217,4,bottom,2,1,2,1,1,0,0
776217,4,bottom,3,0,3,1,1,0,0
776217,5,top,1,0,1,1,1,0,0
776217,5,top,2,2,1,1,1,0,0
776217,5,top,2,0,0,1,1,0,0
776217,5,top,3,2,3,1,1,0,0
776217,5,bottom,1,0,0,1,1,0,0
776217,5,bottom,2,1,2,1,1,0,0
776217,5,bottom,2,4,2,1,1,0,0
776217,5,bottom,2,4,1,1,1,0,0
776217,5,bottom,3,3,3,1,1,0,0
776217,6,top,1,1,1,1,1,0,0
776217,6,top,1,1,2,1,1,0,0
776217,6,top,1,1,0,1,1,0,0
776217,6,top,1,0,1,1,2,-1,0
776217,6,top,2,3,1,1,2,-1,0
776217,6,top,2,1,2,1,4,-3,0
776217,6,top,3,0,2,1,4,-3,0
776217,6,bottom,1,1,2,1,4,-3,0
776217,6,bottom,2,0,1,1,4,-3,0
776217,6,bottom,3,3,2,1,4,-3,0
776217,7,top,1,1,2,1,4,-3,0
776217,7,top,2,1,0,1,4,-3,0
776217,7,top,3,1,0,1,4,-3,0
776217,7,bottom,1,0,3,1,4,-3,0
776217,7,bottom,2,1,3,1,4,-3,0
776217,7,bottom,3,0,1,1,4,-3,0
776217,8,top,0,4,2,1,4,-3,0
776217,8,top,1,0,3,1,4,-3,0
776217,8,top,1,4,1,1,4,-3,0
776217,8,top,3,1,1,1,4,-3,0
776217,8,bottom,1,1,2,1,4,-3,0
776217,8,bottom,2,1,2,1,4,-3,0
776217,8,bottom,3,0,2,1,4,-3,0
776217,9,top,1,3,2,1,4,-3,0
776217,9,top,2,1,3,1,4,-3,0
776217,9,top,3,1,2,1,4,-3,0
776217,9,bottom,1,3,2,1,4,-3,0
776217,9,bottom,2,0,1,1,4,-3,0
776217,9,bottom,3,2,0,1,4,-3,0
776206,1,top,1,1,3,0,0,0,0
776206,1,top,1,0,2,0,0,0,0
776206,1,top,1,3,2,0,0,0,0
776206,1,top,1,0,0,0,1,-1,0
776206,1,top,1,1,1,0,3,-3,0
776206,1,top,1,0,2,0,3,-3,0
776206,1,top,2,0,2,0,3,-3,0
776206,1,top,3,1,2,0,3,-3,0
776206,1,bottom,1,1,3,0,3,-3,0
776206,1,bottom,1,3,2,0,3,-3,0
776206,1,bottom,2,0,0,0,3,-3,0
776206,1,bottom,3,1,2,0,3,-3,0
776206,2,top,1,1,2,0,3,-3,0
776206,2,top,2,0,1,0,3,-3,0
776206,2,top,2,2,1,0,3,-3,0
776206,2,top,3,0,0,0,3,-3,0
776206,2,bottom,1,2,3,0,3,-3,0
776206,2,bottom,2,0,2,0,3,-3,0
776206,2,bottom,3,1,0,0,3,-3,0
776206,3,top,1,0,1,0,3,-3,0
776206,3,top,2,2,3,0,3,-3,0
776206,3,top,2,3,2,0,3,-3,0
776206,3,top,3,1,1,0,3,-3,0
776206,3,bottom,0,0,2,0,3,-3,0
776206,3,bottom,1,0,0,0,3,-3,0
776206,3,bottom,3,2,2,0,3,-3,0
776206,4,top,0,0,0,0,3,-3,0
776206,4,top,1,2,3,0,3,-3,0
776206,4,top,2,1,3,0,3,-3,0
776206,4,top,2,1,2,0,3,-3,0
776206,4,top,3,0,1,0,3,-3,0
776206,4,bottom,1,1,1,0,3,-3,0
776206,4,bottom,2,2,0,0,3,-3,0
776206,4,bottom,3,0,0,0,3,-3,0
776206,5,top,0,0,1,0,4,-4,0
776206,5,top,1,0,2,0,4,-4,0
776206,5,top,2,0,0,0,4,-4,0
776206,5,top,3,2,3,0,4,-4,0
776206,5,bottom,1,1,3,0,4,-4,0
776206,5,bottom,2,0,1,0,4,-4,0
776206,5,bottom,2,2,1,0,4,-4,0
776206,5,bottom,3,0,0,0,4,-4,0
776206,6,top,1,0,0,0,4,-4,0
776206,6,top,2,2,2,0,4,-4,0
776206,6,top,3,1,0,0,4,-4,0
776206,6,bottom,1,1,3,0,4,-4,0
776206,6,bottom,2,2,2,0,4,-4,0
776206,6,bottom,3,3,1,0,4,-4,0
776206,7,top,1,1,3,0,4,-4,0
776206,7,top,2,0,1,0,4,-4,0
776206,7,top,3,0,1,0,4,-4,0
776206,7,bottom,1,1,3,0,4,-4,0
776206,7,bottom,2,1,2,0,4,-4,0
776206,7,bottom,3,3,2,0,4,-4,0
776206,8,top,0,0,1,0,4,-4,0
776206,8,top,0,4,2,0,4,-4,0
776206,8,top,1,2,3,0,4,-4,0
776206,8,top,2,1,1,0,4,-4,0
776206,8,top,2,1,2,0,7,-7,0
776206,8,top,2,4,2,0,7,-7,0
776206,8,top,3,2,3,0,7,-7,0
776206,8,bottom,1,2,2,0,7,-7,0
776206,8,bottom,2,2,0,0,7,-7,0
776206,8,bottom,3,0,3,0,7,-7,0
776206,9,top,0,4,1,0,7,-7,0
776206,9,top,2,0,2,0,7,-7,0
776206,9,top,3,1,1,0,7,-7,0
776206,9,bottom,0,2,1,1,7,-6,0
776206,9,bottom,1,2,3,1,7,-6,0
776206,9,bottom,2,0,1,1,7,-6,0
776206,9,bottom,2,4,2,1,7,-6,0
776206,9,bottom,3,1,2,1,7,-6,0
776186,1,top,1,0,1,0,0,0,1
776186,1,top,2,3,2,0,0,0,1
776186,1,top,3,2,3,0,0,0,1
776186,1,bottom,1,1,3,0,0,0,1
776186,1,bottom,1,2,2,0,0,0,1
776186,1,bottom,2,0,0,0,0,0,1
776186,1,bottom,3,0,0,0,0,0,1
776186,2,top,1,0,1,0,0,0,1
776186,2,top,2,2,3,0,0,0,1
776186,2,top,3,0,3,0,0,0,1
776186,2,bottom,0,3,2,0,0,0,1
776186,2,bottom,1,1,1,0,0,0,1
776186,2,bottom,2,0,1,0,0,0,1
776186,2,bottom,3,1,0,0,0,0,1
776186,3,top,1,1,1,0,0,0,1
776186,3,top,2,0,1,0,0,0,1
776186,3,top,3,2,3,0,0,0,1
776186,3,bottom,1,2,1,0,0,0,1
776186,3,bottom,1,4,2,0,0,0,1
776186,3,bottom,2,0,1,0,0,0,1
776186,3,bottom,2,2,1,0,0,0,1
776186,3,bottom,2,4,0,0,0,0,1
776186,3,bottom,3,1,3,0,0,0,1
776186,4,top,1,2,2,0,0,0,1
776186,4,top,2,2,1,0,0,0,1
776186,4,top,3,2,2,0,0,0,1
776186,4,bottom,1,2,3,0,0,0,1
776186,4,bottom,2,0,1,0,0,0,1
776186,4,bottom,3,0,1,0,0,0,1
776186,5,top,1,1,2,0,0,0,1
776186,5,top,2,1,1,0,0,0,1
776186,5,top,3,3,2,0,0,0,1
776186,5,bottom,0,1,2,0,0,0,1
776186,5,bottom,2,0,0,0,0,0,1
776186,5,bottom,3,1,2,0,0,0,1
776186,6,top,1,2,3,0,0,0,1
776186,6,top,2,1,3,0,0,0,1
776186,6,top,3,0,0,0,0,0,1
776186,6,bottom,0,2,2,0,0,0,1
776186,6,bottom,0,4,1,0,0,0,1
776186,6,bottom,0,4,2,0,0,0,1
776186,6,bottom,0,0,2,4,0,4,1
776186,6,bottom,1,3,1,4,0,4,1
776186,6,bottom,1,0,1,4,0,4,1
776186,6,bottom,2,0,0,4,0,4,1
776186,6,bottom,2,1,2,6,0,6,1
776186,6,bottom,3,0,1,6,0,6,1
776186,7,top,0,0,0,6,0,6,1
776186,7,top,0,0,1,6,1,5,1
776186,7,top,2,1,2,6,1,5,1
776186,7,top,2,4,0,6,1,5,1
776186,7,top,3,3,3,6,1,5,1
776186,7,bottom,1,1,2,6,1,5,1
776186,7,bottom,2,1,2,6,1,5,1
776186,7,bottom,2,4,1,6,1,5,1
776186,7,bottom,2,0,0,6,1,5,1
776186,7,bottom,3,0,1,6,1,5,1
776186,8,top,1,1,2,6,1,5,1
776186,8,top,1,3,1,6,1,5,1
776186,8,top,3,2,1,6,1,5,1
776186,8,bottom,1,1,3,6,1,5,1
776186,8,bottom,2,2,3,6,1,5,1
776186,8,bottom,3,2,1,6,1,5,1
776186,9,top,1,2,3,6,1,5,1
776186,9,top,1,2,2,6,1,5,1
776186,9,top,2,0,0,6,1,5,1
776186,9,top,2,4,2,6,1,5,1
776186,9,top,2,1,1,6,1,5,1
776186,9,top,3,2,0,6,1,5,1
776177,1,top,1,1,1,0,0,0,1
776177,1,top,2,2,3,0,0,0,1
776177,1,top,3,2,2,0,0,0,1
776177,1,bottom,0,1,0,0,0,0,1
776177,1,bottom,0,1,0,1,0,1,1
776177,1,bottom,2,1,1,1,0,1,1
776177,1,bottom,3,0,0,1,0,1,1
776177,2,top,0,1,2,1,1,0,1
776177,2,top,0,3,2,1,2,-1,1
776177,2,top,0,1,1,1,2,-1,1
776177,2,top,1,1,2,1,2,-1,1
776177,2,top,2,1,3,1,2,-1,1
776177,2,top,3,0,0,1,2,-1,1
776177,2,bottom,1,2,3,1,2,-1,1
776177,2,bottom,1,0,2,1,2,-1,1
776177,2,bottom,2,1,3,1,2,-1,1
776177,2,bottom,2,1,2,2,2,0,1
776177,2,bottom,2,4,2,2,2,0,1
776177,2,bottom,3,1,0,2,2,0,1
776177,3,top,1,1,1,2,2,0,1
776177,3,top,2,0,0,2,2,0,1
776177,3,top,3,3,2,2,2,0,1
776177,3,bottom,1,1,2,2,2,0,1
776177,3,bottom,2,1,3,2,2,0,1
776177,3,bottom,2,4,2,2,2,0,1
776177,3,bottom,3,2,2,2,2,0,1
776177,4,top,0,4,2,2,2,0,1
776177,4,top,1,1,1,2,2,0,1
776177,4,top,2,2,2,2,2,0,1
776177,4,top,2,1,2,2,2,0,1
776177,4,top,3,2,3,2,2,0,1
776177,4,bottom,1,1,0,2,2,0,1
776177,4,bottom,2,2,2,2,2,0,1
776177,4,bottom,3,0,1,2,2,0,1
776177,5,top,1,0,2,2,2,0,1
776177,5,top,2,2,1,2,2,0,1
776177,5,top,2,4,1,2,2,0,1
776177,5,top,2,0,0,2,2,0,1
776177,5,top,3,1,2,2,2,0,1
776177,5,bottom,1,2,2,2,2,0,1
776177,5,bottom,1,1,1,2,2,0,1
776177,5,bottom,1,1,0,4,2,2,1
776177,5,bottom,1,0,0,4,2,2,1
776177,5,bottom,2,0,3,4,2,2,1
776177,5,bottom,3,2,3,4,2,2,1
776177,6,top,1,2,3,4,2,2,1
776177,6,top,2,1,3,4,2,2,1
776177,6,top,3,0,2,4,2,2,1
776177,6,bottom,1,0,2,4,2,2,1
776177,6,bottom,2,1,2,4,2,2,1
776177,6,bottom,3,0,1,4,2,2,1
776177,7,top,1,3,3,4,2,2,1
776177,7,top,2,0,3,4,2,2,1
776177,7,top,3,2,2,4,2,2,1
776177,7,bottom,1,1,1,4,2,2,1
776177,7,bottom,1,4,2,4,2,2,1
776177,7,bottom,2,0,0,4,2,2,1
776177,7,bottom,3,2,2,4,2,2,1
776177,8,top,1,1,1,4,2,2,1
776177,8,top,2,1,3,4,2,2,1
776177,8,top,2,3,1,4,2,2,1
776177,8,top,2,4,2,4,2,2,1
776177,8,top,3,2,1,4,2,2,1
776177,8,bottom,1,3,3,4,2,2,1
776177,8,bottom,2,0,2,4,2,2,1
776177,8,bottom,3,1,3,4,2,2,1
776177,9,top,0,4,1,4,2,2,1
776177,9,top,1,1,2,4,2,2,1
776177,9,top,1,4,2,4,2,2,1
776177,9,top,2,0,2,4,2,2,1
776177,9,top,3,2,2,4,2,2,1
776159,1,top,1,0,1,0,0,0,1
776159,1,top,1,2,2,0,0,0,1
776159,1,top,2,3,3,0,0,0,1
776159,1,top,2,1,1,0,0,0,1
776159,1,top,3,2,3,0,0,0,1
776159,1,bottom,0,4,2,0,0,0,1
776159,1,bottom,2,2,3,0,0,0,1
776159,1,bottom,3,2,1,0,0,0,1
776159,2,top,1,0,0,0,0,0,1
776159,2,top,2,0,2,0,0,0,1
776159,2,top,3,0,0,0,0,0,1
776159,2,bottom,0,2,2,0,0,0,1
776159,2,bottom,0,4,1,0,0,0,1
776159,2,bottom,1,1,3,0,0,0,1
776159,2,bottom,2,0,2,0,0,0,1
776159,2,bottom,2,0,0,2,0,2,1
776159,2,bottom,2,0,0,3,0,3,1
776159,2,bottom,3,0,3,3,0,3,1
776159,3,top,0,2,2,3,0,3,1
776159,3,top,1,2,2,3,0,3,1
776159,3,top,1,0,0,3,0,3,1
776159,3,top,2,1,3,3,0,3,1
776159,3,top,2,4,2,3,0,3,1
776159,3,top,3,2,3,3,0,3,1
776159,3,bottom,1,3,3,3,0,3,1
776159,3,bottom,2,1,1,3,0,3,1
776159,3,bottom,3,1,1,3,0,3,1
776159,4,top,1,2,2,3,0,3,1
776159,4,top,2,1,2,3,0,3,1
776159,4,top,2,1,2,3,0,3,1
776159,4,top,3,0,0,3,0,3,1
776159,4,bottom,0,4,2,3,0,3,1
776159,4,bottom,2,1,1,3,0,3,1
776159,4,bottom,3,3,3,3,0,3,1
776159,5,top,0,3,1,3,0,3,1
776159,5,top,2,0,2,3,0,3,1
776159,5,top,2,4,2,3,0,3,1
776159,5,top,3,2,3,3,0,3,1
776159,5,bottom,0,1,0,3,0,3,1
776159,5,bottom,1,1,2,3,0,3,1
776159,5,bottom,2,2,2,3,0,3,1
776159,5,bottom,2,2,1,4,0,4,1
776159,5,bottom,3,3,2,4,0,4,1
776159,6,top,0,3,1,4,1,3,1
776159,6,top,0,4,1,4,1,3,1
776159,6,top,1,0,2,4,1,3,1
776159,6,top,2,0,3,4,1,3,1
776159,6,top,3,1,3,4,1,3,1
776159,6,bottom,1,2,1,4,1,3,1
776159,6,bottom,2,1,1,4,1,3,1
776159,6,bottom,3,1,0,4,1,3,1
776159,7,top,1,2,1,4,1,3,1
776159,7,top,2,1,3,4,1,3,1
776159,7,top,3,0,3,4,1,3,1
776159,7,bottom,0,0,0,5,1,4,1
776159,7,bottom,1,1,1,5,1,4,1
776159,7,bottom,2,1,3,5,1,4,1
776159,7,bottom,2,0,0,5,1,4,1
776159,7,bottom,3,0,3,5,1,4,1
776159,8,top,0,1,1,5,1,4,1
776159,8,top,2,0,1,5,1,4,1
776159,8,top,3,1,3,5,1,4,1
776159,8,bottom,1,0,3,5,1,4,1
776159,8,bottom,2,1,1,5,1,4,1
776159,8,bottom,3,3,2,5,1,4,1
776159,9,top,1,0,3,5,1,4,1
776159,9,top,1,4,2,5,1,4,1
776159,9,top,2,3,3,5,1,4,1
776159,9,top,3,3,2,5,1,4,1
776145,1,top,0,0,2,0,0,0,1
776145,1,top,1,2,2,0,0,0,1
776145,1,top,1,0,1,0,1,-1,1
776145,1,top,3,1,2,0,1,-1,1
776145,1,bottom,0,4,2,0,1,-1,1
776145,1,bottom,0,4,2,0,1,-1,1
776145,1,bottom,0,2,2,1,1,0,1
776145,1,bottom,1,2,3,1,1,0,1
776145,1,bottom,1,1,0,1,1,0,1
776145,1,bottom,1,2,2,5,1,4,1
776145,1,bottom,2,1,3,5,1,4,1
776145,1,bottom,3,0,3,5,1,4,1
776145,2,top,1,0,1,5,1,4,1
776145,2,top,2,2,3,5,1,4,1
776145,2,top,3,2,2,5,1,4,1
776145,2,bottom,1,0,3,5,1,4,1
776145,2,bottom,1,1,2,5,1,4,1
776145,2,bottom,2,2,3,5,1,4,1
776145,2,bottom,3,1,0,5,1,4,1
776145,3,top,1,1,3,5,1,4,1
776145,3,top,1,4,1,5,1,4,1
776145,3,top,1,3,2,5,1,4,1
776145,3,top,1,2,1,5,1,4,1
776145,3,top,1,1,0,5,3,2,1
776145,3,top,2,0,2,5,3,2,1
776145,3,top,2,2,2,5,4,1,1
776145,3,top,3,1,3,5,4,1,1
776145,3,bottom,1,2,3,5,4,1,1
776145,3,bottom,2,0,0,5,4,1,1
776145,3,bottom,2,3,2,5,4,1,1
776145,3,bottom,3,0,3,5,4,1,1
776145,4,top,1,1,3,5,4,1,1
776145,4,top,1,0,0,5,4,1,1
776145,4,top,1,1,1,5,4,1,1
776145,4,top,2,1,3,5,4,1,1
776145,4,top,2,4,1,5,4,1,1
776145,4,top,3,2,3,5,4,1,1
776145,4,bottom,0,1,0,5,4,1,1
776145,4,bottom,1,2,0,5,4,1,1
776145,4,bottom,1,0,0,5,4,1,1
776145,4,bottom,2,0,1,6,4,2,1
776145,4,bottom,3,1,3,6,4,2,1
776145,5,top,1,0,3,6,4,2,1
776145,5,top,2,2,1,6,4,2,1
776145,5,top,3,3,2,6,4,2,1
776145,5,bottom,0,4,0,6,4,2,1
776145,5,bottom,1,0,0,6,4,2,1
776145,5,bottom,1,2,2,8,4,4,1
776145,5,bottom,1,1,2,8,4,4,1
776145,5,bottom,2,3,1,8,4,4,1
776145,5,bottom,3,0,1,8,4,4,1
776145,6,top,1,1,3,8,4,4,1
776145,6,top,2,1,3,8,4,4,1
776145,6,top,2,4,1,8,4,4,1
776145,6,top,2,0,2,8,4,4,1
776145,6,top,3,1,1,8,4,4,1
776145,6,bottom,1,1,2,8,4,4,1
776145,6,bottom,2,2,3,8,4,4,1
776145,6,bottom,3,1,0,8,4,4,1
776145,7,top,1,3,3,8,4,4,1
776145,7,top,2,1,3,8,4,4,1
776145,7,top,2,4,1,8,4,4,1
776145,7,top,3,2,3,8,4,4,1
776145,7,bottom,1,2,2,8,4,4,1
776145,7,bottom,1,0,0,8,4,4,1
776145,7,bottom,2,0,1,8,4,4,1
776145,7,bottom,2,3,2,10,4,6,1
776145,7,bottom,2,4,2,10,4,6,1
776145,7,bottom,2,2,1,11,4,7,1
776145,7,bottom,2,2,1,13,4,9,1
776145,7,bottom,2,0,1,13,4,9,1
776145,7,bottom,3,1,3,13,4,9,1
776145,8,top,1,2,2,13,4,9,1
776145,8,top,2,1,2,13,4,9,1
776145,8,top,3,2,3,13,4,9,1
776145,8,bottom,0,0,0,13,4,9,1
776145,8,bottom,1,3,3,13,4,9,1
776145,8,bottom,2,2,3,13,4,9,1
776145,8,bottom,3,1,2,13,4,9,1
776145,9,top,1,3,3,13,4,9,1
776145,9,top,2,1,1,13,4,9,1
776145,9,top,3,0,0,13,4,9,1
